Alabama,Alaska,Arizona,Arkansas,California,Colorado,Connecticut,Delaware,Florida,Georgia,Hawaii,Idaho,Illinois,Indiana,Iowa,Kansas,Kentucky,Louisiana,Maine,Maryland,Massachusetts,Michigan,Minnesota,Mississippi,Missouri,Montana,Nebraska,Nevada,New Hampshire,New Jersey,New Mexico,New York,North Carolina,North Dakota,Ohio,Oklahoma,Oregon,Pennsylvania,Rhode Island,South Carolina,South Dakota,Tennessee,Texas,Utah,Vermont,Virginia,Washington,West Virginia,Wisconsin,Wyoming
1067.0,2149.655172413793,4013.866666666667,5075.0,6058.0,8062.234375,9008.0,10003.0,12067.910447761195,13161.490566037735,15005.0,16044.0,17102.0,18092.0,19099.0,20105.0,21120.0,22064.0,23016.0,24046.869565217392,25014.0,26083.0,27087.0,28082.0,29117.71304347826,30056.0,31093.0,32045.529411764706,33010.0,34021.0,35030.15151515151,36062.0,37100.0,38053.0,39088.0,40077.0,41036.0,42067.0,44005.0,45046.0,46067.954545454544,47095.0,48254.0,49029.0,50014.0,51263.99248120301,53039.0,54055.0,55071.09722222222,56023.0
32.88383986544409,60.31248873183394,33.67604196250694,34.912019770778706,37.84715031306901,38.935377010900524,41.61442025943496,39.107830501013865,28.94624420902746,32.80868577356992,20.976305689499,44.26368026584509,39.84369126422727,39.837435096624354,42.029893142965,38.48541131755953,37.62167932117985,31.09789985217802,44.700130540250065,38.9915639201955,42.11225986029915,44.03872811700396,45.551714683981146,32.792900862013575,38.451212928114245,46.97423969757081,41.321825844800664,39.25609010737596,43.48000505182924,40.28669145162236,34.549381013876484,42.54415320566946,35.62685033499883,47.39354111191271,40.31029409626596,35.502120032724896,44.49226530122972,40.817777174521204,41.659386133989685,33.9577219612512,44.272735411809606,35.88511038916972,31.661377183381994,39.635114323456584,44.15991017276968,37.56675131293015,47.23138800476096,38.813994294301054,44.3938414205826,43.08688863031539
-86.70992319595045,-147.67333105640367,-111.46283179782918,-92.43373587520837,-120.72773619221879,-105.48591681386101,-72.65751549645952,-75.53714219251152,-82.69847608531092,-83.57769853000114,-157.33806995154174,-114.45997179396005,-89.1780279888108,-86.21875744020261,-93.46580900814229,-98.08461538108398,-85.20010951425678,-91.82787837551135,-69.53409354206812,-76.58531094772957,-71.46781510869621,-85.17870176969652,-94.43133635454467,-89.64640004836744,-92.48177466515571,-109.70016771477745,-99.03914312112275,-117.56441706405052,-71.57761220796385,-74.62262692954805,-105.88657224719189,-75.47427294658193,-79.50885269628031,-100.24971266473065,-82.83590633704192,-97.25167627105255,-121.4770445975606,-77.61601950441292,-71.45933511678992,-80.98372385639935,-99.31042338908661,-86.10820477527619,-98.6542188257231,-111.59623024141275,-72.68382708728548,-78.51436394911758,-120.71880050356664,-80.61756771100895,-89.79881285921151,-107.153087577636
72256.17910447762,25408.793103448275,448571.8,39579.62666666666,666451.8275862068,83738.984375,448571.25,311565.0,297529.1194029851,63517.735849056604,353395.5,37170.068181818184,125996.90196078431,71625.84782608696,31379.68686868687,27602.780952380952,36766.575,72588.59375,83120.1875,255949.65217391305,481581.64285714284,119392.77108433735,62653.65517241379,36453.560975609755,52692.617391304346,18274.839285714286,20228.59139784946,167010.11764705883,132750.3,424545.5238095238,63111.181818181816,317700.9193548387,99408.28,13889.849056603774,131669.7840909091,50332.32467532468,110618.52777777778,190805.62686567163,210898.2,105100.10869565218,12894.818181818182,68926.41052631578,106127.6968503937,101669.89655172414,44732.07142857143,62483.466165413534,181362.71794871794,33565.30909090909,79927.75,25349.08695652174
755.9167709158058,19677.17274131801,7572.710164092181,693.8073664913438,2686.0790041579253,1619.3922890001036,605.3422188816744,649.5773280918946,800.5807636440541,362.2313008085441,1602.6170514209261,1878.2362470283922,544.2853308946789,389.41972935823026,564.2067333713628,778.6509955234342,329.0434595625785,675.1048516803453,1927.7402462651419,403.7146855562558,557.2125567173501,681.2851254963492,915.2492775300087,572.231102401931,597.7955275141585,2599.0522077807377,826.0619335073362,6457.654220794606,895.2700354177393,350.26355359728075,3675.800582203526,760.0794567613947,486.18466232061394,1301.9054421314086,464.34523243881245,890.8612786509486,2666.2945882436866,667.7964078298036,206.78841070399002,653.5340467768444,1148.6441346574466,434.05043154329707,1028.5414643478252,2834.328411349508,658.3995401570406,296.8553066699504,1703.9316500849523,437.10675616845253,752.2211008186774,4221.352799117488
91.31092213844748,7.934702460231617,54.58803655168507,55.207620402964395,694.4310689169945,158.90639821407402,725.3161217840304,604.300757689039,356.47264423109766,201.4528602985618,486.2317828163668,36.623449875984626,196.49582525235468,180.52706911505226,54.26899433622688,50.33208912512656,119.40005434619881,162.38079770585279,91.05001854405558,851.8366588344791,1640.139192276221,189.51163484189493,135.23041009765973,62.742560692258316,132.43975145766538,7.583658930732686,43.99047894727926,49.04594885837085,185.46639839985534,2269.237663650922,36.19748861737163,3125.4403687740405,203.20140098542885,9.167477209072477,292.2914746686255,70.88398959806972,116.0196032528551,472.56987660451233,1149.6331519709618,146.65876330676866,14.610449700338823,143.75465970209845,112.16313170125656,124.6293678837634,72.81377423128043,882.5736904954928,137.07396243725887,96.94968723391466,166.31467370114282,6.572498309935529
23.81642921595522,16.914579118689655,19.875900269800006,23.30301673201334,16.186063267551727,14.448558723453123,11.817604782125,17.856453074666664,20.095058171895523,20.098915998716983,13.085738415,15.539112304863636,15.377447465441179,18.171589136380426,13.65760234506061,15.982225822636188,22.89362110064167,22.36997865051563,13.674059597031249,13.787200975639132,13.154396011428572,15.211250910156625,12.53154012654138,25.158131624341454,19.98335122869565,14.54942358846429,14.112269398935481,18.126347283647057,12.37277934152,16.52790728638095,22.12597173563636,15.057739434016128,18.449693763459994,14.236049240000002,17.148393888840914,20.542583912246762,15.460965682333331,16.00521566362687,13.4602498244,19.961804177717394,13.662557314839393,21.353385691242107,20.60277724823227,13.491315191600002,12.336808666357143,16.71366835307669,16.296552136205126,23.073259324799995,13.237409340981948,14.039427545086955
4.966113642055222,3.6104308072275866,4.357918672639999,4.763351925842667,3.9506044610896547,3.7496153750562495,3.5478036916500004,4.327972398533333,4.493020429804478,4.066324645925788,3.4323559812499997,3.9399181290704535,4.01400899307549,4.526034422538043,3.5293769217838373,3.6576391386095235,4.963973155002498,5.043880483359379,4.18947603940625,3.898187757913044,3.958794038242857,4.335976203389155,3.1713456025356312,4.720629088879269,4.559214656478258,3.710037968955356,3.402556890103227,4.285598129564707,3.9612278409199995,3.982911002719048,4.477629035384847,4.117139921172581,4.226666449948,3.211287638718867,4.390961306455681,4.633775197476623,4.523255812825001,4.368420267985074,4.16391580198,4.54467826199348,3.1355250676196973,4.769026522206315,4.060520532585433,3.8620290745793096,4.119302497892858,3.9684471202052607,4.257366083710257,5.375159629,3.658944538049999,3.538298402273914
10.66066353453433,6.282864058332759,7.336355273413333,8.931599046868,6.636773175666377,9.706887961642192,7.4013802051,8.615977715533333,8.539082605456716,9.99864105226195,8.0177016515,7.002336727170455,7.766052885015686,7.568749785291302,6.330214473532323,6.832019043321903,8.909991467641666,10.94215579174375,7.18850965656875,8.241564685913044,7.070808912821429,7.355219337363247,6.0982784390143685,12.26594713679878,7.923842808285221,7.657100330127678,6.823837629405918,8.195195034711766,6.94362635601,7.862914220233333,9.051868863487881,7.216975904685486,9.312601403525,6.752944614449055,7.6524286454125,7.738633826894808,6.768425681500001,7.577074115350744,6.65684224358,10.499181027650001,6.459343575854544,8.86146316619474,8.051993209021063,7.456204413899999,6.587232728935715,8.590414894666166,6.350536606666665,9.22939882588909,6.50092747959653,8.08953163786739
19.989231406417904,20.80644940296551,16.483911067199998,20.388848681840003,12.091599764922414,14.297497555656252,11.873619917375,16.0504396,19.19111622446269,18.262633206094335,12.60210557075,14.14848320545454,15.835976645117645,19.932077398858695,15.843847157606065,16.185360831514288,22.291081305466676,21.792924282718747,16.12272784325,14.34963867124348,13.27009479775,17.56622938451807,14.983851824149426,20.342772022158538,20.460137124504357,16.868997745375005,14.624568978645161,17.55061974723529,14.846272716800001,14.068380184619048,17.066621080666668,15.375752149193554,17.47506505934,17.100830451490566,19.199477587159095,19.04275480464935,15.413769409999999,17.93958673129851,13.296968209800003,18.04566241858695,17.046678330651524,22.344045724989474,14.942723568409452,10.049581695617238,14.61512533592857,16.99119266092256,14.061745337674356,22.882623312563638,16.086691105138893,16.05585735373913
37.431343283582095,34.53103448275861,29.95333333333333,35.983999999999995,27.427586206896557,24.784375000000004,26.700000000000003,32.333333333333336,31.18208955223881,34.44779874213836,23.6,30.25681818181818,30.385294117647046,34.00652173913043,34.141414141414124,34.42285714285713,35.251666666666665,37.32500000000002,30.83125,33.32608695652174,25.342857142857138,33.428915662650596,31.593103448275883,38.23414634146342,33.186086956521734,29.258928571428577,33.736559139784944,29.5764705882353,28.839999999999996,27.447619047619046,28.800000000000004,30.922580645161293,33.80200000000002,33.30566037735849,34.31704545454546,35.13506493506494,31.533333333333342,32.547761194029846,26.340000000000003,36.36086956521738,33.136363636363626,33.77684210526316,31.247637795275583,26.92758620689656,27.835714285714285,32.54285714285715,30.98205128205128,37.10181818181818,32.581944444444446,28.84347826086956
6.8328358208955216,6.179310344827586,6.266666666666666,6.403999999999998,7.8275862068965525,7.946874999999999,8.3125,8.166666666666666,7.131343283582091,7.077987421383646,7.875,7.309090909090912,8.041176470588232,8.020652173913044,8.2010101010101,7.493333333333335,7.384999999999999,6.732812499999999,7.8875,8.443478260869567,8.6,7.742168674698796,8.343678160919534,5.940243902439025,7.32086956521739,7.017857142857143,7.441935483870969,7.223529411764706,8.6,8.504761904761907,6.087878787878788,8.269354838709678,7.309,8.432075471698113,7.645454545454542,6.8896103896103895,7.352777777777776,8.120895522388063,8.16,7.123913043478259,6.7363636363636346,7.6884210526315835,6.96023622047244,7.13793103448276,8.22857142857143,7.948120300751879,7.500000000000002,7.547272727272729,8.412500000000001,7.839130434782609
31.734328358208952,23.16551724137931,25.386666666666667,34.41866666666667,21.20689655172414,19.360937500000006,20.525,29.0,30.282089552238805,30.85345911949686,20.225,24.10909090909091,25.82156862745099,28.532608695652183,25.97575757575757,28.62190476190476,31.682499999999994,31.070312499999996,22.681249999999995,25.099999999999998,21.014285714285712,24.71807228915662,24.41034482758621,33.8670731707317,29.30347826086957,25.001785714285717,27.753763440860208,24.700000000000003,22.07,26.180952380952384,23.90909090909091,25.253225806451614,27.805000000000003,28.03018867924529,28.957954545454548,31.716883116883107,21.705555555555556,25.320895522388057,21.86,29.82826086956522,24.460606060606064,30.0357894736842,27.286220472440966,20.268965517241377,20.942857142857147,26.65413533834586,20.18205128205128,29.449090909090906,22.679166666666674,25.05652173913043
45.28474039298657,92.92741332865519,65.95375393033332,51.24943991052534,81.62045259177587,76.27866405476561,89.91152785012498,79.271835422,68.95098505035969,54.16775247722327,88.3608187315,67.82073819054999,66.66773541718628,62.94091325044565,74.51511357339395,61.0593663769,55.44943422163418,55.96083939128125,61.945692117312504,80.59456074721739,91.54496841414284,75.71427701434217,69.80006388342527,42.17181951114636,55.174084947486975,53.921322688951804,52.3424214293968,63.357331270352944,84.6227027943,92.34095779414285,66.91799800175151,79.09174666504839,63.959573026169004,55.427206977062255,67.76272679344316,52.23881623343247,78.59736099858331,73.30200107192533,93.65758903919999,57.08609215083913,50.98224127645908,52.657646142889455,56.557979373578725,69.06222444013794,68.9279774225,67.87914836927294,73.52705544276921,53.95403365869272,71.99204536210692,75.14942231865216
11.743758640495516,18.668828142241377,13.212600259806667,9.419265724433334,7.84242352093276,10.634263492581255,5.4491298641625,6.3859689587,15.818795270253728,16.539604534415094,5.19491161865,14.26701959247727,6.234192653995099,9.533020083832609,5.908933290673735,11.890677061485713,6.734585915809171,9.704323711993748,11.228179661887498,6.649613099513043,3.456157368321429,6.915888189507228,5.847444021266666,15.391565980109752,13.04994119858956,12.460388498525,11.138957670460215,12.459605974799999,7.485577643659998,8.441414303990479,10.845551411563637,5.610713813274194,13.787980567416,10.74362873858868,7.338329855272726,18.575774756727267,9.030824998580552,6.787679831297013,4.26769846612,13.403993571847828,13.318186718384847,11.780502317806317,21.211241910527555,11.65546278658276,5.794714133521429,11.296511263652631,8.388660125143591,7.828736059249088,7.152160196424999,14.950168898652173
45.48140194029852,86.25780413793103,53.34962600000001,46.3656952,69.32193793103448,71.36912671875002,70.67493499999999,64.09602333333332,52.0507856716418,46.62303465408802,82.28836999999999,52.65475454545456,48.053046372549026,49.6464422826087,54.89638454545456,60.697966285714294,44.58951808333333,42.844006562500006,95.81076874999998,68.86257173913043,93.4526857142857,59.30344012048192,67.91576114942528,41.36805402439027,44.341089391304344,54.795737142857156,57.79987806451614,51.490041764705886,94.732446,77.97572428571428,54.84599545454547,60.757859838709685,53.245256,55.45010094339626,50.27594159090911,39.96008948051947,71.72548944444446,67.71799537313434,111.861866,49.73353456521739,55.7662028787879,46.1495465263158,41.116516259842506,52.97994551724136,89.32351357142856,60.546734962406006,65.83750717948718,55.27320672727273,64.81844166666666,65.44456913043477
88.98505569247762,79.63144653482759,81.647073446,89.51797381421333,82.6365924085862,85.56874128215627,88.54750247774999,88.771089146,81.29029592994029,87.87056281305661,82.87836806725,85.75408609838638,88.8437837606863,91.07612532581524,93.34510896120203,89.49142857142857,94.58418039895,83.16440092450001,87.31286614987499,89.23128821734782,88.27567112157143,87.41958829137347,86.41609195402303,82.99081427915854,93.27742111852176,88.16839285714286,92.34963759949464,85.47295285941176,89.67354750610001,90.67783237461906,77.21464627060607,84.88926518980647,86.09348995560002,88.55853584371697,92.35173124204542,85.42644144584416,76.20333333333333,89.92026078974625,90.2866723292,84.55358915334784,89.44137594174242,92.68274297145265,93.62293134411028,90.01013375627586,88.34673347342857,91.47621685793983,83.00403006092306,90.68636363636365,91.69403679070835,83.22971413317391
29.24328358208955,18.02068965517241,26.493333333333332,28.393333333333345,18.284482758620694,17.571874999999995,11.85,18.900000000000002,23.59253731343284,28.628301886792446,13.674999999999999,17.504545454545454,18.11960784313725,16.726086956521737,14.464646464646465,17.13142857142857,26.788333333333316,29.854687499999997,17.962500000000002,14.4,12.60714285714286,20.022891566265056,13.18390804597701,32.69268292682928,22.627826086956524,20.062499999999996,16.10967741935484,16.705882352941178,12.41,12.904761904761902,28.960606060606068,17.945161290322588,24.385,13.775471698113204,18.00454545454546,23.22987012987013,19.163888888888888,17.320895522388057,12.12,28.72608695652174,19.822727272727267,23.97684210526316,23.805905511811034,13.206896551724139,13.900000000000002,19.281954887218046,16.67692307692307,24.861818181818183,14.861111111111107,13.721739130434786
16263.746268656716,6348.758620689655,107806.2,9287.48,155159.10344827586,19507.125,93317.125,67054.0,61258.97014925373,15589.415094339623,75816.5,9895.181818181818,28452.774509803923,16869.239130434784,7278.151515151515,6748.92380952381,8307.983333333334,17148.578125,15641.125,57395.95652173913,97539.85714285714,26148.9156626506,14675.379310344828,8694.817073170732,11873.97391304348,3994.9464285714284,5016.548387096775,39243.58823529412,25915.2,93253.52380952382,14834.939393939394,65963.43548387097,22699.02,3235.4716981132074,29418.5,12308.805194805194,23801.527777777777,39476.64179104478,41365.6,23589.304347826088,3174.1969696969695,15649.231578947369,28513.492125984252,31434.0,8327.92857142857,13898.947368421053,41474.4358974359,6672.272727272727,17689.833333333332,5914.0
40.650075395059694,35.14877835048276,39.26386891960001,37.128486733066666,31.26673735808621,26.635883583039053,30.638273809499996,37.632655297,36.70994292701492,40.76623673396855,32.262710102,24.092940327890904,31.62632597210785,30.564954753891307,26.619328924363632,25.446042774508566,32.148526524725,44.27740770073437,32.908001826875,33.2382243013913,32.883809316785715,32.12410766193975,27.960191325517236,46.246193205378056,30.885487069086963,24.018034545841072,22.361683590726884,31.8950042092353,30.763384412499995,29.206942008428573,40.337312689484854,33.59819371141935,37.281697726960005,23.476189330752835,32.31199955632727,32.60368184353245,32.128020031861105,31.059724591537307,29.528020642800005,44.603144823456525,29.5987946602697,32.98983832136843,31.559685796720853,17.94957170183448,31.33668341721429,33.85959944570676,29.637268861692316,32.41232421650909,29.012812352069446,24.043542266391306
388.60759638040275,276.3751189670689,277.29137461786667,397.22857460725334,420.6062000337933,189.69155529501566,218.13374403125005,468.51291993,400.7912750066418,314.2635780467168,250.88996256500002,166.26063759279543,235.21035576213734,205.15161127743482,193.85138050333327,225.99850167781904,95.95230560898335,429.4968680764376,110.6631952069375,359.7344286634783,377.61532521535713,284.9809452651566,125.69040070708735,220.35321356981703,282.8489988593128,240.38196292575006,145.35623481484188,358.30203352070595,189.18663629600002,236.81079115323806,442.0845787721211,224.36469146704843,264.1453924400299,119.36510709439622,160.87033366997727,241.9219156153116,192.97955722308336,201.77065395595528,146.64393713479998,507.09156978297835,159.71515270701508,390.2064344011579,262.63930481176743,169.42204020513793,100.62939955078572,196.82617499390227,190.3523148738462,282.9666513074363,141.13684955352775,178.89493533469565
13.807712033771644,26.954196840137932,19.104654090533334,13.704427079894673,22.815531972431028,15.982309861179685,16.316086325750003,15.116067971333331,16.62267867049254,15.967256865285528,26.337656084499997,15.23659296927727,11.431512966050986,11.302252308183698,10.404581425477778,10.887363782430477,13.336208326576665,13.861442401395314,14.849962830124998,15.92674428813043,18.13097065392857,13.768210228043372,11.803053246447128,15.535904481051217,12.791040568445215,12.911789581691064,10.184911130991399,13.719369416864707,15.362011059600002,20.442756612428568,15.61648329718788,16.744865438601614,15.568910580221996,8.90611606465849,12.431889217855685,11.992303862111692,17.83772788516667,12.835634192073133,17.100993863400003,14.353742137332604,11.798753685545456,13.24560614304422,14.079823332134252,12.64621260596552,16.938559643214283,14.429639721175938,16.941109076666667,10.600584679487271,12.94785614749305,11.542615353639132
11.84958764594179,9.072937952244827,12.159169236246667,10.615634539970666,17.807775135189644,12.976387405071875,14.89725558525,13.322384518,14.050184330401489,13.588682163933331,17.635857627,11.372166242854544,9.564995878396076,9.26976427611848,8.492308222867676,8.425808617789524,10.9541547142875,11.000333415807813,12.639145328312498,14.334588392826083,16.302161396285715,11.924115776460242,9.777126049978163,12.635384325900004,10.211782040836527,9.967968423528571,8.096934399612902,9.420335211,13.4597088456,18.155624100999994,11.969390227824244,14.498975171327412,13.245509567793,6.8212051359415105,10.452708428672732,8.802122481429869,14.414913216933334,11.067004317622384,15.5766335838,12.525645464104349,8.280688598565149,10.949557347915793,9.461371758057085,9.083506136037931,14.79615581107143,12.578971151621804,13.161494498400002,8.733658974218184,10.754051872065277,9.166295976069565
74.64473958837311,77.97456778689654,78.52166346013334,74.90629203434663,80.2597387519483,80.68454610032813,80.607635325875,78.238102945,78.03953904538805,76.15717764466663,82.115803332,79.09178904868182,77.94669262031373,76.91769442506525,79.21802481156563,77.6230911688,74.43891934585834,75.41172545493751,78.294287715875,78.52325302013043,80.36259571650001,78.05049100592771,80.28335039708048,74.18738143193899,76.58609356145215,78.64884739810714,79.14500695186025,78.51304328352941,79.12645845259999,79.83844444971429,77.596613864,79.58562182108065,77.06925201401003,79.55415471794338,76.79308128548868,75.1637636071169,79.12555973041668,78.13378763535819,80.62951358000001,75.63989784515218,77.87900505998483,74.86188028784207,77.46076140172443,79.03360114520689,79.24651284828572,77.63467548777439,79.98127217087179,75.1893178145091,79.30696938279165,79.53098799069564
16.35522388059701,9.051724137931034,11.846666666666666,15.445333333333332,9.663793103448272,7.457812499999998,8.9375,12.166666666666666,12.777611940298502,14.667295597484273,10.075000000000001,9.468181818181817,10.995098039215684,12.84565217391304,10.592929292929295,11.240000000000002,13.731666666666671,14.523437499999998,10.343750000000002,11.652173913043478,9.042857142857143,12.159036144578312,9.963218390804599,16.000000000000004,13.090434782608698,9.483928571428576,10.25591397849462,9.98235294117647,9.55,9.780952380952382,10.924242424242427,10.861290322580645,13.233999999999996,10.169811320754716,12.768181818181814,13.484415584415585,11.038888888888888,11.576119402985073,8.819999999999999,15.341304347826087,11.272727272727272,14.448421052631575,11.362204724409443,8.503448275862068,9.214285714285714,12.76541353383459,10.207692307692305,15.39090909090909,9.988888888888884,9.369565217391305
7.35687334633582,18.917159454903448,17.289324234633334,10.931314023468,6.2103806008896525,8.808425250379688,4.9045964554,4.618437670633334,9.352116655155223,7.656271671400001,9.366855958675,11.790474732554545,6.645473307966668,5.03427252853587,5.788770786672726,11.170279813514286,4.817576922885833,9.859888924695314,3.495196089156251,4.026528641791304,4.660794270485715,6.078523179075904,7.268490131152869,10.811687863992685,8.458034000786089,16.023953832424997,12.89310920644839,15.203676694664704,4.325832542430001,4.497022484609524,18.38157458294546,4.315027528551614,5.742327473516001,11.903380074328302,6.035642477582953,11.263911777477924,10.417979132863891,4.811922573089552,6.755999712100001,7.910907943121739,18.8960351128803,5.85797348721579,11.66047033571653,11.83324053344138,3.6714809847714287,6.064349422477443,9.876143103110257,6.328952196139999,5.422364413458333,7.310387964443479
43479.82089552239,64439.379310344826,49105.86666666667,41801.37333333334,67098.6551724138,59599.671875,77438.625,61454.333333333336,50621.10447761194,47507.08176100629,73140.5,52215.75,56225.82352941176,56036.184782608696,57229.62626262626,52188.780952380956,45238.51666666667,45023.65625,51536.5,76400.39130434782,75312.78571428571,51601.3734939759,60664.32183908046,39932.71951219512,46770.19130434783,49370.21428571428,53588.84946236559,60823.64705882353,67052.6,81475.80952380953,43713.30303030303,60891.82258064516,48691.64,58070.301886792455,55374.96590909091,47492.0,54679.47222222222,55861.89552238806,73987.2,46011.82608695652,51945.21212121212,47251.45263157895,51302.24803149606,62675.1724137931,58226.42857142857,59157.67669172932,59598.179487179485,43184.236363636366,58008.75,61964.434782608696
63.40436108720897,48.24167274875173,61.32132525193333,38.41006830415867,58.5124486955862,46.57092423634375,33.014442229,52.474619288999996,58.12006105649254,73.02536454260378,50.5884672435,48.96171301336365,48.163771131941175,48.55663388070651,40.71981823948484,49.95230614838093,63.72453922005002,59.13232066804689,49.755463187000004,47.62005719395653,52.47461928899998,54.92695786890361,39.213231543689666,81.42622374190242,56.55633035119129,45.26987574358929,43.91463255153012,45.693917369,31.796903088100002,36.447945165047614,79.9877654097879,48.26555135274194,64.49203237238001,32.340125579749056,44.88687247307954,65.81064512014287,53.61353438386111,47.09449703411942,31.9472200262,82.00056384591306,40.18112880203031,52.47461928900003,60.08674161966144,42.241270557551736,44.36452768692857,54.58906042911955,50.41877311138462,57.93105626990909,38.72082521747221,35.86315668813043
71.35051962489554,63.52712082348277,67.71520857313334,69.79971853464001,61.9536136550862,69.99024724032813,69.095565126875,72.20004121433334,71.70158941334329,67.97394007177984,61.49274771025,72.0864537396591,74.68813204221568,74.32600353507611,74.66205836384852,72.60837066793331,71.55696240570833,69.40011681353124,74.53518779731249,70.88810960143478,66.15643374064287,77.88741996756626,76.60845410941381,70.79105048673169,71.48164858865218,71.03417349632143,72.84420224036558,69.44218595082351,72.0020395111,67.76121215323809,70.64395113145453,68.55995519058064,69.72997064920997,72.55034874003772,71.85211362611365,71.43977071305196,65.5721612921111,73.21691004641792,65.9174533382,71.1470934212826,71.32170186804544,72.36520291569474,71.52647085096844,75.42665524327586,73.88244998721429,69.5265512820977,67.98360767325644,75.91763987607271,73.70327004013888,72.10571358026087
11.96802399462388,8.962433477424137,12.1769967894,10.866140142617335,17.87104502520689,12.980196708579685,15.083901359124999,13.726953639666666,13.843953855892536,13.58488659649622,17.4616020815,10.89048155940682,9.733126745713726,9.402761054318475,8.604890654887877,8.897717316857143,11.307459116683333,12.180801069406252,12.30130267513125,14.069081922565216,16.64644150192857,11.449112810812046,9.804662356091951,12.852163099004878,10.181652810543472,10.714142080810719,8.50129611606559,9.599975940641178,13.0658458193,17.99625514038095,11.932392330436361,14.61508021640161,13.365049521301998,7.826647219354716,10.478164369145455,9.518562041037665,14.360243377933333,11.330968697050748,15.4631778764,12.99437779830435,8.595579714889396,10.730748716933679,10.125194108240553,9.087405432165516,15.32727339057143,12.861553380794739,12.929361685553848,8.974284549094548,10.68015666465556,9.9710685873
28.380935279873132,1.8661953937931037,1.9082131450466666,16.07330705792801,3.0356780900206903,1.670456148096875,6.7859594386875,20.702655756000002,14.140708212299995,27.950730749181773,1.122963241325,0.5063046988204546,5.157295744754904,2.8463177778728252,1.587536441497979,1.9359356128723808,3.699204908968333,31.7182275989375,1.06999569274375,21.065074803426086,6.268242320128571,3.943321103260241,1.8768346033356316,41.1972946585378,3.6772640846878266,0.4068260404964285,0.9598135753580648,2.799336112311765,1.0320575725399999,11.591798396514285,1.3502719909939394,5.998405880001615,20.222544841308004,1.062863549426415,4.254417021784089,3.547091494124675,0.8506630443472222,4.514960488853732,3.33418616426,35.23888135588914,0.8289793070651513,7.400089233032628,6.256015619389765,0.5793376720724138,0.9852060673357143,18.510273502995496,1.4655936287307694,2.255472792147273,1.7488377538583333,0.8687782306086957
0.8433587351731343,32.17726013640346,15.086253900426668,0.9312022727826667,3.196977821156897,2.168108666475,0.5464803579499999,0.7723105240666667,0.7498144692194028,0.5490180433025156,0.483841192225,2.1559058846727273,0.4066906975333333,0.3982573081815217,0.5319984282878786,1.3312954847323806,0.3299805438541666,0.9072712128249999,0.93178327988125,0.4883723933695653,0.5555100933642857,1.7667596786036155,2.382858420409195,0.7448986059987805,0.6917884037591306,8.478195006055357,1.9031948695172045,4.597527916564706,0.33377902996,0.5870701528857142,9.195098609033336,0.7360078344435486,2.0285072273809996,6.9873378503377355,0.3121666212704546,11.658322054842857,2.602279836324999,0.3120532238134328,0.73000625904,0.6689948685630436,14.4223264453803,0.5081604699578947,1.2440379016161422,3.4723112133379304,0.5046378556214285,0.5551976122127821,3.1240192599,0.27904483770727273,3.0424166917777775,2.25429507466087
0.8457953132716419,6.72486987024138,1.5801587684133334,0.8862398271319999,7.981347088625861,1.4254787843671877,3.9980900043124996,3.1665012816,1.8087115222208956,1.4621848375446533,31.076583903750002,0.9525418463727271,1.363782579738235,1.1875842505043475,1.335485517561616,1.0732248588666666,0.6567985656724998,0.9614961429593754,0.9185461065625,3.7481816427478263,4.5457714253,1.1884956267216866,1.6872607212390793,0.621604898852439,0.8184961935121742,0.5969061274196426,0.7024166156430109,2.4442476306882353,2.19063410352,7.601595318566668,1.2123336318060607,3.086133343367741,1.426717907016,0.8364195741924527,1.1432179475818183,0.9491270133389609,1.9876871591999996,1.6548272403537312,2.6937184339,1.0839861726760869,0.9302670876939393,0.8073547448547369,1.3302671721122052,1.1290899145172413,1.232760296892857,2.3228406086000004,3.0851312203358976,0.5109440199545454,1.4676965739291665,0.9192263852652174
0.1148482687328358,0.6244767409689654,0.20870454222666665,0.16124602300666668,0.4085511444982758,0.13048749854687502,0.0964909535375,0.12967258180000002,0.11233803099104478,0.12696933586226408,10.633471109275,0.18760905757272733,0.047848617436274506,0.054916624329347845,0.12025268479595959,0.09193896637333338,0.06695493930583335,0.055920255771875,0.034369358043750006,0.1065042821,0.1002589444357143,0.04124569102168676,0.09013136131379308,0.04898420590487805,0.13515413161652176,0.05564816565535715,0.08392638587634409,0.3491619386117647,0.03519218139,0.10818800580952379,0.14325278232424243,0.07524511550967744,0.11466159507699995,0.0566091756018868,0.05613358123295453,0.1595191024038961,0.32082597610833335,0.05391493642089553,0.12148977511999999,0.09845702203478263,0.05351114825909091,0.06710320720631575,0.10074712851102362,0.38096292957931027,0.04302829578571427,0.0912883298255639,0.43015740223846155,0.026082078234545454,0.058857945324999994,0.07772431174782607
3.85082278571194,5.669042588096551,31.56841311270667,5.613702624667999,30.98766581915518,19.973878008239065,12.420551305900002,8.985114185066665,14.660811135626862,6.842241736954715,11.41488569375,13.232078556863637,5.200364974879412,4.223699960533697,5.0471251985888905,10.34389605732095,2.6334058510233334,3.750435968420311,1.59670449999375,6.6035493694652185,10.438298840549999,3.7018547121710843,4.792927995371264,2.8258103343280485,3.0870911688339135,3.417905725751786,7.2119846532580665,18.66357037555882,2.63355534064,17.89194547975238,48.46314872309092,8.075292933896772,7.563446015845001,3.291596277092452,2.8782270683693185,9.528429711535066,12.388295136241664,4.665421769231344,8.23776244696,4.803661233797826,3.5244370357454553,3.8378149974526328,35.34717656799293,9.48055007529655,1.8695842523285715,5.7805651159609015,14.725983835546154,1.451125027005454,3.9467822271708326,8.67188465478261
64.75146082100001,47.262610474006884,49.9686822256,74.93241922397333,53.46419078522414,74.27413460409376,74.75785701912501,64.33675428233333,67.20944945231342,61.96237331662575,26.968014848750002,81.97683491756818,86.6531216259608,90.0954730525,90.43178871573738,83.7852384795333,91.29335319530837,61.368401279343736,93.96113298374999,66.06842159665219,76.62729121714285,87.60535443592775,87.82321688795402,53.72374170893902,90.02513154056521,85.37043451880356,88.51905400517201,69.89694579594118,92.3986970937,61.26452280433333,40.565725365954556,80.70296766835482,67.55958023540998,86.61106165003773,89.7470314589432,69.83019251641556,79.87511846019446,87.6810379969105,83.3937299924,56.90471308428262,79.12835293282726,86.06610436766317,55.39221068682757,84.15163642620689,93.67575804657142,70.97695804100753,75.20781387458975,94.16032922963633,88.65090206426386,86.2495020236087
0.8165718401701495,1.7865002587758625,4.666617898186667,1.0658808530119999,6.653058619898278,2.3528889090937497,2.674253119875,1.9258626836333335,3.085363946604478,1.619546474637735,3.786333505425,2.7839718825704547,0.9227671513499993,0.813306930939131,1.2089221681171716,1.6717455189876194,0.49529810319666656,0.9259630408062501,0.40242669991249996,1.7973327091304347,3.2666551763785714,0.6192387804650602,1.1612912566183904,0.6253493623841463,0.5679025348973913,0.37171489666428575,1.416818797295699,2.548915963958824,0.6323513931700001,5.096617901766667,3.623142089284848,2.193404047196774,1.7234330506609998,0.4235875330245283,0.5414173292909094,1.384383123876623,2.170284423169445,0.9862906060999999,2.1203816485599996,1.2145638434630435,0.5843131096575758,0.7134538628905263,5.113727730891731,1.6176860234793107,0.3491596769857143,1.2410334113496242,3.363504414320513,0.33136495794545456,0.7756445510444441,0.8596321187652174
51.36537109314926,46.18047004465517,49.67855165033334,50.51916736975998,49.51657248798278,48.13295516903127,50.82123274412501,51.67777181666667,48.80808943446267,50.38821145408802,50.26887928650001,49.19360219997727,49.88830973309804,50.14294249002175,49.95991135080809,49.72877497588572,50.25060139014167,49.96525141781251,50.866856048500004,51.065450878521744,51.42792744971429,49.59909298893977,49.715980445448274,51.0939038704756,50.057274819026084,49.06779246910715,49.691201357666664,47.35319782141177,50.2848638278,51.0049528114762,49.50981635890909,50.18129684004838,50.88426364405998,48.71365868643396,50.289970032329556,49.81844831724677,49.86107018694445,49.91267028897015,51.3662737238,51.21093081973914,49.26636443089393,50.30340720020001,49.06401245478342,48.982940675275856,50.367034079285716,50.619932151578965,49.86512852825641,49.990211393927275,49.535401571819435,49.03259886808696
67.08605044116419,68.1094441061414,34.10852025877333,64.87068582902667,28.695742125731044,58.67792670203593,24.1748185221375,24.29179883143333,37.501188110391034,60.48895424380004,16.57042136475,61.46654826894319,51.089662671665664,54.45413286995872,61.32414685388179,66.88776581232476,71.6471732446008,51.089872531589066,74.19263258912501,34.91766345618696,16.754493639557143,61.641968395704815,61.34274129757244,70.62729153021952,66.80310346811392,75.1226532886607,74.64879506812258,49.50296985502354,55.37205051350001,12.76091921852857,48.42408422970606,44.29117405635323,61.203666063999,82.55919292567923,48.22398534060683,63.63594113711558,44.37081771454444,47.42720715292686,11.510697245920001,54.97614519445652,77.86301513228788,66.43503546079158,55.520241488778716,48.35427298647931,75.37297954192856,52.36495127787895,44.78657473604359,69.20295214683635,60.113780795499984,50.53031674826087
21232.746268656716,31052.103448275862,21786.333333333332,20591.666666666668,29025.793103448275,28369.71875,37998.125,29662.666666666668,24164.462686567163,21334.98113207547,29352.75,22381.136363636364,26170.392156862745,24787.684782608696,27360.37373737374,25430.628571428573,21318.166666666668,22393.734375,26496.125,34266.52173913043,36664.42857142857,24387.87951807229,28533.758620689656,19353.09756097561,22047.104347826087,25891.98214285714,26914.74193548387,27107.470588235294,32780.7,37057.333333333336,22062.090909090908,28935.6935483871,23173.85,32847.64150943396,25190.284090909092,23327.68831168831,25212.63888888889,26685.955223880595,36781.6,22105.91304347826,26209.378787878788,22171.147368421054,24076.55905511811,23353.793103448275,29297.64285714286,27781.398496240603,26547.923076923078,22165.036363636365,27172.347222222223,29585.130434782608
21.394029850746264,13.306896551724137,20.926666666666666,21.232,16.22931034482759,14.021875000000007,9.374999999999998,12.5,17.77761194029851,21.734591194968555,11.899999999999999,16.202272727272724,14.132352941176475,13.548913043478263,11.81818181818182,12.527619047619046,21.794999999999998,22.0515625,14.63125,11.01304347826087,11.557142857142859,16.3421686746988,11.252873563218396,25.567073170731714,17.804347826086953,15.294642857142858,11.675268817204298,13.805882352941175,9.769999999999998,10.604761904761904,21.533333333333335,14.282258064516126,18.989000000000004,11.092452830188678,14.932954545454548,17.145454545454548,16.602777777777785,12.952238805970156,10.34,20.46304347826087,16.35,19.047368421052628,16.772834645669292,12.679310344827584,11.735714285714284,14.793984962406016,15.64871794871795,18.37454545454545,12.18888888888889,11.691304347826089
10.100000000000001,9.451724137931034,10.993333333333332,8.189333333333332,9.49137931034483,6.58125,7.4125,7.333333333333333,9.159701492537312,9.110062893081759,5.9,6.243181818181818,7.325490196078432,6.306521739130435,4.250505050505051,4.344761904761903,8.62083333333333,8.650000000000002,6.624999999999999,6.5782608695652165,6.607142857142859,8.707228915662647,4.398850574712644,11.057317073170733,6.752173913043479,5.083928571428572,3.1612903225806464,8.558823529411763,5.14,8.019047619047617,8.078787878787878,7.272580645161293,9.333999999999998,2.7716981132075467,6.955681818181817,6.029870129870131,8.830555555555556,6.634328358208952,6.779999999999999,9.867391304347825,5.221212121212121,8.448421052631579,6.346850393700789,5.327586206896552,5.242857142857143,6.619548872180451,7.589743589743587,8.354545454545455,5.39861111111111,4.5260869565217385
19.147761194029858,10.217241379310344,16.793333333333333,17.516000000000002,16.420689655172414,9.685937499999998,9.0375,12.133333333333335,15.8134328358209,19.033333333333346,8.399999999999999,12.43636363636364,11.15,12.672826086956523,8.88080808080808,10.594285714285718,19.64249999999999,19.351562500000004,8.6,10.891304347826088,9.085714285714285,10.285542168674693,8.703448275862069,20.740243902439026,14.525217391304354,8.567857142857141,8.669892473118283,13.417647058823531,7.999999999999998,11.014285714285714,16.812121212121212,11.479032258064512,16.695999999999998,10.25283018867925,11.82727272727273,14.533766233766238,11.35555555555555,11.18955223880597,9.680000000000001,17.632608695652173,10.715151515151518,18.033684210526314,20.530314960629912,8.644827586206896,8.978571428571428,14.824812030075194,11.643589743589741,16.760000000000005,8.944444444444448,7.978260869565218
16.92835820895522,10.075862068965519,18.953333333333333,18.26,15.965517241379313,17.290625,15.787499999999998,17.833333333333332,20.316417910447754,15.638364779874214,16.55,17.097727272727273,17.784313725490193,16.14782608695652,18.916161616161613,18.934285714285714,16.274166666666666,14.6734375,19.737499999999997,15.856521739130438,16.692857142857143,19.709638554216863,18.39540229885057,15.442682926829272,18.192173913043476,19.944642857142863,20.337634408602153,18.364705882352943,17.799999999999997,15.257142857142856,18.957575757575757,16.624193548387094,17.967000000000002,19.718867924528304,16.57045454545455,17.0961038961039,20.177777777777774,18.44626865671642,17.54,17.09782608695652,18.28787878787878,17.83894736842105,17.043307086614174,13.662068965517244,18.071428571428573,17.641353383458636,18.646153846153847,18.90181818181818,18.34861111111111,15.92608695652174
22.420895522388072,24.72413793103448,23.799999999999997,22.78266666666666,22.593103448275862,20.854687499999997,20.5875,21.8,19.85522388059701,23.325157232704406,22.125,25.484090909090902,21.9078431372549,23.421739130434776,23.03737373737374,23.798095238095236,22.71583333333333,23.9578125,19.150000000000002,21.94782608695652,19.678571428571427,20.443373493975898,23.07011494252874,24.12073170731707,22.886956521739133,21.65892857142858,23.06451612903226,21.417647058823526,18.969999999999995,22.271428571428572,22.654545454545456,20.72741935483871,21.479,22.450943396226414,22.939772727272736,24.049350649350657,20.919444444444444,20.135820895522393,19.28,22.06521739130436,24.91818181818181,21.863157894736847,24.391732283464577,29.93793103448276,19.535714285714285,20.45112781954888,21.99230769230769,20.240000000000002,21.640277777777783,23.27391304347826
18.97462686567165,11.989655172413793,15.626666666666665,20.56,14.051724137931032,13.978125,11.15,13.066666666666668,16.653731343283578,16.223899371069184,11.3,15.459090909090905,14.61764705882353,14.894565217391307,12.972727272727267,14.772380952380956,20.28166666666666,16.243750000000002,17.325000000000003,12.126086956521737,11.914285714285715,16.72530120481927,12.364367816091956,18.167073170731705,17.813913043478266,14.926785714285716,13.33548387096774,17.288235294117648,14.05,11.071428571428575,19.009090909090908,13.62903225806452,16.910000000000004,11.99433962264151,15.05,17.884415584415585,17.924999999999997,15.38059701492537,12.6,17.171739130434784,13.290909090909087,19.108421052631577,16.16377952755907,11.748275862068963,14.992857142857142,14.788721804511274,16.420512820512815,20.912727272727274,13.093055555555559,13.55217391304348
34.591044776119396,51.210344827586205,48.77333333333333,24.074666666666666,44.748275862068965,25.139062499999998,23.45,34.233333333333334,31.513432835820897,37.12641509433963,72.55,16.68863636363636,12.748039215686275,9.011956521739135,8.304040404040407,14.930476190476186,8.019166666666669,38.0625,5.4937499999999995,32.243478260869566,21.557142857142857,11.696385542168676,10.711494252873562,45.39999999999998,9.280869565217388,13.094642857142858,10.13763440860215,27.14705882352941,6.7299999999999995,37.04761904761905,57.83939393939394,18.4016129032258,31.656,12.022641509433958,9.546590909090911,28.71168831168831,18.661111111111108,11.498507462686566,15.219999999999999,42.88913043478261,19.678787878787883,13.358947368421054,42.84173228346457,14.393103448275868,5.614285714285715,28.027819548872177,23.2025641025641,5.465454545454545,10.476388888888893,13.06521739130435
0.9000000000000002,1.7517241379310344,4.92,1.1093333333333335,6.93103448275862,2.26875,2.6625,2.033333333333333,3.1761194029850746,1.6918238993710688,3.625,2.9909090909090916,0.9343137254901955,0.8086956521739133,1.152525252525253,1.7876190476190479,0.5058333333333336,0.8718749999999998,0.41250000000000003,1.8,3.414285714285714,0.6361445783132529,1.0712643678160916,0.6134146341463416,0.5669565217391305,0.22678571428571423,1.4258064516129039,2.505882352941176,0.62,5.104761904761904,3.836363636363637,2.1870967741935483,1.8569999999999995,0.3433962264150944,0.5431818181818182,1.4090909090909087,2.2305555555555556,1.0044776119402985,2.24,1.2173913043478262,0.5742424242424244,0.7505263157894735,5.49409448818898,1.5689655172413794,0.40714285714285714,1.292481203007519,3.448717948717949,0.2927272727272726,0.825,0.8521739130434783
0.717334328358209,0.5361862068965517,0.8558866666666668,0.7167479999999999,0.6504913793103447,0.3877484375,0.31315,0.5256333333333334,0.6833597014925374,0.726625786163522,0.424075,0.4619772727272727,0.3648362745098039,0.3605,0.22612929292929293,0.3041142857142857,0.6179650000000002,0.7727640625000002,0.3303375,0.3460173913043479,0.33079285714285717,0.4403361445783132,0.25635747126436775,0.8214573170731705,0.503824347826087,0.28074107142857135,0.1837677419354838,0.569535294117647,0.17057,0.42514285714285716,0.7697848484848484,0.46085806451612904,0.6969020000000004,0.1487924528301887,0.3937988636363636,0.6089987012987012,0.609786111111111,0.360086567164179,0.25776000000000004,0.7730500000000001,0.3226454545454545,0.6049778947368419,0.66650157480315,0.3177206896551724,0.21069285714285715,0.4298270676691731,0.5402769230769231,0.5023890909090908,0.24958333333333327,0.24842173913043472
18.66417910447762,12.810344827586208,17.946666666666665,18.859999999999992,13.020689655172415,12.889062500000001,9.125,11.733333333333334,15.047761194029846,18.17987421383647,10.25,12.406818181818181,12.439215686274512,11.138043478260867,10.895959595959594,12.00190476190476,18.829166666666676,20.935937500000005,12.51875,10.169565217391305,9.357142857142858,13.201204819277105,9.620689655172415,22.841463414634156,15.52869565217391,14.280357142857133,11.106451612903221,12.170588235294117,8.83,8.971428571428572,19.28787878787879,13.045161290322584,15.801000000000002,11.432075471698111,12.264772727272726,16.62337662337663,12.977777777777778,12.120895522388059,9.08,17.79782608695652,15.292424242424241,15.852631578947365,15.45629921259843,10.248275862068965,10.314285714285713,13.145112781954884,12.45897435897436,17.183636363636356,10.551388888888889,10.169565217391305
17.719402985074627,14.806896551724138,15.753333333333332,18.23866666666667,11.910344827586204,11.039062500000004,10.762500000000001,11.366666666666667,13.944776119402986,14.847798742138362,10.85,11.577272727272726,10.918627450980395,12.586956521739127,9.0,12.293333333333326,16.3625,16.535937500000003,13.51875,11.091304347826089,8.478571428571428,13.66024096385542,8.6,19.312195121951216,14.19043478260869,10.860714285714284,12.017204301075273,12.370588235294115,9.379999999999999,8.757142857142856,15.48787878787879,10.888709677419351,15.147,6.466037735849058,13.621590909090907,15.001298701298706,13.133333333333333,10.85223880597015,9.219999999999999,12.836956521739127,11.578787878787873,14.424210526315786,15.304330708661418,12.555172413793104,10.857142857142856,11.11127819548872,12.853846153846154,14.085454545454546,8.950000000000001,12.256521739130434
24.874626865671644,21.62758620689655,24.1,25.407999999999998,17.36206896551724,14.7765625,14.5375,17.366666666666667,21.455223880597014,20.709433962264153,17.625,14.452272727272732,15.973529411764698,17.530434782608697,13.70707070707071,19.09809523809523,21.904999999999987,25.701562500000005,21.068749999999998,17.417391304347824,10.614285714285714,16.204819277108424,14.4448275862069,24.03780487804878,17.413043478260875,17.664285714285715,17.761290322580646,20.605882352941176,13.64,11.861904761904762,25.257575757575758,18.65,22.046000000000003,11.084905660377359,19.711363636363632,22.27532467532467,18.95833333333333,16.35970149253732,14.3,18.284782608695647,18.307575757575762,18.793684210526315,23.151968503937002,16.055172413793105,15.614285714285714,15.512030075187972,19.54615384615385,21.478181818181817,15.745833333333325,16.19130434782608
3.157164179104476,3.9479310344827585,3.032666666666666,2.8994666666666666,3.6013793103448277,3.4132812500000003,3.6125000000000003,3.3466666666666662,3.3337313432835822,3.0645911949685534,3.6574999999999998,3.249772727272727,2.8608823529411764,2.783369565217392,2.9306060606060615,3.028095238095238,2.774999999999999,3.146250000000001,3.8106250000000004,3.357391304347827,3.8607142857142853,3.0086746987951805,3.162988505747126,3.0768292682926828,2.888434782608695,3.291428571428571,3.069247311827959,3.3529411764705883,3.6369999999999996,3.564285714285714,3.13,3.261935483870968,3.0161000000000002,3.290754716981132,2.8342045454545457,3.074415584415586,3.3883333333333336,3.13865671641791,3.842,2.9573913043478264,3.2289393939393936,3.128947368421052,2.856732283464565,3.1565517241379313,3.798571428571429,3.174135338345864,3.4371794871794883,2.880363636363636,3.0244444444444447,3.324782608695652
17.23134328358209,9.60344827586207,15.52,15.555999999999994,15.312068965517243,8.843750000000004,8.4125,10.966666666666667,14.39104477611941,17.526415094339615,7.825,11.95,10.244117647058824,11.825000000000001,8.356565656565657,10.08380952380952,17.905833333333337,17.932812499999997,8.05625,10.02608695652174,8.342857142857143,9.35542168674699,7.817241379310345,18.937804878048773,13.367826086956518,8.091071428571428,8.234408602150536,11.929411764705883,7.419999999999999,9.97142857142857,15.639393939393944,10.862903225806452,14.861000000000008,9.333962264150946,10.986363636363635,13.892207792207799,10.736111111111112,10.108955223880594,8.44,15.873913043478263,10.039393939393943,16.396842105263158,19.153543307086604,8.144827586206898,8.157142857142857,13.303759398496233,10.935897435897433,14.885454545454545,8.120833333333332,7.156521739130436
35.81492537313433,35.18275862068966,28.026666666666667,38.62533333333334,23.5655172413793,27.176562499999996,28.025,31.633333333333336,33.719402985074645,35.808805031446546,29.349999999999998,31.068181818181817,34.51176470588234,39.05543478260869,35.5929292929293,31.302857142857146,38.27083333333333,39.153124999999996,34.41875,29.756521739130434,24.942857142857147,34.790361445783134,32.44252873563218,33.286585365853654,39.370434782608704,33.17678571428572,31.80860215053763,33.63529411764706,29.880000000000003,28.580952380952382,31.254545454545458,31.743548387096784,30.532999999999994,30.78490566037735,39.86818181818182,36.48311688311688,28.29166666666667,41.88208955223881,24.66,34.02826086956521,34.631818181818176,39.69473684210527,31.90275590551179,28.379310344827587,31.757142857142856,31.084210526315793,26.12820512820512,44.032727272727286,35.38333333333334,30.578260869565216
28.90746268656716,32.16551724137931,36.09333333333334,29.30666666666667,33.841379310344834,32.05937499999999,26.3125,28.033333333333335,29.47014925373133,28.036477987421385,32.625,35.36363636363637,33.732352941176465,29.242391304347823,34.105050505050514,35.36666666666667,27.275833333333342,25.65000000000001,29.5375,26.98695652173914,24.87857142857143,33.51807228915662,35.78850574712642,30.271951219512175,28.446086956521725,33.80535714285714,37.225806451612904,36.099999999999994,28.919999999999998,24.076190476190476,32.006060606060615,29.030645161290323,32.31799999999999,36.8622641509434,28.586363636363636,30.157142857142855,36.76666666666667,24.408955223880593,25.8,29.310869565217406,32.025757575757574,26.37052631578948,29.886614173228345,37.241379310344826,26.242857142857144,28.609022556390997,35.97692307692308,24.35090909090909,32.88055555555556,36.34782608695653
18.05223880597015,23.04137931034483,20.339999999999996,16.51733333333333,27.291379310344833,31.921875,37.25000000000001,29.400000000000002,22.413432835820895,18.62955974842767,30.200000000000003,21.629545454545454,21.51078431372549,19.870652173913047,21.951515151515146,23.25047619047619,16.545833333333338,17.262500000000003,27.981249999999996,33.23478260869565,41.857142857142854,22.338554216867472,23.960919540229877,17.509756097560985,18.817391304347826,24.930357142857154,22.724731182795693,18.335294117647056,33.78,37.38571428571429,21.1,28.372580645161285,22.28100000000001,23.03773584905661,20.562499999999996,19.458441558441557,24.211111111111105,23.60746268656716,41.1,20.784782608695647,23.307575757575755,17.530526315789473,19.05551181102362,26.241379310344822,33.85,27.003007518796995,26.971794871794874,16.74181818181818,23.62361111111111,25.90869565217391
