State,City,Year,Population,Violent Crime,Murder,Rape,Robbery,Aggravated assault,Property Crime,Burglary,Larceny Theft,Motor Vehicle Theft,Arson
ALABAMA,HUNTSVILLE4,2018.0,196620,,,,,,,,,,
ALABAMA,HUNTSVILLE4,2019.0,196620,872,12,79,159,622,3854,554,2804,496,
ALABAMA,TUSCALOOSA,2018.0,101764,253,3,20,71,159,2092,414,1569,109,
ALABAMA,TUSCALOOSA,2019.0,101764,311,4,18,92,197,2166,347,1672,147,
ARIZONA,CHANDLER,2018.0,255986,287,1,74,62,150,2771,369,2241,161,8
ARIZONA,CHANDLER,2019.0,255986,295,2,63,55,175,2511,281,2076,154,9
ARIZONA,GILBERT,2018.0,247463,132,1,49,15,67,1705,214,1409,82,5
ARIZONA,GILBERT,2019.0,247463,116,0,27,21,68,1416,185,1167,64,6
ARIZONA,GLENDALE,2018.0,249799,594,7,69,171,347,4830,756,3581,493,34
ARIZONA,GLENDALE,2019.0,249799,384,8,29,122,225,4067,733,2958,376,
ARIZONA,MESA,2018.0,504873,967,10,143,192,622,5113,751,3901,461,7
ARIZONA,MESA,2019.0,504873,969,4,133,177,655,4813,722,3692,399,11
ARIZONA,PEORIA,2018.0,170177,201,2,33,29,137,1596,281,1224,91,4
ARIZONA,PEORIA,2019.0,170177,219,1,49,52,117,1696,229,1351,116,5
ARIZONA,PHOENIX,2018.0,1653080,6118,67,566,1438,4047,28854,5465,19461,3928,140
ARIZONA,PHOENIX,2019.0,1653080,5659,70,550,1564,3475,28196,4901,19877,3418,104
ARIZONA,SCOTTSDALE,2018.0,254961,211,7,53,52,99,2853,350,2362,141,7
ARIZONA,SCOTTSDALE,2019.0,254961,200,3,59,52,86,2797,365,2301,131,11
ARIZONA,SURPRISE,2018.0,136611,67,3,10,20,34,1088,138,860,90,3
ARIZONA,SURPRISE,2019.0,136611,83,2,15,32,34,1052,108,872,72,7
ARIZONA,TEMPE,2018.0,188543,448,3,75,97,273,3567,456,2841,270,3
ARIZONA,TEMPE,2019.0,188543,430,3,66,103,258,3690,442,2952,296,8
ARIZONA,TUCSON,2018.0,537392,2027,26,255,670,1076,13925,1690,10959,1276,92
ARIZONA,TUCSON,2019.0,537392,1936,27,264,560,1085,9809,1302,7402,1105,76
ARKANSAS,LITTLE ROCK,2018.0,199288,1336,19,121,150,1046,6236,1068,4643,525,24
ARKANSAS,LITTLE ROCK,2019.0,199288,1464,20,105,170,1169,5494,817,4180,497,27
CALIFORNIA,ANAHEIM,2018.0,354743,578,2,70,195,311,4399,733,2969,697,13
CALIFORNIA,ANAHEIM,2019.0,354743,497,6,49,174,268,4164,538,3009,617,16
CALIFORNIA,ANTIOCH,2018.0,112956,283,1,24,102,156,1479,278,910,291,28
CALIFORNIA,ANTIOCH,2019.0,112956,290,5,28,108,149,1634,278,1020,336,31
CALIFORNIA,BAKERSFIELD,2018.0,385609,911,18,60,402,431,8330,1997,4875,1458,116
CALIFORNIA,BAKERSFIELD,2019.0,385609,862,18,57,367,420,7575,1888,4410,1277,230
CALIFORNIA,BERKELEY,2018.0,123735,270,1,31,167,71,2581,403,1915,263,21
CALIFORNIA,BERKELEY,2019.0,123735,283,0,25,174,84,2776,404,2146,226,5
CALIFORNIA,BURBANK,2018.0,105041,129,0,7,48,74,1362,141,1115,106,7
CALIFORNIA,BURBANK,2019.0,105041,87,1,7,34,45,1324,143,1068,113,2
CALIFORNIA,CARLSBAD,2018.0,116739,115,1,19,23,72,1081,169,830,82,5
CALIFORNIA,CARLSBAD,2019.0,116739,129,2,28,17,82,1068,143,840,85,6
CALIFORNIA,CHULA VISTA,2018.0,274370,406,4,43,114,245,1905,307,1244,354,9
CALIFORNIA,CHULA VISTA,2019.0,274370,396,2,21,122,251,1847,228,1226,393,16
CALIFORNIA,CLOVIS,2018.0,111759,106,1,23,15,67,1271,160,1024,87,2
CALIFORNIA,CLOVIS,2019.0,111759,125,0,25,16,84,1120,165,875,80,2
CALIFORNIA,CONCORD,2018.0,130855,246,1,27,103,115,2151,261,1611,279,12
CALIFORNIA,CONCORD,2019.0,130855,237,1,34,102,100,2255,211,1744,300,11
CALIFORNIA,CORONA,2018.0,170041,127,4,27,49,47,1535,191,1082,262,10
CALIFORNIA,CORONA,2019.0,170041,125,3,31,45,46,1796,340,1180,276,12
CALIFORNIA,COSTA MESA,2018.0,114358,170,3,35,59,73,1911,265,1486,160,12
CALIFORNIA,COSTA MESA,2019.0,114358,134,0,16,51,67,1903,204,1515,184,11
CALIFORNIA,DALY CITY,2018.0,107928,113,2,18,45,48,719,119,517,83,3
CALIFORNIA,DALY CITY,2019.0,107928,122,0,26,47,49,897,88,714,95,7
CALIFORNIA,DOWNEY,2018.0,113277,174,3,7,83,81,1353,243,785,325,8
CALIFORNIA,DOWNEY,2019.0,113277,177,3,15,77,82,1344,166,888,290,2
CALIFORNIA,EL CAJON,2018.0,104497,246,2,20,86,138,1164,166,827,171,9
CALIFORNIA,EL CAJON,2019.0,104497,273,2,18,94,159,1120,206,750,164,8
CALIFORNIA,EL MONTE,2018.0,116464,181,2,12,78,89,1216,257,677,282,10
CALIFORNIA,EL MONTE,2019.0,116464,138,1,15,63,59,910,183,497,230,2
CALIFORNIA,ELK GROVE,2018.0,174651,198,0,16,40,142,1128,147,892,89,6
CALIFORNIA,ELK GROVE,2019.0,174651,172,0,18,62,92,1221,144,989,88,4
CALIFORNIA,ESCONDIDO,2018.0,153073,237,1,28,71,137,1370,187,933,250,5
CALIFORNIA,ESCONDIDO,2019.0,153073,260,3,22,70,165,1201,184,806,211,3
CALIFORNIA,FAIRFIELD,2018.0,117883,335,2,53,89,191,1639,211,1121,307,11
CALIFORNIA,FAIRFIELD,2019.0,117883,222,2,27,72,121,1821,175,1374,272,11
CALIFORNIA,FONTANA,2018.0,213964,331,5,27,94,205,1683,289,928,466,5
CALIFORNIA,FONTANA,2019.0,213964,337,4,38,90,205,1559,262,914,383,4
CALIFORNIA,FREMONT,2018.0,238024,274,1,32,115,126,2387,404,1620,363,6
CALIFORNIA,FREMONT,2019.0,238024,198,1,13,82,102,2310,258,1751,301,5
CALIFORNIA,FRESNO,2018.0,531818,1489,18,93,473,905,8628,1411,6126,1091,129
CALIFORNIA,FRESNO,2019.0,531818,1394,23,74,378,919,8898,1478,6234,1186,52
CALIFORNIA,FULLERTON,2018.0,141132,174,0,27,66,81,1878,176,1460,242,8
CALIFORNIA,FULLERTON,2019.0,141132,150,1,38,44,67,1607,120,1301,186,11
CALIFORNIA,GARDEN GROVE,2018.0,174661,266,2,28,90,146,2096,329,1438,329,6
CALIFORNIA,GARDEN GROVE,2019.0,174661,241,1,24,86,130,1918,298,1386,234,7
CALIFORNIA,GLENDALE,2018.0,204724,83,0,16,24,43,1491,188,1156,147,5
CALIFORNIA,GLENDALE,2019.0,204724,111,4,9,44,54,1682,248,1298,136,8
CALIFORNIA,HAYWARD,2018.0,162881,330,0,55,170,105,2434,262,1468,704,9
CALIFORNIA,HAYWARD,2019.0,162881,265,2,28,128,107,2385,237,1528,620,16
CALIFORNIA,HUNTINGTON BEACH,2018.0,203428,218,0,41,59,118,1871,227,1485,159,9
CALIFORNIA,HUNTINGTON BEACH,2019.0,203428,169,0,29,44,96,2025,290,1577,158,10
CALIFORNIA,INGLEWOOD,2018.0,110726,349,7,27,156,159,1382,221,822,339,7
CALIFORNIA,INGLEWOOD,2019.0,110726,352,1,30,189,132,1143,160,667,316,4
CALIFORNIA,IRVINE,2018.0,288052,82,0,22,22,38,1670,276,1307,87,2
CALIFORNIA,IRVINE,2019.0,288052,87,0,25,32,30,1905,312,1516,77,2
CALIFORNIA,JURUPA VALLEY,2018.0,107605,134,5,8,45,76,1389,201,791,397,0
CALIFORNIA,JURUPA VALLEY,2019.0,107605,152,4,3,43,102,1238,206,662,370,2
CALIFORNIA,LANCASTER,2018.0,160818,586,4,49,142,391,1855,512,981,362,14
CALIFORNIA,LANCASTER,2019.0,160818,703,6,43,192,462,1607,358,952,297,25
CALIFORNIA,LONG BEACH,2018.0,470445,1702,11,107,527,1057,5936,1077,3688,1171,57
CALIFORNIA,LONG BEACH,2019.0,470445,1164,13,122,455,574,5628,1117,3434,1077,86
CALIFORNIA,LOS ANGELES,2018.0,4029741,14709,132,1324,5139,8114,50093,7869,33364,8860,897
CALIFORNIA,LOS ANGELES,2019.0,4029741,14236,127,1097,4779,8233,48049,7145,33158,7746,735
CALIFORNIA,MODESTO,2018.0,215822,963,8,47,204,704,3965,564,2819,582,26
CALIFORNIA,MODESTO,2019.0,215822,890,8,40,216,626,3752,643,2504,605,33
CALIFORNIA,MORENO VALLEY,2018.0,209145,396,7,17,141,231,2933,591,1828,514,5
CALIFORNIA,MORENO VALLEY,2019.0,209145,390,4,10,137,239,2728,439,1749,540,3
CALIFORNIA,MURRIETA,2018.0,114706,49,2,5,18,24,661,128,435,98,2
CALIFORNIA,MURRIETA,2019.0,114706,34,0,9,10,15,748,108,523,117,3
CALIFORNIA,NORWALK,2018.0,106158,219,5,4,61,149,1057,222,604,231,4
CALIFORNIA,NORWALK,2019.0,106158,212,2,13,63,134,809,171,462,176,10
CALIFORNIA,OAKLAND,2018.0,430230,2675,32,214,1220,1209,10677,1160,7021,2496,106
CALIFORNIA,OAKLAND,2019.0,430230,2700,40,192,1337,1131,12053,1217,8324,2512,84
CALIFORNIA,OCEANSIDE,2018.0,177464,309,3,33,72,201,1845,258,1346,241,12
CALIFORNIA,OCEANSIDE,2019.0,177464,319,2,43,78,196,1810,191,1405,214,10
CALIFORNIA,ONTARIO,2018.0,177542,314,5,57,109,143,2344,346,1487,511,17
CALIFORNIA,ONTARIO,2019.0,177542,329,4,54,109,162,2070,354,1248,468,16
CALIFORNIA,ORANGE,2018.0,141108,91,2,1,44,44,1232,239,852,141,10
CALIFORNIA,ORANGE,2019.0,141108,87,1,6,39,41,1039,192,734,113,3
CALIFORNIA,OXNARD,2018.0,211737,427,8,32,195,192,2591,351,1831,409,20
CALIFORNIA,OXNARD,2019.0,211737,368,7,29,144,188,2294,343,1612,339,23
CALIFORNIA,PALMDALE,2018.0,158177,325,3,22,84,216,1203,287,692,224,9
CALIFORNIA,PALMDALE,2019.0,158177,331,5,27,105,194,1094,202,691,201,6
CALIFORNIA,PASADENA,2018.0,143448,236,2,21,75,138,1447,349,934,164,10
CALIFORNIA,PASADENA,2019.0,143448,329,1,21,78,229,1358,315,924,119,14
CALIFORNIA,POMONA,2018.0,153496,442,8,44,180,210,2370,413,1429,528,17
CALIFORNIA,POMONA,2019.0,153496,450,8,48,154,240,2107,408,1245,454,7
CALIFORNIA,RIALTO,2018.0,104173,243,2,26,87,128,1408,226,872,310,7
CALIFORNIA,RIALTO,2019.0,104173,253,4,28,78,143,1618,202,1116,300,9
CALIFORNIA,RICHMOND,2018.0,110982,509,7,13,191,298,2086,130,1092,864,17
CALIFORNIA,RICHMOND,2019.0,110982,533,7,21,149,356,2039,229,1195,615,17
CALIFORNIA,RIVERSIDE,2018.0,331022,801,9,73,271,448,5199,754,3552,893,35
CALIFORNIA,RIVERSIDE,2019.0,331022,861,5,50,231,575,4511,638,3164,709,20
CALIFORNIA,ROSEVILLE,2018.0,137706,125,2,15,60,48,1744,231,1363,150,3
CALIFORNIA,ROSEVILLE,2019.0,137706,100,2,14,38,46,1471,196,1166,109,6
CALIFORNIA,SACRAMENTO,2018.0,507037,1606,17,54,491,1044,7649,1348,4887,1414,62
CALIFORNIA,SACRAMENTO,2019.0,507037,1561,18,54,515,974,8002,1464,5131,1407,66
CALIFORNIA,SALINAS,2018.0,158590,484,9,54,156,265,2145,495,1069,581,13
CALIFORNIA,SALINAS,2019.0,158590,426,1,37,147,241,2032,460,997,575,12
CALIFORNIA,SAN BERNARDINO,2018.0,217986,1422,21,87,462,852,4446,1119,2311,1016,32
CALIFORNIA,SAN BERNARDINO,2019.0,217986,1373,20,81,452,820,4373,1078,2243,1052,38
CALIFORNIA,SAN DIEGO,2018.0,1436495,2630,18,310,653,1649,12983,1798,8698,2487,91
CALIFORNIA,SAN DIEGO,2019.0,1436495,2558,19,263,672,1604,13543,1821,9193,2529,59
CALIFORNIA,SAN FRANCISCO,2018.0,889282,3060,21,185,1521,1333,23559,2583,18998,1978,128
CALIFORNIA,SAN FRANCISCO,2019.0,889282,2711,20,167,1356,1168,22053,2277,17760,2016,125
CALIFORNIA,SAN JOSE,2018.0,1047305,2077,15,257,788,1017,13018,2253,6468,4297,71
CALIFORNIA,SAN JOSE,2019.0,1047305,2237,17,311,665,1244,12485,2052,7272,3161,47
CALIFORNIA,SAN MATEO,2018.0,105839,136,0,6,40,90,1076,346,618,112,3
CALIFORNIA,SAN MATEO,2019.0,105839,141,2,26,35,78,1071,256,723,92,5
CALIFORNIA,SANTA CLARA,2018.0,128682,103,0,26,36,41,1620,185,1218,217,4
CALIFORNIA,SANTA CLARA,2019.0,128682,115,0,23,36,56,2447,179,2064,204,14
CALIFORNIA,SANTA CLARITA,2018.0,216589,169,3,23,54,89,1295,310,832,153,15
CALIFORNIA,SANTA CLARITA,2019.0,216589,114,0,22,42,50,1001,213,682,106,4
CALIFORNIA,SANTA ROSA,2018.0,176325,389,3,81,64,241,1556,256,1096,204,14
CALIFORNIA,SANTA ROSA,2019.0,176325,418,2,73,61,282,1402,194,1057,151,12
CALIFORNIA,SIMI VALLEY,2018.0,127222,110,0,25,31,54,802,112,618,72,0
CALIFORNIA,SIMI VALLEY,2019.0,127222,72,0,7,20,45,586,106,448,32,4
CALIFORNIA,STOCKTON,2018.0,313158,2045,15,93,559,1378,5624,1158,3435,1031,82
CALIFORNIA,STOCKTON,2019.0,313158,2244,23,104,531,1586,6278,1124,4256,898,83
CALIFORNIA,SUNNYVALE,2018.0,155637,116,0,23,37,56,1265,201,862,202,1
CALIFORNIA,SUNNYVALE,2019.0,155637,127,0,18,40,69,1646,250,1209,187,6
CALIFORNIA,TEMECULA,2018.0,116411,65,0,0,29,36,1334,213,973,148,0
CALIFORNIA,TEMECULA,2019.0,116411,87,0,2,44,41,1376,171,1044,161,3
CALIFORNIA,THOUSAND OAKS,2018.0,129319,51,2,13,13,23,707,104,545,58,2
CALIFORNIA,THOUSAND OAKS,2019.0,129319,41,0,13,11,17,747,135,572,40,1
CALIFORNIA,TORRANCE,2018.0,146968,124,1,11,55,57,1362,238,984,140,7
CALIFORNIA,TORRANCE,2019.0,146968,151,3,16,67,65,1411,185,1101,125,4
CALIFORNIA,VACAVILLE,2018.0,101146,131,0,10,38,83,1093,102,898,93,5
CALIFORNIA,VACAVILLE,2019.0,101146,157,2,20,40,95,1162,74,1003,85,7
CALIFORNIA,VALLEJO,2018.0,122974,474,4,42,170,258,2024,1069,490,465,20
CALIFORNIA,VALLEJO,2019.0,122974,483,5,50,171,257,2182,1246,563,373,28
CALIFORNIA,VENTURA,2018.0,111272,223,1,31,48,143,1728,274,1302,152,26
CALIFORNIA,VENTURA,2019.0,111272,243,1,38,57,147,1538,177,1222,139,4
CALIFORNIA,VISALIA,2018.0,134224,226,1,55,67,103,2067,376,1432,259,8
CALIFORNIA,VISALIA,2019.0,134224,259,1,53,83,122,1834,367,1201,266,9
CALIFORNIA,VISTA,2018.0,102742,155,1,21,41,92,735,138,445,152,0
CALIFORNIA,VISTA,2019.0,102742,191,1,21,48,121,672,127,443,102,3
CALIFORNIA,WEST COVINA,2018.0,107806,128,0,7,72,49,1262,198,885,179,3
CALIFORNIA,WEST COVINA,2019.0,107806,139,2,12,66,59,1203,166,844,193,4
COLORADO,ARVADA,2018.0,120631,127,0,30,16,81,1667,168,1255,244,10
COLORADO,ARVADA,2019.0,120631,134,1,21,25,87,1870,175,1499,196,4
COLORADO,AURORA,2018.0,372824,1295,10,200,294,791,5547,835,3605,1107,30
COLORADO,AURORA,2019.0,372824,1290,12,216,290,772,5178,642,3408,1128,44
COLORADO,BOULDER,2018.0,108380,127,0,19,12,96,1595,188,1289,118,12
COLORADO,BOULDER,2019.0,108380,127,0,14,23,90,1497,169,1207,121,3
COLORADO,CENTENNIAL,2018.0,111646,97,1,21,8,67,962,122,751,89,5
COLORADO,CENTENNIAL,2019.0,111646,66,0,6,6,54,661,55,545,61,1
COLORADO,COLORADO SPRINGS,2018.0,471124,1334,12,245,278,799,7661,1408,5116,1137,74
COLORADO,COLORADO SPRINGS,2019.0,471124,1249,10,192,193,854,8270,1097,5780,1393,50
COLORADO,DENVER,2018.0,720745,2537,34,374,575,1554,13024,2053,8364,2607,60
COLORADO,DENVER,2019.0,720745,2452,28,333,554,1537,12732,1717,8436,2579,50
COLORADO,FORT COLLINS,2018.0,168163,187,1,17,17,152,1868,197,1591,80,5
COLORADO,FORT COLLINS,2019.0,168163,160,1,17,17,125,1693,183,1414,96,5
COLORADO,GREELEY,2018.0,107325,210,1,44,30,135,1312,183,989,140,11
COLORADO,GREELEY,2019.0,107325,190,1,34,36,119,1218,184,905,129,13
COLORADO,THORNTON,2018.0,139697,192,1,64,45,82,2279,234,1660,385,13
COLORADO,THORNTON,2019.0,139697,172,0,49,30,93,2253,176,1546,531,8
COLORADO,WESTMINSTER,2018.0,113751,174,7,30,41,96,1760,152,1293,315,15
COLORADO,WESTMINSTER,2019.0,113751,134,1,24,36,73,1683,193,1202,288,2
CONNECTICUT,BRIDGEPORT,2018.0,146819,474,5,34,146,289,1495,253,933,309,9
CONNECTICUT,BRIDGEPORT,2019.0,146819,400,9,40,155,196,1129,274,605,250,9
CONNECTICUT,HARTFORD,2018.0,123117,681,13,24,179,465,2311,332,1572,407,38
CONNECTICUT,HARTFORD,2019.0,123117,505,11,12,105,377,1644,181,1238,225,24
CONNECTICUT,STAMFORD,2018.0,132007,107,2,13,26,66,1097,114,854,129,3
CONNECTICUT,STAMFORD,2019.0,132007,107,2,11,38,56,850,104,678,68,1
CONNECTICUT,WATERBURY,2018.0,108378,241,3,32,97,109,2077,281,1393,403,6
CONNECTICUT,WATERBURY,2019.0,108378,143,1,20,56,66,1640,196,1110,334,7
FLORIDA,BOCA RATON,2018.0,100162,96,0,17,30,49,1178,147,938,93,4
FLORIDA,BOCA RATON,2019.0,100162,92,0,20,34,38,1038,110,851,77,5
FLORIDA,CAPE CORAL,2018.0,187869,123,0,6,28,89,1369,202,1084,83,1
FLORIDA,CAPE CORAL,2019.0,187869,105,1,2,16,86,1103,147,865,91,4
FLORIDA,CLEARWATER,2018.0,116504,267,2,53,59,153,1680,185,1394,101,4
FLORIDA,CLEARWATER,2019.0,116504,219,0,25,48,146,1383,137,1163,83,3
FLORIDA,CORAL SPRINGS,2018.0,134640,82,0,14,29,39,1035,104,855,76,1
FLORIDA,CORAL SPRINGS,2019.0,134640,94,0,24,29,41,1083,83,918,82,2
FLORIDA,DAVIE,2018.0,107120,137,0,16,35,86,1374,107,1134,133,1
FLORIDA,DAVIE,2019.0,107120,126,1,9,29,87,1389,110,1135,144,8
FLORIDA,FORT LAUDERDALE,2018.0,182150,505,11,33,162,299,4428,625,3368,435,5
FLORIDA,FORT LAUDERDALE,2019.0,182150,591,9,49,225,308,4421,628,3367,426,4
FLORIDA,GAINESVILLE,2018.0,133400,501,4,74,113,310,2532,272,2087,173,5
FLORIDA,GAINESVILLE,2019.0,133400,445,1,80,81,283,2272,245,1832,195,2
FLORIDA,HIALEAH,2018.0,241778,281,1,18,84,178,2686,213,2094,379,1
FLORIDA,HIALEAH,2019.0,241778,262,1,12,78,171,2472,192,2021,259,3
FLORIDA,HOLLYWOOD,2018.0,155503,189,4,12,56,117,2101,249,1576,276,2
FLORIDA,HOLLYWOOD,2019.0,155503,205,5,22,69,109,2064,273,1589,202,5
FLORIDA,JACKSONVILLE,2018.0,903213,2766,55,289,674,1748,15404,2458,11465,1481,45
FLORIDA,JACKSONVILLE,2019.0,903213,3070,62,250,605,2153,14132,2186,10706,1240,33
FLORIDA,LAKELAND,2018.0,109616,159,3,45,32,79,1834,278,1465,91,0
FLORIDA,LAKELAND,2019.0,109616,186,3,32,51,100,1484,198,1180,106,6
FLORIDA,MIAMI,2018.0,473047,1419,27,56,396,940,8439,1091,6517,831,30
FLORIDA,MIAMI,2019.0,473047,1443,27,67,400,949,8772,871,7086,815,22
FLORIDA,MIAMI GARDENS,2018.0,114670,437,12,8,116,301,2149,251,1694,204,8
FLORIDA,MIAMI GARDENS,2019.0,114670,403,17,9,114,263,2283,197,1855,231,7
FLORIDA,MIRAMAR,2018.0,143103,163,3,15,47,98,1043,106,792,145,2
FLORIDA,MIRAMAR,2019.0,143103,147,2,17,35,93,1020,113,779,128,2
FLORIDA,ORLANDO,2018.0,286679,1059,22,83,313,641,6688,776,5351,561,4
FLORIDA,ORLANDO,2019.0,286679,1016,10,109,236,661,6381,783,4996,602,7
FLORIDA,PALM BAY,2018.0,112902,216,2,35,19,160,1129,226,835,68,3
FLORIDA,PALM BAY,2019.0,112902,195,1,37,27,130,1043,178,788,77,3
FLORIDA,PEMBROKE PINES,2018.0,173053,157,1,14,31,111,1616,123,1372,121,2
FLORIDA,PEMBROKE PINES,2019.0,173053,179,5,20,31,123,1635,107,1394,134,1
FLORIDA,POMPANO BEACH,2018.0,112045,430,1,47,139,243,2187,303,1588,296,2
FLORIDA,POMPANO BEACH,2019.0,112045,428,5,40,155,228,2024,250,1508,266,3
FLORIDA,PORT ST. LUCIE,2018.0,193137,100,2,16,16,66,900,146,717,37,4
FLORIDA,PORT ST. LUCIE,2019.0,193137,144,2,24,20,98,846,96,705,45,2
FLORIDA,ST. PETERSBURG,2018.0,265942,760,12,65,187,496,4332,612,3337,383,22
FLORIDA,ST. PETERSBURG,2019.0,265942,734,7,69,160,498,4233,549,3307,377,10
FLORIDA,TALLAHASSEE,2018.0,192443,674,5,112,133,424,4285,655,3268,362,4
FLORIDA,TALLAHASSEE,2019.0,192443,613,10,89,105,409,3819,545,2938,336,4
FLORIDA,TAMPA,2018.0,392945,786,10,39,153,584,3135,534,2372,229,16
FLORIDA,TAMPA,2019.0,392945,799,14,57,132,596,3287,494,2520,273,20
FLORIDA,WEST PALM BEACH,2018.0,111659,538,16,46,183,293,2146,333,1614,199,9
FLORIDA,WEST PALM BEACH,2019.0,111659,430,10,34,172,214,2070,215,1625,230,9
GEORGIA,ATLANTA,2018.0,496106,1947,42,128,557,1220,10892,1475,7837,1580,47
GEORGIA,ATLANTA,2019.0,496106,2004,47,116,520,1321,10340,1420,7393,1527,37
GEORGIA,SANDY SPRINGS,2018.0,108654,61,2,6,23,30,997,165,753,79,1
GEORGIA,SANDY SPRINGS,2019.0,108654,72,0,5,17,50,925,141,717,67,1
GEORGIA,SAVANNAH-CHATHAM METROPOLITAN,2018.0,242265,459,12,55,122,270,2872,449,2076,347,5
GEORGIA,SAVANNAH-CHATHAM METROPOLITAN,2019.0,242265,576,13,48,121,394,2741,392,2091,258,9
HAWAII,HONOLULU,2018.0,982019,1253,10,201,414,628,14522,1672,10520,2330,147
HAWAII,HONOLULU,2019.0,982019,1298,11,182,462,643,14239,2108,10352,1779,122
IDAHO,BOISE,2018.0,229265,315,1,97,19,198,2256,265,1867,124,17
IDAHO,BOISE,2019.0,229265,293,1,72,15,205,1324,165,1062,97,8
IDAHO,MERIDIAN,2018.0,103774,90,0,25,9,56,571,70,480,21,8
IDAHO,MERIDIAN,2019.0,103774,73,4,16,4,49,558,78,457,23,2
ILLINOIS,AURORA,2018.0,201364,267,2,33,47,185,1102,132,904,66,4
ILLINOIS,AURORA,2019.0,201364,219,9,24,42,144,882,89,730,63,9
ILLINOIS,CHICAGO,2018.0,2719151,13044,257,886,4626,7275,40360,5445,30094,4821,192
ILLINOIS,CHICAGO,2019.0,2719151,12136,239,866,3657,7374,37550,4396,28739,4415,189
ILLINOIS,ELGIN,2018.0,113060,118,2,21,28,67,708,80,589,39,2
ILLINOIS,ELGIN,2019.0,113060,84,0,14,33,37,606,79,491,36,1
ILLINOIS,JOLIET,2018.0,148553,233,3,20,64,146,1036,232,745,59,27
ILLINOIS,JOLIET,2019.0,148553,353,11,25,43,274,1028,116,840,72,25
ILLINOIS,NAPERVILLE5,2018.0,148457,71,1,13,11,46,,84,,28,0
ILLINOIS,NAPERVILLE5,2019.0,148457,67,1,9,7,50,,67,,21,0
ILLINOIS,PEORIA,2018.0,112595,418,10,33,79,296,2187,462,1515,210,28
ILLINOIS,PEORIA,2019.0,112595,496,12,36,106,342,1770,355,1256,159,17
ILLINOIS,ROCKFORD,2018.0,146198,983,11,66,151,755,2611,611,1787,213,33
ILLINOIS,ROCKFORD,2019.0,146198,803,9,55,115,624,2247,449,1628,170,20
ILLINOIS,SPRINGFIELD,2018.0,114623,451,8,35,86,322,2556,596,1871,89,12
ILLINOIS,SPRINGFIELD,2019.0,114623,420,7,58,90,265,2401,515,1729,157,12
INDIANA,EVANSVILLE,2018.0,118765,324,7,41,78,198,2591,374,1972,245,14
INDIANA,EVANSVILLE,2019.0,118765,351,7,45,74,225,2273,276,1811,186,17
INDIANA,FORT WAYNE,2018.0,267634,509,23,71,149,266,3342,488,2585,269,17
INDIANA,FORT WAYNE,2019.0,267634,506,12,79,178,237,3404,447,2699,258,20
INDIANA,SOUTH BEND,2018.0,102397,465,5,34,139,287,1844,422,1265,157,17
INDIANA,SOUTH BEND,2019.0,102397,598,8,26,127,437,1983,351,1371,261,23
KANSAS,WICHITA,2018.0,391726,2361,24,201,274,1862,10710,1673,7649,1388,77
KANSAS,WICHITA,2019.0,391726,2035,13,177,203,1642,9502,1299,7111,1092,59
KENTUCKY,LEXINGTON,2018.0,325579,504,17,118,229,140,5199,748,3926,525,23
KENTUCKY,LEXINGTON,2019.0,325579,395,10,79,156,150,4547,724,3383,440,26
LOUISIANA,BATON ROUGE,2018.0,224790,1025,44,46,335,600,5982,1438,4031,513,85
LOUISIANA,BATON ROUGE,2019.0,224790,1094,28,24,316,726,5420,1006,4059,355,53
LOUISIANA,LAFAYETTE,2018.0,127592,359,3,14,87,255,2941,512,2251,178,10
LOUISIANA,LAFAYETTE,2019.0,127592,330,9,7,63,251,2769,527,2077,165,15
LOUISIANA,NEW ORLEANS5,2018.0,396374,2244,90,338,612,1204,8287,956,5928,1403,
LOUISIANA,NEW ORLEANS5,2019.0,396374,2325,58,359,502,1406,10548,1017,8055,1476,
LOUISIANA,SHREVEPORT,2018.0,190808,805,17,68,168,552,4909,924,3556,429,44
LOUISIANA,SHREVEPORT,2019.0,190808,728,15,70,142,501,4282,787,3208,287,30
MARYLAND,BALTIMORE5,2018.0,605436,5143,133,188,2318,2504,12341,2829,7493,2019,81
MARYLAND,BALTIMORE5,2019.0,605436,5252,158,175,2217,2702,12402,2638,7841,1923,
MASSACHUSETTS,BOSTON,2018.0,694673,2129,26,133,601,1369,6504,942,5031,531,
MASSACHUSETTS,BOSTON,2019.0,694673,1937,22,113,440,1362,6103,763,4843,497,
MASSACHUSETTS,CAMBRIDGE,2018.0,114881,151,0,11,44,96,907,123,750,34,6
MASSACHUSETTS,CAMBRIDGE,2019.0,114881,157,1,7,21,128,943,70,822,51,3
MASSACHUSETTS,LOWELL,2018.0,111989,157,3,8,48,98,812,191,536,85,8
MASSACHUSETTS,LOWELL,2019.0,111989,204,2,10,40,152,747,145,508,94,9
MASSACHUSETTS,SPRINGFIELD,2018.0,155179,762,10,54,237,461,1890,445,1232,213,12
MASSACHUSETTS,SPRINGFIELD,2019.0,155179,628,7,35,158,428,1817,323,1291,203,20
MASSACHUSETTS,WORCESTER,2018.0,186188,645,1,31,151,462,1964,420,1387,157,6
MASSACHUSETTS,WORCESTER,2019.0,186188,544,3,19,104,418,1800,400,1251,149,0
MICHIGAN,ANN ARBOR,2018.0,122571,132,2,32,17,81,858,104,729,25,3
MICHIGAN,ANN ARBOR,2019.0,122571,153,2,41,23,87,1008,71,895,42,2
MICHIGAN,CLINTON TOWNSHIP,2018.0,101279,157,1,32,8,116,685,75,523,87,7
MICHIGAN,CLINTON TOWNSHIP,2019.0,101279,123,0,17,11,95,596,59,473,64,4
MICHIGAN,DETROIT,2018.0,671275,6290,127,494,1116,4553,13786,3421,7193,3172,424
MICHIGAN,DETROIT,2019.0,671275,5956,116,449,990,4401,12786,3123,6693,2970,374
MICHIGAN,LANSING,2018.0,117380,658,2,73,86,497,1613,385,1059,169,15
MICHIGAN,LANSING,2019.0,117380,642,3,63,75,501,1482,314,1002,166,11
MICHIGAN,STERLING HEIGHTS,2018.0,133055,127,1,21,8,97,668,68,547,53,1
MICHIGAN,STERLING HEIGHTS,2019.0,133055,68,0,13,7,48,599,57,484,58,6
MICHIGAN,WARREN,2018.0,135160,336,0,66,58,212,1377,285,798,294,4
MICHIGAN,WARREN,2019.0,135160,340,1,39,42,258,1147,266,696,185,10
MINNESOTA,MINNEAPOLIS6,2018.0,428261,1733,14,237,575,907,7684,1312,5317,1055,38
MINNESOTA,MINNEAPOLIS6,2019.0,428261,1697,14,224,512,947,8557,1390,5871,1296,34
MINNESOTA,ROCHESTER6,2018.0,117037,125,4,39,19,63,1048,139,857,52,1
MINNESOTA,ROCHESTER6,2019.0,117037,100,0,26,17,57,1033,136,839,58,1
MINNESOTA,ST. PAUL,2018.0,309756,907,4,139,258,506,4685,813,2620,1252,55
MINNESOTA,ST. PAUL,2019.0,309756,783,11,105,243,424,5153,960,3017,1176,46
MISSISSIPPI,JACKSON7,2018.0,166024,,46,,202,284,3825,955,2361,509,30
MISSISSIPPI,JACKSON7,2019.0,166024,,48,,203,338,3456,815,2211,430,42
MISSOURI,COLUMBIA,2018.0,123586,179,3,45,38,93,1556,204,1216,136,4
MISSOURI,COLUMBIA,2019.0,123586,188,6,33,37,112,1512,224,1130,158,
MISSOURI,INDEPENDENCE6,2018.0,117368,248,9,27,50,162,3087,384,2063,640,8
MISSOURI,INDEPENDENCE6,2019.0,117368,339,0,53,52,234,2543,257,1778,508,8
MISSOURI,SPRINGFIELD,2018.0,168537,1013,4,162,136,711,5539,905,3950,684,26
MISSOURI,SPRINGFIELD,2019.0,168537,1316,7,191,149,969,5798,937,4120,741,
MISSOURI,ST. LOUIS,2018.0,306875,2724,85,151,652,1836,8476,1282,6001,1193,89
MISSOURI,ST. LOUIS,2019.0,306875,2750,92,115,680,1863,8224,1382,5454,1388,90
MONTANA,BILLINGS,2018.0,110397,273,1,29,53,190,2685,334,1962,389,9
MONTANA,BILLINGS,2019.0,110397,359,6,36,46,271,2248,274,1663,311,5
NEBRASKA,LINCOLN,2018.0,288589,510,2,142,67,299,3884,589,3118,177,19
NEBRASKA,LINCOLN,2019.0,288589,509,2,156,73,278,3805,474,3091,240,
NEBRASKA,OMAHA,2018.0,469351,1259,14,215,187,843,7312,824,5125,1363,
NEBRASKA,OMAHA,2019.0,469351,1378,9,199,233,937,8138,730,5794,1614,
NEVADA,HENDERSON,2018.0,309586,267,4,34,93,136,3063,543,2155,365,9
NEVADA,HENDERSON,2019.0,309586,238,6,36,79,117,2862,447,2121,294,8
NEVADA,LAS VEGAS METROPOLITAN POLICE DEPARTMENT,2018.0,1644390,5129,68,766,1367,2928,23599,6152,13414,4033,51
NEVADA,LAS VEGAS METROPOLITAN POLICE DEPARTMENT,2019.0,1644390,4397,40,713,1094,2550,22677,5289,13746,3642,64
NEVADA,NORTH LAS VEGAS,2018.0,246951,1148,13,74,202,859,2774,693,1467,614,7
NEVADA,NORTH LAS VEGAS,2019.0,246951,1312,9,72,214,1017,2319,641,1207,471,9
NEVADA,RENO,2018.0,252341,759,2,89,140,528,3088,484,2082,522,6
NEVADA,RENO,2019.0,252341,739,6,76,149,508,2836,398,1874,564,7
NEVADA,SPARKS,2018.0,102354,245,1,30,54,160,1197,273,761,163,10
NEVADA,SPARKS,2019.0,102354,246,0,45,44,157,1205,264,754,187,3
NEW HAMPSHIRE,MANCHESTER,2018.0,111422,322,0,35,65,222,1300,155,1067,78,10
NEW HAMPSHIRE,MANCHESTER,2019.0,111422,303,3,29,65,206,1152,135,936,81,3
NEW JERSEY,EDISON TOWNSHIP,2018.0,101309,52,1,2,18,31,564,85,439,40,2
NEW JERSEY,EDISON TOWNSHIP,2019.0,101309,40,1,4,8,27,626,62,520,44,1
NEW JERSEY,ELIZABETH,2018.0,129080,395,3,23,156,213,1927,297,1227,403,5
NEW JERSEY,ELIZABETH,2019.0,129080,438,3,31,173,231,1886,169,1345,372,1
NEW JERSEY,JERSEY CITY,2018.0,270175,535,7,39,198,291,2260,529,1454,277,7
NEW JERSEY,JERSEY CITY,2019.0,270175,623,4,40,169,410,2401,453,1634,314,6
NEW JERSEY,LAKEWOOD TOWNSHIP,2018.0,102915,48,0,1,5,42,369,72,270,27,5
NEW JERSEY,LAKEWOOD TOWNSHIP,2019.0,102915,62,1,5,17,39,433,110,308,15,2
NEW JERSEY,NEWARK,2018.0,282258,999,36,74,331,558,2877,431,1297,1149,25
NEW JERSEY,NEWARK,2019.0,282258,883,29,62,311,481,2312,367,1168,777,6
NEW JERSEY,PATERSON,2018.0,146893,494,4,24,229,237,1825,384,1198,243,4
NEW JERSEY,PATERSON,2019.0,146893,569,4,28,218,319,1678,491,974,213,16
NEW JERSEY,WOODBRIDGE TOWNSHIP,2018.0,100884,64,0,4,15,45,647,65,543,39,4
NEW JERSEY,WOODBRIDGE TOWNSHIP,2019.0,100884,65,0,5,12,48,677,42,567,68,1
NEW MEXICO,ALBUQUERQUE,2018.0,560235,3905,40,248,1050,2567,17946,3220,11079,3647,57
NEW MEXICO,ALBUQUERQUE,2019.0,560235,3284,41,235,690,2318,15338,2926,9657,2755,40
NEW MEXICO,LAS CRUCES,2018.0,102203,194,3,18,19,154,1822,274,1423,125,3
NEW MEXICO,LAS CRUCES,2019.0,102203,256,6,36,23,191,1598,182,1287,129,1
NEW YORK,AMHERST TOWN,2018.0,121343,79,0,12,25,42,780,88,679,13,1
NEW YORK,AMHERST TOWN,2019.0,121343,55,1,6,20,28,826,81,732,13,2
NEW YORK,BUFFALO,2018.0,258219,1289,24,92,416,757,4497,1052,2986,459,77
NEW YORK,BUFFALO,2019.0,258219,1115,17,62,316,720,3643,711,2639,293,63
NEW YORK,NEW YORK,2018.0,8523171,22436,156,1451,6223,14606,59974,5084,52426,2464,
NEW YORK,NEW YORK,2019.0,8523171,22216,142,1391,5838,14845,57521,4425,50911,2185,
NEW YORK,ROCHESTER,2018.0,207701,744,15,66,239,424,3154,511,2374,269,30
NEW YORK,ROCHESTER,2019.0,207701,705,14,48,191,452,3190,535,2351,304,21
NEW YORK,SYRACUSE,2018.0,143129,409,13,43,107,246,1874,331,1350,193,18
NEW YORK,SYRACUSE,2019.0,143129,542,10,53,109,370,2027,351,1413,263,24
NEW YORK,YONKERS,2018.0,202827,371,1,16,108,246,837,136,630,71,2
NEW YORK,YONKERS,2019.0,202827,323,3,24,77,219,800,106,632,62,3
"NORTH CAROLINA 5, 6, 8",CARY,2018.0,170518,,0,,22,42,782,137,626,19,3
"NORTH CAROLINA 5, 6, 8",CARY,2019.0,170518,56,0,6,19,31,703,93,578,32,0
"NORTH CAROLINA 5, 6, 8",CHARLOTTE-MECKLENBURG5,2018.0,931235,,28,,833,1914,,,12430,1423,74
"NORTH CAROLINA 5, 6, 8",CHARLOTTE-MECKLENBURG5,2019.0,931235,3319,53,134,851,2281,,,12572,1447,78
"NORTH CAROLINA 5, 6, 8",DURHAM,2018.0,273759,,13,,276,470,4433,1103,3005,325,19
"NORTH CAROLINA 5, 6, 8",DURHAM,2019.0,273759,965,22,64,299,580,5044,960,3747,337,16
"NORTH CAROLINA 5, 6, 8",FAYETTEVILLE5,2018.0,210117,,9,,98,648,3712,763,2769,180,
"NORTH CAROLINA 5, 6, 8",FAYETTEVILLE5,2019.0,210117,866,11,53,120,682,3398,549,2686,163,30
"NORTH CAROLINA 5, 6, 8",GREENSBORO,2018.0,293298,,23,,259,555,4605,945,3331,329,53
"NORTH CAROLINA 5, 6, 8",GREENSBORO,2019.0,293298,1259,21,50,309,879,5651,1138,4050,463,42
"NORTH CAROLINA 5, 6, 8",HIGH POINT5,2018.0,112526,,8,,54,248,1798,299,1362,137,
"NORTH CAROLINA 5, 6, 8",HIGH POINT5,2019.0,112526,353,10,20,47,276,1771,274,1318,179,9
"NORTH CAROLINA 5, 6, 8",WILMINGTON,2018.0,120920,,4,,65,271,1696,464,1126,106,6
"NORTH CAROLINA 5, 6, 8",WILMINGTON,2019.0,120920,373,3,29,51,290,1575,335,1138,102,9
NORTH DAKOTA,FARGO,2018.0,124906,246,3,53,33,157,1840,319,1373,148,5
NORTH DAKOTA,FARGO,2019.0,124906,281,3,62,42,174,1909,394,1327,188,14
OHIO,AKRON,2018.0,197690,756,12,112,170,462,3405,807,2233,365,29
OHIO,AKRON,2019.0,197690,895,14,72,159,650,2949,736,1956,257,34
OHIO,CINCINNATI5,2018.0,301952,1148,34,155,417,542,6624,1400,4543,681,
OHIO,CINCINNATI5,2019.0,301952,1192,24,129,375,664,5982,1234,4187,561,
OHIO,CLEVELAND,2018.0,384666,3019,40,256,1068,1655,7982,2079,4370,1533,77
OHIO,CLEVELAND,2019.0,384666,2703,35,220,843,1605,7762,2095,4393,1274,73
OHIO,COLUMBUS5,2018.0,892576,2202,60,461,879,802,15219,3126,10036,2057,
OHIO,COLUMBUS5,2019.0,892576,2122,49,372,823,878,14128,2676,9527,1925,
OHIO,DAYTON,2018.0,140094,670,16,88,206,360,2994,812,1800,382,24
OHIO,DAYTON,2019.0,140094,630,10,93,151,376,2635,701,1573,361,3
OHIO,"TOLEDO5, 9",2018.0,275023,1093,23,106,285,679,5033,1279,3441,313,
OHIO,"TOLEDO5, 9",2019.0,275023,1183,16,91,290,786,4462,1132,3015,315,
OKLAHOMA,BROKEN ARROW,2018.0,109663,69,1,30,6,32,1140,157,889,94,3
OKLAHOMA,BROKEN ARROW,2019.0,109663,71,0,19,13,39,968,139,763,66,4
OKLAHOMA,NORMAN,2018.0,124577,172,2,42,25,103,1729,280,1283,166,4
OKLAHOMA,NORMAN,2019.0,124577,162,0,39,22,101,1538,219,1155,164,3
OKLAHOMA,OKLAHOMA CITY6,2018.0,652936,2708,34,264,491,1919,12384,3050,7689,1645,28
OKLAHOMA,OKLAHOMA CITY6,2019.0,652936,2290,31,212,437,1610,12562,2768,8031,1763,34
OKLAHOMA,TULSA,2018.0,403147,1993,21,192,366,1414,10792,2359,6812,1621,97
OKLAHOMA,TULSA,2019.0,403147,1993,29,160,333,1471,10031,2270,6412,1349,91
OREGON,EUGENE,2018.0,170771,322,1,65,93,163,2754,403,2088,263,21
OREGON,EUGENE,2019.0,170771,304,2,62,79,161,2777,434,2080,263,16
OREGON,GRESHAM,2018.0,111797,218,0,34,53,131,1906,237,1019,650,4
OREGON,GRESHAM,2019.0,111797,227,1,40,54,132,1733,204,1009,520,16
OREGON,HILLSBORO,2018.0,109121,168,0,38,36,94,1034,95,829,110,4
OREGON,HILLSBORO,2019.0,109121,136,0,41,28,67,1065,85,868,112,7
OREGON,PORTLAND10,2018.0,657260,1707,10,245,526,926,18043,2181,12459,3403,
OREGON,PORTLAND10,2019.0,657260,1736,16,188,470,1062,16789,2125,11423,3241,119
OREGON,SALEM,2018.0,172022,398,2,35,99,262,3739,407,2809,523,22
OREGON,SALEM,2019.0,172022,312,0,17,66,229,3256,341,2511,404,23
PENNSYLVANIA,ALLENTOWN,2018.0,121743,187,4,25,81,77,1336,203,998,135,4
PENNSYLVANIA,ALLENTOWN,2019.0,121743,230,4,32,76,118,1261,261,907,93,4
PENNSYLVANIA,PHILADELPHIA,2018.0,1586916,6956,148,536,2481,3791,23172,3036,17491,2645,212
PENNSYLVANIA,PHILADELPHIA,2019.0,1586916,7224,163,494,2576,3991,22884,2789,17489,2606,226
PENNSYLVANIA,PITTSBURGH,2018.0,302544,827,30,54,329,414,4159,636,3201,322,52
PENNSYLVANIA,PITTSBURGH,2019.0,302544,784,18,83,274,409,3648,577,2780,291,50
RHODE ISLAND,PROVIDENCE,2018.0,180169,428,5,62,119,242,2829,393,2114,322,8
RHODE ISLAND,PROVIDENCE,2019.0,180169,384,5,51,96,232,2302,321,1766,215,2
SOUTH CAROLINA,CHARLESTON,2018.0,137092,176,4,19,34,119,1408,137,1109,162,3
SOUTH CAROLINA,CHARLESTON,2019.0,137092,254,4,24,41,185,1333,157,992,184,3
SOUTH CAROLINA,COLUMBIA,2018.0,133540,524,7,54,104,359,3455,479,2567,409,17
SOUTH CAROLINA,COLUMBIA,2019.0,133540,467,11,35,106,315,3109,456,2327,326,6
SOUTH DAKOTA,SIOUX FALLS,2018.0,180335,371,3,51,54,263,2447,299,1887,261,16
SOUTH DAKOTA,SIOUX FALLS,2019.0,180335,352,0,38,24,290,2026,244,1532,250,13
TENNESSEE,CHATTANOOGA,2018.0,180397,919,8,78,168,665,5238,705,3831,702,3
TENNESSEE,CHATTANOOGA,2019.0,180397,918,11,78,98,731,4605,571,3505,529,20
TENNESSEE,CLARKSVILLE,2018.0,156264,510,12,55,64,379,2232,299,1772,161,12
TENNESSEE,CLARKSVILLE,2019.0,156264,460,6,39,48,367,2241,263,1747,231,6
TENNESSEE,KNOXVILLE,2018.0,188653,798,16,71,153,558,4465,657,3272,536,5
TENNESSEE,KNOXVILLE,2019.0,188653,630,10,88,120,412,3888,556,2875,457,3
TENNESSEE,MEMPHIS,2018.0,652226,6085,76,254,1410,4345,20155,4118,13777,2260,135
TENNESSEE,MEMPHIS,2019.0,652226,6238,90,216,1150,4782,19088,3733,13482,1873,163
TENNESSEE,METROPOLITAN NASHVILLE POLICE DEPARTMENT,2018.0,686492,3683,40,232,944,2467,12776,1687,9631,1458,25
TENNESSEE,METROPOLITAN NASHVILLE POLICE DEPARTMENT,2019.0,686492,3404,30,204,923,2247,12825,1667,9810,1348,22
TENNESSEE,MURFREESBORO,2018.0,140702,322,7,46,56,213,2077,296,1648,133,4
TENNESSEE,MURFREESBORO,2019.0,140702,269,1,31,48,189,1959,282,1559,118,3
TEXAS,ABILENE,2018.0,122480,272,2,60,38,172,1848,417,1304,127,1
TEXAS,ABILENE,2019.0,122480,252,2,44,35,171,1566,265,1198,103,4
TEXAS,ALLEN,2018.0,103168,60,0,18,11,31,610,64,522,24,0
TEXAS,ALLEN,2019.0,103168,48,0,11,10,27,547,47,472,28,0
TEXAS,AMARILLO,2018.0,201082,786,5,106,136,539,4195,731,3017,447,17
TEXAS,AMARILLO,2019.0,201082,767,7,90,134,536,3804,737,2581,486,21
TEXAS,ARLINGTON,2018.0,400920,918,4,116,187,611,6085,804,4660,621,7
TEXAS,ARLINGTON,2019.0,400920,957,8,116,184,649,5498,611,4281,606,9
TEXAS,AUSTIN6,2018.0,973344,1915,16,407,515,977,15268,1984,12088,1196,36
TEXAS,AUSTIN6,2019.0,973344,1899,13,281,437,1168,17563,1950,14206,1407,56
TEXAS,BEAUMONT,2018.0,119368,636,5,54,173,404,2222,483,1528,211,18
TEXAS,BEAUMONT,2019.0,119368,588,8,41,141,398,2118,473,1496,149,11
TEXAS,BROWNSVILLE,2018.0,184461,313,2,12,75,224,2559,288,2207,64,5
TEXAS,BROWNSVILLE,2019.0,184461,368,0,0,69,299,2231,307,1860,64,8
TEXAS,CARROLLTON,2018.0,138216,93,2,26,29,36,1130,187,826,117,0
TEXAS,CARROLLTON,2019.0,138216,97,1,15,37,44,1052,152,764,136,1
TEXAS,COLLEGE STATION,2018.0,116565,114,1,29,15,69,1226,134,1028,64,0
TEXAS,COLLEGE STATION,2019.0,116565,120,1,23,22,74,1133,205,834,94,0
TEXAS,CORPUS CHRISTI6,2018.0,328614,1214,14,147,239,814,5993,1083,4465,445,34
TEXAS,CORPUS CHRISTI6,2019.0,328614,1220,11,126,229,854,5450,923,4127,400,28
TEXAS,DALLAS,2018.0,1362465,4763,81,434,1744,2504,21200,4773,11987,4440,106
TEXAS,DALLAS,2019.0,1362465,5801,109,395,2188,3109,22995,4993,12795,5207,70
TEXAS,DENTON,2018.0,139262,203,2,59,46,96,1743,213,1404,126,1
TEXAS,DENTON,2019.0,139262,191,1,69,44,77,1615,193,1308,114,0
TEXAS,EL PASO,2018.0,688442,1247,6,202,180,859,5187,564,4249,374,6
TEXAS,EL PASO,2019.0,688442,1200,9,175,176,840,4909,541,3972,396,24
TEXAS,FRISCO,2018.0,187889,90,1,28,11,50,1226,125,1046,55,1
TEXAS,FRISCO,2019.0,187889,78,1,25,15,37,1257,131,1068,58,5
TEXAS,GARLAND,2018.0,239577,333,7,52,119,155,3050,542,2100,408,10
TEXAS,GARLAND,2019.0,239577,354,10,68,121,155,3363,508,2408,447,5
TEXAS,GRAND PRAIRIE,2018.0,196535,241,3,48,64,126,2087,289,1566,232,8
TEXAS,GRAND PRAIRIE,2019.0,196535,216,4,33,75,104,1936,240,1444,252,8
TEXAS,HOUSTON5,2018.0,2344966,12194,139,609,4415,7031,46206,7939,32589,5678,
TEXAS,HOUSTON5,2019.0,2344966,11832,129,609,4309,6785,48251,8360,33863,6028,
TEXAS,IRVING,2018.0,243940,242,6,32,98,106,2827,377,2134,316,9
TEXAS,IRVING,2019.0,243940,292,2,23,158,109,2887,329,2228,330,6
TEXAS,KILLEEN,2018.0,148007,292,3,67,79,143,1703,465,1119,119,17
TEXAS,KILLEEN,2019.0,148007,296,5,59,61,171,1594,411,1025,158,16
TEXAS,LAREDO6,2018.0,264214,443,6,77,76,284,3170,351,2732,87,18
TEXAS,LAREDO6,2019.0,264214,451,2,55,84,310,2442,395,1908,139,25
TEXAS,LEAGUE CITY,2018.0,108275,44,1,19,9,15,883,90,723,70,8
TEXAS,LEAGUE CITY,2019.0,108275,63,1,27,6,29,725,83,600,42,1
TEXAS,LUBBOCK,2018.0,257372,1235,5,114,229,887,5543,1098,3823,622,34
TEXAS,LUBBOCK,2019.0,257372,1261,7,134,234,886,5584,1189,3840,555,37
TEXAS,MCALLEN,2018.0,144363,57,0,20,14,23,1961,97,1841,23,2
TEXAS,MCALLEN,2019.0,144363,76,0,19,18,39,1725,66,1646,13,2
TEXAS,MCKINNEY,2018.0,189555,160,0,35,46,79,1009,119,813,77,7
TEXAS,MCKINNEY,2019.0,189555,133,1,32,20,80,939,125,742,72,5
TEXAS,MESQUITE,2018.0,144558,313,4,29,109,171,2646,404,1773,469,4
TEXAS,MESQUITE,2019.0,144558,335,5,26,110,194,2514,321,1800,393,3
TEXAS,MIDLAND,2018.0,140072,179,3,34,25,117,1339,193,1002,144,11
TEXAS,MIDLAND,2019.0,140072,201,2,35,20,144,1749,175,1363,211,1
TEXAS,ODESSA,2018.0,119545,536,3,48,50,435,1453,239,1028,186,5
TEXAS,ODESSA,2019.0,119545,603,3,72,55,473,1644,213,1212,219,8
TEXAS,PASADENA6,2018.0,154101,355,3,56,90,206,1792,267,1356,169,4
TEXAS,PASADENA6,2019.0,154101,393,1,44,85,263,1876,281,1357,238,4
TEXAS,PEARLAND,2018.0,124179,70,0,11,15,44,887,104,734,49,3
TEXAS,PEARLAND,2019.0,124179,52,3,16,20,13,1053,141,866,46,1
TEXAS,RICHARDSON6,2018.0,119480,67,2,5,25,35,1224,188,932,104,3
TEXAS,RICHARDSON6,2019.0,119480,84,1,12,31,40,1177,171,882,124,0
TEXAS,ROUND ROCK,2018.0,127354,79,1,20,13,45,1170,156,988,26,2
TEXAS,ROUND ROCK,2019.0,127354,77,1,10,28,38,1160,70,1065,25,2
TEXAS,SAN ANGELO,2018.0,101084,198,1,52,24,121,1611,280,1221,110,1
TEXAS,SAN ANGELO,2019.0,101084,176,4,30,13,129,1576,260,1202,114,6
TEXAS,SAN ANTONIO,2018.0,1539328,4916,58,680,873,3305,30590,4642,22993,2955,88
TEXAS,SAN ANTONIO,2019.0,1539328,5171,53,717,926,3475,32384,4142,24750,3492,88
TEXAS,TYLER,2018.0,106159,178,0,32,28,118,1375,179,1131,65,0
TEXAS,TYLER,2019.0,106159,191,0,33,22,136,1555,215,1258,82,0
TEXAS,WACO,2018.0,138091,376,2,56,57,261,2385,576,1651,158,11
TEXAS,WACO,2019.0,138091,377,5,52,53,267,2247,404,1703,140,4
TEXAS,WICHITA FALLS,2018.0,104738,199,4,45,67,83,1523,304,1120,99,0
TEXAS,WICHITA FALLS,2019.0,104738,186,3,48,34,101,1495,258,1134,103,1
UTAH,PROVO,2018.0,117986,115,1,42,9,63,1012,120,823,69,2
UTAH,PROVO,2019.0,117986,74,1,26,5,42,795,80,667,48,1
UTAH,SALT LAKE CITY,2018.0,202633,718,3,125,201,389,5969,817,4417,735,13
UTAH,SALT LAKE CITY,2019.0,202633,673,7,119,191,356,5395,608,4161,626,13
UTAH,WEST JORDAN,2018.0,115392,130,0,24,26,80,1492,165,1169,158,1
UTAH,WEST JORDAN,2019.0,115392,112,0,13,11,88,1187,132,969,86,0
UTAH,WEST VALLEY,2018.0,137132,488,6,93,79,310,2446,409,1616,421,9
UTAH,WEST VALLEY,2019.0,137132,474,4,88,71,311,2055,310,1434,311,8
VIRGINIA,ALEXANDRIA,2018.0,162588,125,1,16,36,72,1082,59,863,160,3
VIRGINIA,ALEXANDRIA,2019.0,162588,137,1,7,44,85,1057,41,857,159,2
VIRGINIA,CHESAPEAKE,2018.0,242310,506,1,55,70,380,2404,332,1933,139,5
VIRGINIA,CHESAPEAKE,2019.0,242310,524,3,51,76,394,2427,253,2039,135,7
VIRGINIA,NEWPORT NEWS,2018.0,178734,445,16,49,100,280,2586,412,1949,225,17
VIRGINIA,NEWPORT NEWS,2019.0,178734,472,8,27,78,359,2097,228,1711,158,21
VIRGINIA,NORFOLK,2018.0,244347,554,20,63,144,327,3994,321,3295,378,8
VIRGINIA,NORFOLK,2019.0,244347,601,13,70,140,378,3850,439,3070,341,5
VIRGINIA,ROANOKE,2018.0,100042,208,5,26,53,124,2009,257,1605,147,10
VIRGINIA,ROANOKE,2019.0,100042,209,6,28,45,130,2069,226,1664,179,8
VIRGINIA,VIRGINIA BEACH,2018.0,451001,275,6,36,89,144,3650,298,3107,245,20
VIRGINIA,VIRGINIA BEACH,2019.0,451001,250,15,42,87,106,3615,241,3099,275,15
WASHINGTON,BELLEVUE,2018.0,146913,95,0,14,34,47,2230,255,1814,161,8
WASHINGTON,BELLEVUE,2019.0,146913,107,1,15,36,55,2032,206,1688,138,2
WASHINGTON,EVERETT,2018.0,111091,182,1,23,50,108,2444,349,1561,534,6
WASHINGTON,EVERETT,2019.0,111091,168,4,20,38,106,1965,220,1380,365,7
WASHINGTON,KENT,2018.0,129870,238,4,47,101,86,3065,409,2120,536,9
WASHINGTON,KENT,2019.0,129870,221,1,45,101,74,2647,418,1750,479,3
WASHINGTON,SPOKANE,2018.0,218222,814,4,190,109,511,7490,978,5698,814,19
WASHINGTON,SPOKANE,2019.0,218222,761,2,125,136,498,6308,856,4821,631,25
WISCONSIN,GREEN BAY,2018.0,105281,247,1,43,25,178,817,106,663,48,3
WISCONSIN,GREEN BAY,2019.0,105281,242,2,35,27,178,812,109,640,63,3
WISCONSIN,MADISON,2018.0,258455,501,2,57,90,352,2922,416,2264,242,5
WISCONSIN,MADISON,2019.0,258455,434,0,49,97,288,2834,428,2134,272,5
WISCONSIN,MILWAUKEE,2018.0,595619,4190,53,284,1080,2773,8606,1967,4266,2373,88
WISCONSIN,MILWAUKEE,2019.0,595619,3429,44,169,761,2455,6241,1389,3325,1527,84
