fips,fi_rate_18,ch_fi_rate_18,cpm_18
1001,15.6%,21.4%,US$3.33
1003,12.9%,16.9%,US$3.58
1005,21.9%,32%,US$3.12
1007,15.1%,20.9%,US$2.94
1009,13.6%,19.1%,US$3.14
1011,20.5%,32.4%,US$3.32
1013,19.1%,27%,US$2.97
1015,17.4%,24.6%,US$2.98
1017,16.4%,22.2%,US$2.92
1019,15.6%,21.1%,US$3.25
1021,15.8%,21%,US$3.15
1023,20.7%,31.6%,US$2.99
1025,21.1%,27.7%,US$2.93
1027,15.9%,21.4%,US$3.14
1029,17.5%,26.2%,US$3.04
1031,15.6%,21.7%,US$3.44
1033,16.4%,23.1%,US$2.87
1035,19.5%,27.8%,US$2.96
1037,16.4%,24.5%,US$3.35
1039,17.7%,25.1%,US$2.98
1041,16.6%,22.6%,US$3.29
1043,15.1%,20.2%,US$3.17
1045,18%,24.2%,US$3.18
1047,22.7%,32.6%,US$3.16
1049,16.6%,22.7%,US$3.16
1051,14.3%,19.3%,US$3.36
1053,19.4%,26.5%,US$2.99
1055,16.6%,24.6%,US$3.03
1057,18.3%,27.8%,US$3.24
1059,15.7%,23%,US$2.91
1061,19%,28.1%,US$2.95
1063,26.1%,38.6%,US$3.34
1065,20.7%,28.3%,US$3.31
1067,15.1%,21%,US$3.23
1069,16.9%,23.6%,US$3.24
1071,17.2%,24.3%,US$3.21
1073,16.1%,21.1%,US$3.21
1075,18.3%,27.4%,US$3.16
1077,14.9%,20.3%,US$2.93
1079,16.5%,22.7%,US$3.17
1081,15.5%,19.7%,US$3.56
1083,14.1%,19.3%,US$3.18
1085,23.4%,34.1%,US$3.33
1087,20.2%,29%,US$3.26
1089,13.6%,18%,US$3.17
1091,20.1%,25.5%,US$2.98
1093,17.8%,25.4%,US$3.15
1095,16.2%,23.3%,US$2.97
1097,16.8%,23.4%,US$3.16
1099,21.9%,28.8%,US$2.99
1101,17.8%,24.1%,US$3.26
1103,14.9%,20.5%,US$3.10
1105,27%,37.7%,US$3.07
1107,19.7%,29.2%,US$3.38
1109,18.8%,26%,US$3.41
1111,15.6%,22.4%,US$2.96
1113,18.2%,24.1%,US$3.14
1115,14.1%,18.5%,US$3.45
1117,10.6%,13.7%,US$3.39
1119,23%,31.2%,US$2.96
1121,17.7%,25.1%,US$3.29
1123,17.5%,26.3%,US$3.16
1125,14.8%,19%,US$3.47
1127,18%,25.8%,US$2.91
1129,19.3%,29.9%,US$3.20
1131,24.7%,34.9%,US$3.10
1133,17.1%,25.1%,US$2.89
2013,11.6%,16%,US$4.34
2016,11.3%,10.4%,US$6.45
2020,11.5%,16.1%,US$3.73
2050,21.1%,31%,US$4.09
2060,12.2%,16.5%,US$3.83
2068,14.9%,18%,US$3.75
2070,16.1%,24.2%,US$4.10
2090,11.5%,15.7%,US$3.68
2100,13.3%,21.9%,US$3.71
2105,15.5%,26.6%,US$3.52
2110,10.4%,14.1%,US$3.49
2122,13.9%,20.7%,US$4.34
2130,13.1%,19.2%,US$3.55
2150,12.3%,16.8%,US$3.85
2158,28%,43.2%,US$4.35
2164,17.3%,27.7%,US$3.83
2170,12.6%,18.6%,US$4.09
2180,19.1%,27.9%,US$4.35
2185,13.1%,18.4%,US$3.72
2188,21.2%,31.8%,US$3.94
2195,13.8%,22.1%,US$3.73
2198,17.8%,28.5%,US$3.52
2220,11%,13.6%,US$3.73
2230,13%,18.9%,US$3.70
2240,14.8%,22.1%,US$3.76
2261,11.9%,16.9%,US$3.83
2275,13.2%,18.4%,US$3.77
2282,11.9%,16.6%,US$3.94
2290,22%,35.3%,US$3.80
4001,22.6%,35%,US$3.22
4003,14.4%,21.6%,US$2.95
4005,14.3%,20.5%,US$3.29
4007,17.7%,29.8%,US$3.07
4009,14.6%,22.1%,US$2.96
4011,11.8%,15.8%,US$3.02
4012,17.5%,28.1%,US$3.06
4013,12.1%,17.2%,US$3.15
4015,16.8%,25.7%,US$3.13
4017,20.2%,31.3%,US$2.96
4019,13.6%,19.8%,US$3.10
4021,12.7%,19.3%,US$2.96
4023,15.3%,23.8%,US$2.58
4025,13.9%,20.7%,US$3.32
4027,18.8%,30.8%,US$2.72
5001,19.3%,25%,US$3.03
5003,19.6%,27.7%,US$2.95
5005,16.3%,23.2%,US$3.19
5007,11.6%,14.4%,US$3.02
5009,15.9%,22.7%,US$2.67
5011,19.6%,26.7%,US$2.88
5013,16.9%,26.5%,US$2.83
5015,14.4%,19.2%,US$2.98
5017,23.9%,33.4%,US$2.91
5019,17.5%,23.7%,US$2.98
5021,19.9%,28.8%,US$2.65
5023,16.1%,23.3%,US$3.10
5025,17.5%,26.6%,US$2.95
5027,19.8%,27.4%,US$2.91
5029,18.5%,25.8%,US$2.79
5031,16.8%,21.8%,US$2.75
5033,16%,22.6%,US$2.75
5035,19.3%,26.5%,US$2.96
5037,17.7%,23.5%,US$2.81
5039,17.8%,23.7%,US$2.89
5041,22.2%,30.5%,US$2.88
5043,18.2%,24.6%,US$2.95
5045,15.6%,18.4%,US$3.00
5047,18.5%,24.7%,US$2.82
5049,19.8%,30%,US$2.94
5051,17.6%,25.5%,US$2.98
5053,15.3%,21%,US$3.07
5055,17.3%,24.6%,US$2.69
5057,18.2%,25.8%,US$2.75
5059,17.9%,25%,US$2.92
5061,16.7%,24.4%,US$2.93
5063,17%,23.8%,US$2.80
5065,18.2%,28.5%,US$2.95
5067,20.9%,30.6%,US$2.80
5069,20%,28.5%,US$2.91
5071,18.6%,25.6%,US$2.83
5073,19.9%,27.8%,US$3.04
5075,18.5%,23.9%,US$2.78
5077,22.1%,29.6%,US$2.85
5079,18.6%,25.2%,US$2.84
5081,18%,24.6%,US$2.92
5083,18.3%,27.4%,US$2.89
5085,14%,18.6%,US$3.10
5087,15.7%,20.4%,US$2.98
5089,18.5%,27.4%,US$3.00
5091,19.3%,26.9%,US$3.02
5093,21.6%,29.9%,US$2.83
5095,22.3%,32.9%,US$2.74
5097,18.7%,27.7%,US$2.92
5099,21.2%,30.8%,US$2.82
5101,15.7%,22.6%,US$2.90
5103,19.9%,28.2%,US$2.77
5105,17.6%,25.6%,US$3.09
5107,25.6%,35.7%,US$2.99
5109,18.2%,25.1%,US$2.93
5111,19.3%,28.1%,US$2.64
5113,19.6%,26.3%,US$2.93
5115,16.8%,22.3%,US$2.85
5117,17.2%,23.8%,US$2.93
5119,16.7%,21.8%,US$3.10
5121,17.8%,23.6%,US$2.76
5123,21.6%,29.7%,US$2.78
5125,12.9%,17.1%,US$3.17
5127,18.6%,25.4%,US$2.87
5129,18.9%,25.9%,US$2.88
5131,17.8%,23.6%,US$2.82
5133,15.7%,21.6%,US$2.93
5135,20%,29.5%,US$2.85
5137,19.7%,28.1%,US$2.95
5139,18%,25.7%,US$2.91
5141,18.8%,28.5%,US$2.96
5143,13.8%,16%,US$3.00
5145,16.7%,21.9%,US$2.84
5147,21.5%,30.4%,US$2.89
5149,16.4%,22%,US$2.77
6001,9.1%,11.1%,US$3.97
6003,14.5%,20.3%,US$3.69
6005,10.9%,17.5%,US$4.20
6007,14.2%,20.3%,US$3.37
6009,12.2%,20.3%,US$4.44
6011,13.8%,23.1%,US$3.36
6013,8.5%,11.6%,US$3.77
6015,16.7%,25.1%,US$3.49
6017,9.1%,13.4%,US$4.47
6019,15.2%,22.9%,US$3.07
6021,14.2%,20.2%,US$3.33
6023,14.1%,19.6%,US$3.32
6025,19.2%,31.4%,US$2.71
6027,10.5%,14.4%,US$3.27
6029,14.3%,21.6%,US$3.04
6031,14.4%,21.1%,US$3.07
6033,15.7%,23.1%,US$3.92
6035,12.5%,19.9%,US$3.88
6037,11.4%,15.2%,US$3.46
6039,13.2%,20.4%,US$3.97
6041,7.4%,8.4%,US$4.61
6043,13.4%,21%,US$3.22
6045,13.5%,19.4%,US$3.53
6047,15%,22.8%,US$3.25
6049,14.7%,24.2%,US$3.36
6051,8.5%,12%,US$3.25
6053,10.5%,15.2%,US$3.44
6055,7.9%,10%,US$4.38
6057,10.7%,15.9%,US$4.80
6059,8.5%,11.2%,US$3.52
6061,8.3%,11.6%,US$3.80
6063,13.6%,20.3%,US$3.48
6065,10%,14.6%,US$3.15
6067,11.9%,16.9%,US$3.33
6069,7.5%,11.7%,US$4.40
6071,10.7%,15.5%,US$3.10
6073,9.6%,12.6%,US$3.52
6075,10.2%,10.4%,US$4.79
6077,12.4%,17.9%,US$3.26
6079,9.2%,12.1%,US$3.75
6081,6.8%,7.7%,US$3.98
6083,9.5%,12.7%,US$3.44
6085,7.2%,8%,US$3.84
6087,10.3%,14%,US$4.10
6089,14.2%,21.9%,US$3.24
6091,10.5%,17.8%,US$3.61
6093,16.1%,24.7%,US$3.48
6095,10%,14.3%,US$3.32
6097,9%,11.8%,US$4.00
6099,12.4%,18.2%,US$3.30
6101,13.8%,20.8%,US$2.91
6103,15.8%,24.3%,US$3.30
6105,16.1%,25.7%,US$3.35
6107,15.9%,23.9%,US$3.10
6109,12.8%,18.7%,US$4.06
6111,8.2%,11.4%,US$3.47
6113,10.6%,13.6%,US$3.53
6115,14.4%,21.3%,US$3.11
8001,9.3%,11.7%,US$3.22
8003,14.6%,17.3%,US$3.36
8005,9.2%,11.1%,US$3.41
8007,10.6%,15%,US$3.30
8009,14.3%,20.4%,US$2.74
8011,16.5%,22%,US$3.05
8013,9%,9.5%,US$3.95
8014,7.5%,8.3%,US$3.85
8015,10.7%,14.1%,US$3.43
8017,9.7%,11.2%,US$2.99
8019,8.1%,10.8%,US$3.59
8021,13.8%,20%,US$3.37
8023,18%,25.5%,US$3.40
8025,17.9%,22.9%,US$3.30
8027,12.7%,19.8%,US$3.04
8029,14.1%,20.8%,US$3.21
8031,11%,12.6%,US$3.64
8033,13.1%,19.1%,US$3.58
8035,5.9%,7.7%,US$3.57
8037,6.2%,7.1%,US$3.55
8039,6.7%,9.9%,US$3.51
8041,10.9%,14.4%,US$3.30
8043,14%,21.2%,US$3.18
8045,8.1%,9.4%,US$3.52
8047,6.8%,10.6%,US$3.55
8049,8.9%,12%,US$3.61
8051,9.6%,9.6%,US$3.52
8053,13%,19.5%,US$3.76
8055,15%,22.7%,US$3.12
8057,10.2%,16.7%,US$3.85
8059,8.3%,10.2%,US$3.56
8061,10.5%,14.8%,US$3.06
8063,10%,13.1%,US$2.95
8065,11.6%,13%,US$3.94
8067,8.7%,10.7%,US$3.91
8069,9.5%,11.1%,US$3.49
8071,13.8%,18.3%,US$3.16
8073,11.6%,14.6%,US$3.48
8075,11.8%,16.1%,US$3.07
8077,12.6%,17.9%,US$3.19
8079,10.4%,14.4%,US$3.69
8081,11.5%,14.6%,US$3.47
8083,13.8%,21%,US$3.18
8085,12.8%,18.4%,US$3.48
8087,9.3%,11%,US$3.02
8089,16.3%,21.6%,US$3.02
8091,10.9%,13.3%,US$3.54
8093,8%,12.4%,US$3.45
8095,8.1%,8.8%,US$3.15
8097,8.2%,8.9%,US$3.66
8099,13.4%,17.1%,US$3.03
8101,14.1%,19.1%,US$3.00
8103,11%,16%,US$3.43
8105,13.6%,18.1%,US$3.43
8107,8.7%,10.2%,US$4.24
8109,13%,17.4%,US$3.43
8111,9.5%,18.5%,US$3.76
8113,9.6%,11.2%,US$3.36
8115,12.7%,18.2%,US$3.16
8117,8.4%,10%,US$4.44
8119,10%,14%,US$3.49
8121,9.9%,13.9%,US$3.33
8123,8.5%,10.9%,US$3.40
8125,11%,14%,US$3.01
9001,9.9%,12.4%,US$4.06
9003,11.7%,15.4%,US$3.43
9005,9.8%,13.5%,US$3.64
9007,9.7%,13.1%,US$3.88
9009,12.1%,16.1%,US$3.41
9011,11.8%,16.8%,US$3.55
9013,9.2%,12%,US$3.93
9015,11.9%,17%,US$3.00
10001,12.5%,19.1%,US$3.02
10003,10.7%,15.1%,US$3.43
10005,10.9%,17.9%,US$3.59
11001,10.7%,18%,US$4.33
12001,13.9%,18.2%,US$3.49
12003,13.5%,20.7%,US$3.10
12005,14.9%,22.3%,US$3.40
12007,16.3%,25.1%,US$3.02
12009,12.5%,19.3%,US$3.39
12011,11.6%,16.3%,US$3.57
12013,14%,20.4%,US$3.28
12015,13.4%,22.1%,US$3.38
12017,15.5%,27%,US$3.52
12019,11.3%,17.1%,US$3.14
12021,10.5%,16.8%,US$3.68
12023,15.2%,23.5%,US$2.92
12027,16.4%,24%,US$3.19
12029,18.1%,27.6%,US$3.05
12031,14.1%,20.6%,US$3.27
12033,13.6%,21%,US$3.24
12035,12.4%,20.1%,US$3.44
12037,16.3%,28%,US$2.98
12039,18%,29.1%,US$2.95
12041,15.1%,25.3%,US$3.31
12043,14.3%,21.8%,US$3.53
12045,14.2%,22.4%,US$3.36
12047,19.8%,29.1%,US$2.96
12049,15.2%,24.2%,US$2.92
12051,16.2%,22.8%,US$3.06
12053,13.8%,21.6%,US$3.23
12055,15.6%,25.9%,US$3.14
12057,12.3%,17%,US$3.40
12059,18.6%,28.3%,US$3.52
12061,12.6%,20.2%,US$3.78
12063,16.6%,25.2%,US$3.22
12065,13.6%,20.8%,US$3.29
12067,14.7%,20.1%,US$2.91
12069,12.4%,19.3%,US$3.32
12071,12%,18.7%,US$3.44
12073,13.7%,18.1%,US$3.48
12075,15.9%,26.3%,US$3.09
12077,14.7%,21.2%,US$3.38
12079,18.5%,29.5%,US$3.24
12081,11.9%,18.1%,US$3.47
12083,14.4%,23.9%,US$3.14
12085,11.2%,16.9%,US$3.69
12086,11.8%,16.2%,US$3.61
12087,10.9%,15.1%,US$4.48
12089,11.5%,17.9%,US$3.75
12091,12.3%,18%,US$3.47
12093,14.9%,24.2%,US$2.83
12095,12.3%,17.2%,US$3.39
12097,12.1%,17.5%,US$3.18
12099,11.6%,17.1%,US$3.70
12101,12.9%,19.2%,US$3.37
12103,12.9%,19%,US$3.50
12105,13.7%,21.1%,US$3.19
12107,17.3%,27.7%,US$3.10
12109,9.5%,13.7%,US$3.99
12111,13.3%,20.3%,US$3.18
12113,11.6%,18.3%,US$3.58
12115,11.4%,17.8%,US$3.69
12117,10.5%,15%,US$3.48
12119,12.1%,23.5%,US$3.45
12121,15.2%,24.9%,US$2.90
12123,16.4%,26%,US$2.99
12125,15.5%,25.1%,US$3.33
12127,13.6%,20.7%,US$3.51
12129,12.1%,18.5%,US$3.10
12131,13.2%,22.1%,US$3.83
12133,16.9%,25.5%,US$2.87
13001,15.7%,21.9%,US$2.88
13003,15.8%,24.4%,US$2.84
13005,16.8%,23.7%,US$2.81
13007,17.3%,20.2%,US$3.05
13009,16.7%,22.9%,US$2.82
13011,11.6%,15.2%,US$3.08
13013,10.6%,14.3%,US$3.09
13015,11.9%,15.2%,US$2.92
13017,19.7%,28.3%,US$2.96
13019,17.2%,23.3%,US$3.05
13021,17.5%,23.7%,US$2.97
13023,15.9%,22.8%,US$3.06
13025,16.5%,23.7%,US$3.20
13027,16.7%,25.6%,US$3.13
13029,11.2%,14.1%,US$3.57
13031,15.9%,20.6%,US$3.11
13033,16.8%,25.3%,US$2.79
13035,15.7%,23%,US$3.54
13037,18.3%,24%,US$3.10
13039,11.8%,16.4%,US$3.38
13043,18.6%,26.4%,US$3.03
13045,13.6%,18.4%,US$2.96
13047,10.4%,13.9%,US$3.01
13049,16.7%,23.8%,US$3.37
13051,13.2%,16.9%,US$3.35
13053,15.1%,18.4%,US$3.20
13055,15%,19.3%,US$2.98
13057,7.9%,10.1%,US$3.19
13059,16.3%,19.4%,US$3.13
13061,24.2%,36.8%,US$3.05
13063,14.9%,19.1%,US$2.74
13065,20.5%,26.1%,US$3.01
13067,9.1%,10.7%,US$3.40
13069,16%,21.6%,US$2.86
13071,15.3%,20.9%,US$3.04
13073,9%,12%,US$3.07
13075,16.2%,21.6%,US$3.11
13077,9.8%,13.3%,US$3.13
13079,14.6%,19.9%,US$3.00
13081,19.6%,26.2%,US$2.99
13083,12.8%,16.7%,US$3.15
13085,9.3%,12.6%,US$3.53
13087,17.6%,22.1%,US$2.99
13089,12.9%,16.6%,US$3.28
13091,17.3%,24%,US$2.95
13093,17.5%,25.8%,US$3.06
13095,19.6%,26.3%,US$3.02
13097,11.6%,14.4%,US$3.00
13099,17.9%,25.9%,US$3.17
13101,14.9%,16.2%,US$3.04
13103,9.4%,12.6%,US$3.10
13105,15.4%,21.9%,US$3.06
13107,18.4%,25.8%,US$2.71
13109,16.3%,21.9%,US$3.15
13111,13.8%,18.8%,US$3.15
13113,7.3%,9.4%,US$3.37
13115,14.3%,19.4%,US$2.90
13117,6%,7.6%,US$3.48
13119,16.7%,22.6%,US$3.16
13121,12.5%,14.9%,US$3.70
13123,13.5%,20.3%,US$2.95
13125,13.3%,18.7%,US$2.85
13127,14%,19.9%,US$3.48
13129,14.6%,20.9%,US$2.80
13131,16.6%,22%,US$2.87
13133,14.9%,22.4%,US$3.23
13135,9%,10.9%,US$3.00
13137,11.7%,14.8%,US$2.93
13139,10%,13%,US$3.07
13141,17.4%,25.7%,US$3.04
13143,13.6%,18.7%,US$3.01
13145,9.5%,13.4%,US$3.32
13147,13.9%,18.8%,US$2.84
13149,13.8%,18.5%,US$3.09
13151,10.2%,13.5%,US$3.01
13153,12.8%,16.9%,US$3.02
13155,18.4%,26.8%,US$2.99
13157,9.8%,12.7%,US$3.54
13159,13.8%,17.8%,US$2.97
13161,14.6%,20.9%,US$2.87
13163,16.9%,25.8%,US$2.99
13165,17.2%,25.3%,US$3.03
13167,15.9%,22.5%,US$2.93
13169,11.9%,17.6%,US$2.90
13171,14.6%,19.6%,US$2.88
13173,16.3%,19.8%,US$3.09
13175,17%,23.1%,US$3.06
13177,10.6%,15.6%,US$3.40
13179,14.4%,17.3%,US$3.00
13181,15.2%,23.8%,US$3.06
13183,14.6%,19%,US$2.96
13185,15.7%,19.8%,US$3.12
13187,12%,15.6%,US$3.17
13189,17%,25.6%,US$2.81
13191,15.2%,24.5%,US$3.19
13193,18.5%,26.2%,US$3.07
13195,13.3%,18.8%,US$3.20
13197,14.8%,21.8%,US$3.13
13199,17.1%,23%,US$3.16
13201,15.1%,21.1%,US$2.99
13205,17.3%,23.7%,US$2.86
13207,11.9%,13.3%,US$2.97
13209,15.8%,22%,US$2.88
13211,10.7%,14.2%,US$3.09
13213,12.8%,18.5%,US$2.92
13215,16.9%,21.8%,US$3.25
13217,14.2%,19%,US$2.93
13219,7.1%,9.8%,US$3.49
13221,12.4%,19%,US$3.28
13223,9%,12.4%,US$3.04
13225,16.1%,21.3%,US$3.60
13227,10.5%,14.3%,US$3.25
13229,14.6%,21.1%,US$2.83
13231,10.5%,14.3%,US$2.86
13233,13.6%,19.2%,US$2.83
13235,17.9%,27.9%,US$3.00
13237,12.6%,20.1%,US$2.88
13239,18%,30%,US$3.09
13241,14.5%,21.6%,US$2.89
13243,21.4%,33.1%,US$3.24
13245,17.3%,23.8%,US$3.00
13247,11.9%,16.5%,US$3.04
13249,15.6%,21.6%,US$3.07
13251,16.2%,25.1%,US$3.08
13253,17.2%,26.2%,US$3.15
13255,15.9%,22.3%,US$2.85
13257,14.4%,19.4%,US$2.82
13259,20.2%,29.7%,US$3.18
13261,18.2%,25.9%,US$3.07
13263,15.5%,22%,US$3.18
13265,19.3%,31%,US$3.38
13267,15.7%,21.7%,US$3.01
13269,18.2%,24.3%,US$3.06
13271,17.6%,28.4%,US$2.93
13273,20.1%,30.9%,US$3.08
13275,15.8%,21.8%,US$3.37
13277,15.7%,21.8%,US$3.12
13279,16.7%,22.5%,US$3.00
13281,13.6%,23%,US$3.02
13283,17%,25.3%,US$2.98
13285,15.4%,19.6%,US$2.85
13287,19.9%,30.2%,US$2.99
13289,18.4%,23.1%,US$3.00
13291,12.1%,20.5%,US$3.13
13293,15.5%,21.2%,US$2.87
13295,14.1%,20.5%,US$3.12
13297,11%,15.5%,US$3.17
13299,16.2%,23.7%,US$2.86
13301,17.1%,24.2%,US$2.92
13303,18.1%,25.5%,US$2.89
13305,14.9%,20.1%,US$2.87
13307,16.8%,25.4%,US$3.07
13309,18.4%,25.3%,US$2.97
13311,11.7%,16.9%,US$3.02
13313,11.7%,15.4%,US$2.88
13315,15.4%,21.5%,US$3.00
13317,16.8%,26.1%,US$3.36
13319,16.1%,23.1%,US$2.96
13321,15.5%,23.9%,US$2.81
15001,12.9%,21.9%,US$3.63
15003,10.4%,16.3%,US$3.55
15005,18.6%,23.8%,US$3.60
15007,9.7%,15.4%,US$3.58
15009,10.4%,16.9%,US$3.87
16001,9.1%,9.3%,US$3.49
16003,13.3%,18.2%,US$3.26
16005,12.2%,14.3%,US$3.14
16007,11.6%,15.8%,US$2.99
16009,14.3%,18.6%,US$3.37
16011,10%,11.9%,US$2.92
16013,9.4%,12.5%,US$4.91
16015,11.2%,18.5%,US$3.31
16017,12.6%,16.3%,US$3.42
16019,10.1%,11.6%,US$2.98
16021,12.9%,17.3%,US$3.48
16023,12%,15.2%,US$3.05
16025,14.1%,21.5%,US$3.13
16027,10.9%,12.1%,US$3.01
16029,9%,10.1%,US$3.03
16031,9.8%,11.1%,US$3.18
16033,9.2%,9.9%,US$3.14
16035,14.6%,19.5%,US$3.36
16037,15.6%,20%,US$3.78
16039,11.9%,13.6%,US$3.14
16041,9.5%,12.6%,US$3.08
16043,9.6%,11.6%,US$3.26
16045,13.9%,18.1%,US$3.30
16047,10.5%,12.9%,US$3.07
16049,14.1%,17.3%,US$3.42
16051,7.6%,9.2%,US$3.21
16053,10.6%,12.2%,US$2.85
16055,10.9%,14%,US$3.37
16057,11.7%,12.6%,US$3.21
16059,12.7%,17.7%,US$3.99
16061,15%,19.5%,US$3.01
16063,10.4%,13.2%,US$3.09
16065,11.4%,11.9%,US$2.97
16067,11.3%,14.3%,US$2.76
16069,12%,15.3%,US$3.00
16071,10.8%,13.9%,US$3.06
16073,13.4%,17.4%,US$3.28
16075,11.7%,13.7%,US$4.02
16077,9.6%,10.2%,US$3.04
16079,16.5%,22.5%,US$3.35
16081,6.4%,6.2%,US$3.13
16083,11%,12.5%,US$3.08
16085,11.6%,11.7%,US$3.32
16087,13.4%,18.1%,US$3.03
17001,10.2%,14.2%,US$2.85
17003,19.5%,32.4%,US$2.83
17005,10.3%,15.8%,US$2.89
17007,8.7%,12.9%,US$2.77
17009,8.6%,11.7%,US$2.80
17011,10.1%,16.5%,US$3.05
17013,11.3%,17.4%,US$3.08
17015,9.9%,13.8%,US$2.79
17017,9.7%,12.8%,US$2.93
17019,11%,12.8%,US$3.08
17021,10.6%,15.4%,US$2.64
17023,11.4%,17.7%,US$2.71
17025,12.9%,19.3%,US$2.76
17027,8.7%,11.9%,US$2.69
17029,13.2%,18.6%,US$2.63
17031,10.1%,11.9%,US$3.19
17033,10.8%,15.1%,US$2.76
17035,10.8%,15.6%,US$2.73
17037,10.2%,12.6%,US$3.21
17039,9.6%,15%,US$2.97
17041,9.2%,12.9%,US$2.91
17043,5.9%,6.5%,US$3.40
17045,10.8%,15.9%,US$2.86
17047,9.9%,14.7%,US$2.80
17049,9.2%,13.9%,US$2.79
17051,13.1%,20.6%,US$2.59
17053,12.3%,19.3%,US$2.98
17055,14.8%,22.1%,US$2.95
17057,12.5%,19.2%,US$2.67
17059,14.9%,24.7%,US$2.68
17061,11.7%,17%,US$2.80
17063,8%,10.4%,US$3.12
17065,10.2%,14.6%,US$2.74
17067,10%,15.9%,US$2.75
17069,15.4%,23.3%,US$2.65
17071,9.6%,15.4%,US$2.72
17073,9.7%,14.7%,US$2.66
17075,10.7%,15.5%,US$3.00
17077,14.7%,18.9%,US$2.89
17079,11.9%,16.8%,US$2.81
17081,13.8%,21.9%,US$2.73
17083,9.1%,13%,US$2.94
17085,9%,12.8%,US$3.19
17087,11.9%,18.2%,US$2.76
17089,7.1%,9.4%,US$3.02
17091,11.6%,15.7%,US$2.90
17093,4.8%,6.4%,US$2.86
17095,13.1%,18.9%,US$2.73
17097,6.9%,8.3%,US$3.29
17099,11%,16.5%,US$2.84
17101,13.6%,21.2%,US$2.84
17103,10%,13%,US$2.66
17105,11.2%,16%,US$2.74
17107,9.8%,14%,US$2.57
17109,12.3%,15.3%,US$2.75
17111,6.2%,8.3%,US$3.15
17113,9.2%,10.7%,US$3.00
17115,12.6%,19.1%,US$2.77
17117,10.9%,17.1%,US$3.16
17119,10.7%,14.9%,US$2.90
17121,13.2%,20.9%,US$2.92
17123,9.6%,15.7%,US$2.92
17125,12.8%,19.8%,US$2.85
17127,14.8%,22.1%,US$2.73
17129,9%,14.5%,US$2.90
17131,9.8%,15.6%,US$2.86
17133,5.9%,7.8%,US$3.29
17135,12.1%,20.2%,US$2.64
17137,11.8%,17.7%,US$2.62
17139,8.3%,12.5%,US$2.76
17141,9.1%,13.2%,US$2.79
17143,12%,16.3%,US$2.95
17145,13.3%,20.1%,US$2.93
17147,7.6%,11.1%,US$2.95
17149,11.3%,16%,US$2.77
17151,13.5%,21.5%,US$2.71
17153,16.7%,25.9%,US$2.78
17155,8.5%,14.8%,US$2.87
17157,10.7%,16%,US$2.62
17159,12.2%,16.3%,US$2.85
17161,11.2%,16.4%,US$2.80
17163,12.2%,17.1%,US$2.99
17165,16.3%,24.3%,US$2.60
17167,11.4%,16.7%,US$3.00
17169,14.6%,16.3%,US$2.79
17171,10.3%,16%,US$2.71
17173,9.5%,13.2%,US$2.97
17175,11.7%,20.3%,US$2.83
17177,11.6%,16.8%,US$2.89
17179,8.7%,12.7%,US$2.84
17181,13.7%,20.1%,US$2.83
17183,13.8%,21%,US$2.78
17185,10.9%,15.5%,US$2.83
17187,9.7%,13.5%,US$2.75
17189,7.7%,10.5%,US$2.88
17191,12.4%,19.4%,US$2.83
17193,11.6%,17.3%,US$2.81
17195,9.4%,13.6%,US$2.72
17197,6.1%,8.1%,US$3.10
17199,12.5%,18.1%,US$2.73
17201,12%,17.4%,US$2.87
17203,7.3%,10.6%,US$3.62
18001,12.2%,17.9%,US$2.79
18003,12.6%,17.2%,US$2.92
18005,11.6%,15.8%,US$2.84
18007,14%,19.8%,US$2.90
18009,13.8%,20.6%,US$2.65
18011,8.5%,10.5%,US$2.97
18013,10.6%,13.5%,US$2.83
18015,11.6%,16.2%,US$2.76
18017,12.9%,17.9%,US$2.42
18019,11.7%,15.8%,US$2.78
18021,13.7%,20.2%,US$2.51
18023,11.6%,15.6%,US$2.40
18025,14.9%,21.5%,US$2.68
18027,12%,15.6%,US$2.81
18029,11%,15.8%,US$2.65
18031,12.5%,17.3%,US$2.58
18033,11.3%,15.6%,US$2.67
18035,15.1%,20.9%,US$2.62
18037,10.4%,14%,US$2.72
18039,11.6%,15.1%,US$2.77
18041,15.9%,22.4%,US$2.70
18043,11.2%,15.3%,US$2.91
18045,13.1%,16.8%,US$2.88
18047,10.7%,14.6%,US$3.07
18049,13.1%,18.3%,US$2.86
18051,11.4%,15.6%,US$2.73
18053,15.9%,23.5%,US$2.57
18055,14%,19.7%,US$2.72
18057,7.7%,9.3%,US$3.37
18059,9.9%,13.5%,US$2.84
18061,12.2%,15.9%,US$2.67
18063,8.8%,11.3%,US$2.95
18065,14.1%,20.2%,US$2.62
18067,14.7%,21%,US$2.76
18069,11.7%,16.2%,US$2.60
18071,13.2%,17.4%,US$2.53
18073,11.4%,15.6%,US$3.18
18075,14.2%,19.6%,US$2.78
18077,13.4%,19.4%,US$2.61
18079,13.7%,19.5%,US$2.63
18081,10.1%,13.3%,US$2.84
18083,15%,20.8%,US$2.86
18085,10.9%,14.6%,US$2.82
18087,9%,12.2%,US$3.03
18089,13.9%,19.8%,US$2.90
18091,13.9%,21.2%,US$2.80
18093,13.2%,18.6%,US$2.57
18095,15%,21.4%,US$2.75
18097,15.3%,19.7%,US$2.83
18099,11.6%,14.9%,US$2.66
18101,12.9%,17.9%,US$2.66
18103,14.7%,21.4%,US$2.52
18105,14.1%,17.3%,US$3.03
18107,11.7%,15.7%,US$2.81
18109,12%,17.2%,US$2.97
18111,13.1%,20.2%,US$2.90
18113,10.1%,13%,US$2.77
18115,10%,13%,US$2.95
18117,15.4%,21.9%,US$2.62
18119,14.6%,22.7%,US$3.23
18121,14%,20.7%,US$2.70
18123,12.8%,19.7%,US$2.66
18125,12.4%,18.7%,US$2.82
18127,10.6%,14.1%,US$3.12
18129,10.6%,14.1%,US$3.06
18131,13.3%,18.9%,US$2.68
18133,12.7%,18.5%,US$2.63
18135,14%,20.5%,US$2.46
18137,11.9%,17%,US$2.68
18139,13.7%,19%,US$2.77
18141,13.4%,18%,US$2.93
18143,14.5%,21%,US$2.73
18145,11.6%,16.1%,US$2.64
18147,11%,16%,US$2.91
18149,13.4%,18.6%,US$2.62
18151,11.5%,16.7%,US$2.72
18153,14.3%,19.5%,US$2.93
18155,15.6%,22.4%,US$2.84
18157,13.1%,15.2%,US$2.92
18159,11.1%,15.7%,US$3.03
18161,11.7%,14.8%,US$2.98
18163,14.5%,19.9%,US$2.82
18165,15.4%,23%,US$2.71
18167,15.9%,21.4%,US$2.70
18169,12.5%,18.2%,US$2.88
18171,11.5%,17.6%,US$2.88
18173,9.8%,12.8%,US$2.94
18175,13.5%,18.9%,US$2.52
18177,15%,20.9%,US$2.75
18179,10.6%,14.8%,US$2.77
18181,11.1%,15.1%,US$2.90
18183,10.6%,16.3%,US$2.60
19001,9.3%,14.6%,US$3.12
19003,9.1%,12.3%,US$2.93
19005,8.4%,13%,US$2.92
19007,12.5%,20.2%,US$2.57
19009,8.7%,14.8%,US$2.96
19011,7.9%,12.7%,US$3.26
19013,10.2%,15.1%,US$2.85
19015,8.2%,11.7%,US$3.03
19017,6.6%,10.6%,US$3.09
19019,8.1%,13.1%,US$2.97
19021,8.3%,12.3%,US$2.91
19023,8.2%,13.4%,US$2.92
19025,9.4%,15.1%,US$2.85
19027,7.8%,10.8%,US$2.98
19029,9.8%,14.7%,US$2.86
19031,6.9%,10.7%,US$2.93
19033,9.7%,13.9%,US$2.94
19035,9%,13.6%,US$2.99
19037,8%,12.2%,US$2.93
19039,10.2%,15.1%,US$3.09
19041,10.6%,16.5%,US$3.09
19043,9.1%,14%,US$2.90
19045,10%,15.1%,US$2.72
19047,10.3%,13.7%,US$2.92
19049,5.6%,7.3%,US$3.18
19051,8.9%,14.4%,US$2.62
19053,12.3%,17.8%,US$2.81
19055,7.4%,12.6%,US$2.90
19057,11.5%,18.6%,US$2.74
19059,8.6%,14%,US$3.03
19061,8.8%,13.2%,US$2.97
19063,9.4%,13.9%,US$3.20
19065,9.9%,15.8%,US$2.90
19067,11.4%,19.7%,US$3.03
19069,8.3%,13.1%,US$3.02
19071,8.4%,13.1%,US$2.97
19073,9.2%,12.9%,US$3.08
19075,6.7%,10.7%,US$2.87
19077,9.2%,14.3%,US$3.10
19079,8.6%,12.7%,US$2.98
19081,7.9%,11.7%,US$3.03
19083,7.9%,12.3%,US$2.92
19085,8.8%,12.8%,US$3.00
19087,9.4%,15.2%,US$2.68
19089,8.9%,13.7%,US$3.00
19091,9.5%,14.7%,US$2.91
19093,9%,12.7%,US$2.95
19095,7.7%,11.7%,US$3.01
19097,9.3%,14.7%,US$2.90
19099,9.3%,13.3%,US$3.00
19101,10.5%,12.5%,US$2.70
19103,8.2%,10%,US$3.10
19105,8.9%,13.9%,US$2.94
19107,9.6%,14.8%,US$2.96
19109,9%,13.6%,US$3.21
19111,11.9%,19.6%,US$2.55
19113,8.1%,12.3%,US$2.95
19115,8.3%,12.6%,US$2.93
19117,10.1%,14.8%,US$2.85
19119,5.7%,9.4%,US$2.93
19121,8%,11.7%,US$3.10
19123,10.2%,15.4%,US$2.86
19125,9%,12.9%,US$3.00
19127,9.2%,13.7%,US$2.68
19129,8.4%,12.2%,US$3.00
19131,7.9%,13.1%,US$2.96
19133,11.5%,17.2%,US$2.93
19135,9.4%,13.7%,US$2.70
19137,11.3%,18.9%,US$2.86
19139,7.8%,11.9%,US$2.66
19141,8.6%,12.9%,US$3.00
19143,8.7%,14.5%,US$3.02
19145,10.1%,15.6%,US$3.03
19147,8.1%,12.6%,US$3.11
19149,7.5%,12.5%,US$3.06
19151,9.4%,13.9%,US$2.89
19153,8.8%,12.6%,US$3.09
19155,9.4%,13.9%,US$2.82
19157,8.1%,11.3%,US$2.82
19159,9.3%,13%,US$2.78
19161,8.1%,13.2%,US$2.93
19163,9.2%,13.7%,US$2.97
19165,8.2%,12.9%,US$2.87
19167,5.9%,8.8%,US$3.01
19169,8.2%,9.3%,US$3.09
19171,8.9%,14.6%,US$2.86
19173,8.9%,12.6%,US$2.94
19175,11.7%,16.9%,US$2.91
19177,9.8%,17%,US$2.61
19179,11%,16.6%,US$2.56
19181,7.1%,10.9%,US$3.17
19183,8.1%,12.4%,US$2.88
19185,10.8%,18.6%,US$2.63
19187,11.2%,16.6%,US$2.69
19189,9%,13.8%,US$3.06
19191,7.6%,12.4%,US$3.09
19193,9.5%,13.6%,US$2.97
19195,9%,14.4%,US$2.95
19197,9.6%,15.6%,US$2.92
20001,15.2%,24%,US$3.06
20003,13.1%,21.8%,US$3.26
20005,14.9%,23.8%,US$3.15
20007,13.6%,21.1%,US$3.15
20009,13.6%,21.2%,US$2.91
20011,15.9%,25.4%,US$2.96
20013,13.3%,22.7%,US$2.98
20015,11.3%,18.3%,US$3.18
20017,12.3%,19.9%,US$3.02
20019,15.9%,26.8%,US$3.04
20021,15%,24.2%,US$3.04
20023,11%,16.6%,US$3.16
20025,11.5%,18.5%,US$2.85
20027,11.1%,17.1%,US$3.04
20029,12.6%,19.5%,US$3.12
20031,13.3%,22.3%,US$2.95
20033,9.4%,14.9%,US$3.10
20035,14.2%,21.7%,US$2.88
20037,15.7%,22.8%,US$2.78
20039,15%,26%,US$3.17
20041,13.7%,20.6%,US$3.10
20043,13.8%,22.8%,US$2.98
20045,12.8%,16.4%,US$3.36
20047,10%,14.4%,US$2.91
20049,15.4%,23.4%,US$3.08
20051,11.8%,16.2%,US$3.04
20053,12.5%,19.2%,US$2.89
20055,10.6%,14.9%,US$2.73
20057,9.9%,14.8%,US$2.86
20059,12%,19.5%,US$3.21
20061,14.7%,20.6%,US$3.13
20063,11.9%,18%,US$3.22
20065,12.4%,19.3%,US$3.08
20067,8%,11.5%,US$2.72
20069,8.6%,13.3%,US$2.77
20071,11.7%,17.3%,US$3.29
20073,14.2%,22%,US$3.01
20075,10.1%,15.8%,US$2.81
20077,13.7%,20.7%,US$2.94
20079,12%,18.5%,US$3.08
20081,9.1%,14.2%,US$2.75
20083,11.2%,18.5%,US$2.78
20085,12.2%,18.9%,US$3.08
20087,10.7%,18.3%,US$3.28
20089,13.8%,22.8%,US$3.13
20091,9%,13.3%,US$3.42
20093,12.5%,18.4%,US$2.75
20095,10.7%,17.8%,US$2.97
20097,11.1%,16.3%,US$2.91
20099,15.7%,25.3%,US$3.08
20101,12.8%,19.9%,US$2.76
20103,11.9%,18.4%,US$3.05
20105,11.4%,18.7%,US$2.84
20107,16.1%,25.2%,US$3.12
20109,10.7%,15.1%,US$3.11
20111,12.5%,17.8%,US$2.82
20113,11.1%,16.9%,US$3.17
20115,11.6%,17.8%,US$2.95
20117,11.4%,18.6%,US$3.19
20119,10.4%,16.7%,US$2.78
20121,10.8%,17.5%,US$3.48
20123,13%,20.8%,US$3.13
20125,15.7%,25.2%,US$3.07
20127,11.8%,19.1%,US$3.11
20129,11%,15.6%,US$2.92
20131,11.1%,16.9%,US$3.05
20133,15.9%,26.1%,US$2.96
20135,10.4%,16.3%,US$2.84
20137,11.8%,19.3%,US$3.25
20139,13.4%,21.5%,US$3.07
20141,13.2%,20.8%,US$3.11
20143,11.2%,18.7%,US$2.87
20145,12.3%,18.3%,US$3.00
20147,11.4%,19.3%,US$3.38
20149,10.1%,15.6%,US$2.96
20151,11.3%,17.2%,US$2.90
20153,11.9%,16.5%,US$3.10
20155,13.1%,20%,US$2.85
20157,11.8%,18.9%,US$3.13
20159,13.3%,22.1%,US$2.89
20161,12.9%,16.6%,US$3.82
20163,11.3%,17.1%,US$3.07
20165,12%,16.8%,US$2.98
20167,11.2%,16.7%,US$3.05
20169,12.5%,18.7%,US$2.80
20171,6.7%,9.8%,US$2.80
20173,13%,19.2%,US$2.96
20175,10.1%,14.6%,US$2.82
20177,12.6%,18.4%,US$2.96
20179,10%,15.4%,US$3.17
20181,14.8%,22.6%,US$3.16
20183,12.9%,23.1%,US$3.30
20185,12.1%,18.4%,US$2.89
20187,11.4%,17.2%,US$2.82
20189,11.6%,18.8%,US$2.91
20191,12.6%,19.4%,US$2.99
20193,11.3%,15.2%,US$3.05
20195,10.3%,17.5%,US$3.10
20197,10.1%,17%,US$3.03
20199,12.4%,20.6%,US$3.12
20201,12.1%,21.2%,US$3.39
20203,9.9%,13.6%,US$2.80
20205,15.6%,24.7%,US$3.03
20207,17.7%,27.4%,US$2.91
20209,15.6%,22.9%,US$3.00
21001,16.1%,21.4%,US$2.64
21003,15.1%,20%,US$3.01
21005,12.4%,16.2%,US$2.80
21007,14.9%,22%,US$2.70
21009,17.2%,23.4%,US$2.67
21011,17.9%,24.6%,US$2.78
21013,24.7%,32.9%,US$2.82
21015,8.8%,10.5%,US$2.97
21017,13.9%,17.8%,US$2.86
21019,16.6%,23%,US$2.66
21021,13.6%,16.2%,US$2.56
21023,13.8%,17.5%,US$2.97
21025,24.6%,34.5%,US$2.85
21027,15.3%,19.9%,US$2.84
21029,11.1%,14.3%,US$2.93
21031,16%,21.5%,US$2.71
21033,15%,20.6%,US$2.77
21035,14.8%,18.4%,US$3.05
21037,11.3%,13%,US$3.08
21039,14%,19.4%,US$2.68
21041,16.2%,23.1%,US$2.64
21043,19.5%,28%,US$3.02
21045,18%,24%,US$2.59
21047,16.8%,19.8%,US$2.78
21049,14.1%,18.2%,US$2.86
21051,24.4%,33.5%,US$2.62
21053,16.9%,21.8%,US$2.69
21055,14.6%,20.5%,US$2.70
21057,15.3%,16.7%,US$2.71
21059,13.4%,17.1%,US$2.61
21061,16.7%,21.6%,US$2.72
21063,22%,32.2%,US$2.76
21065,21.3%,28.7%,US$2.75
21067,12.7%,14.2%,US$3.07
21069,16.4%,22.5%,US$2.71
21071,22.1%,31.7%,US$3.04
21073,12.5%,15.9%,US$2.97
21075,20.5%,29.4%,US$2.64
21077,12.7%,16.5%,US$2.91
21079,13.8%,19.8%,US$2.73
21081,14.5%,20.7%,US$2.46
21083,14.5%,18.4%,US$2.59
21085,17.5%,24.2%,US$2.54
21087,16.3%,21.2%,US$2.64
21089,15.1%,21.9%,US$3.09
21091,12.2%,17.5%,US$2.69
21093,13.4%,16.8%,US$2.65
21095,24.8%,34.4%,US$2.83
21097,14%,18.1%,US$3.02
21099,16.2%,20.5%,US$2.63
21101,15.8%,19.3%,US$2.61
21103,14.9%,20.1%,US$2.84
21105,15.6%,20.6%,US$2.71
21107,14.7%,19.2%,US$2.76
21109,21.6%,29.7%,US$2.65
21111,13.1%,16.1%,US$2.95
21113,13.7%,17.3%,US$2.92
21115,19.2%,24.3%,US$2.79
21117,11.8%,14.2%,US$3.01
21119,23.1%,34.2%,US$2.88
21121,20%,27.3%,US$2.63
21123,14.2%,18.6%,US$2.66
21125,16.9%,23.8%,US$2.55
21127,19.6%,27%,US$2.79
21129,23.2%,31.8%,US$2.75
21131,23.7%,31.4%,US$2.81
21133,22.4%,31.6%,US$2.92
21135,20.3%,28.6%,US$2.73
21137,16.9%,22.2%,US$2.64
21139,15.4%,21.4%,US$2.71
21141,13.9%,17.7%,US$2.70
21143,14.6%,21.6%,US$2.76
21145,14.4%,18.7%,US$2.69
21147,23.3%,30.7%,US$2.63
21149,14.1%,19.8%,US$2.63
21151,14.2%,16.3%,US$2.72
21153,24.7%,36.6%,US$2.85
21155,16.6%,22.7%,US$2.65
21157,12.8%,16.7%,US$2.88
21159,21%,25.5%,US$2.81
21161,15.7%,20.6%,US$2.78
21163,12.6%,16%,US$2.91
21165,17.8%,28.7%,US$2.73
21167,14.2%,17.5%,US$2.70
21169,17%,23.5%,US$2.65
21171,17.2%,23.9%,US$2.75
21173,17%,22.2%,US$2.71
21175,19.2%,27.4%,US$2.75
21177,16.3%,22%,US$2.63
21179,12.1%,15.2%,US$2.87
21181,18.3%,27.9%,US$2.75
21183,16.1%,24.6%,US$2.53
21185,6.9%,7.7%,US$2.98
21187,14.8%,19.4%,US$2.86
21189,23.7%,28.9%,US$2.84
21191,14.1%,19%,US$2.99
21193,20.8%,28%,US$2.87
21195,19.6%,27.6%,US$2.87
21197,18.1%,24%,US$2.78
21199,17.1%,21.7%,US$2.55
21201,16.4%,29%,US$2.67
21203,16.9%,22.7%,US$2.61
21205,17%,22.2%,US$2.75
21207,17.2%,22.6%,US$2.59
21209,11%,13.5%,US$3.06
21211,11.5%,13.9%,US$2.94
21213,12.7%,17.2%,US$3.03
21215,9.4%,11.4%,US$2.94
21217,17.5%,23.4%,US$2.58
21219,13.8%,16.5%,US$2.86
21221,12.1%,15.9%,US$2.89
21223,15.2%,21%,US$2.76
21225,16.3%,19.1%,US$2.76
21227,13.5%,16.2%,US$2.76
21229,13.5%,16.1%,US$2.67
21231,18.7%,25.5%,US$2.66
21233,16.7%,23.2%,US$2.69
21235,18.3%,23.6%,US$2.70
21237,24.4%,32.6%,US$2.76
21239,11.6%,16.2%,US$3.18
22001,17.5%,27.4%,US$3.04
22003,15.8%,24.5%,US$2.79
22005,10.9%,17.1%,US$3.38
22007,16.5%,27%,US$2.96
22009,18%,27.2%,US$3.06
22011,15.2%,22.6%,US$3.15
22013,20%,31.3%,US$3.11
22015,13.4%,20.3%,US$3.14
22017,17.4%,27%,US$3.15
22019,13.9%,21.9%,US$3.23
22021,17.3%,26.6%,US$3.04
22023,10.3%,16.9%,US$2.87
22025,16.6%,27.1%,US$3.02
22027,20%,30.4%,US$3.07
22029,18.8%,29.1%,US$3.14
22031,17.7%,28.1%,US$3.04
22033,14.4%,21.6%,US$3.42
22035,28.2%,43.7%,US$3.06
22037,14.6%,23%,US$3.35
22039,20.6%,31.1%,US$3.18
22041,19.5%,31.8%,US$2.90
22043,16.5%,24.4%,US$3.11
22045,16.8%,26.5%,US$2.99
22047,16.4%,27.1%,US$3.13
22049,18.9%,30.2%,US$3.06
22051,13.4%,20.9%,US$3.34
22053,15.5%,23.3%,US$3.17
22055,13.3%,19.8%,US$3.16
22057,13.7%,21.8%,US$3.14
22059,15.4%,22.3%,US$2.87
22061,17.7%,25.1%,US$3.26
22063,11.1%,17.7%,US$3.13
22065,23.1%,35.5%,US$2.98
22067,20.3%,31.8%,US$2.86
22069,20.1%,28.8%,US$3.07
22071,18%,25.9%,US$3.67
22073,16.8%,25.9%,US$3.12
22075,14.5%,20.9%,US$3.18
22077,16.7%,25.4%,US$3.21
22079,16.3%,24%,US$2.83
22081,16.6%,26.4%,US$3.14
22083,18.9%,30.4%,US$3.08
22085,15.5%,22.9%,US$3.07
22087,15%,22.3%,US$3.34
22089,10.9%,17.8%,US$3.61
22091,17.6%,27.7%,US$3.33
22093,14.9%,25.1%,US$3.59
22095,14.9%,23.5%,US$3.46
22097,18.2%,29%,US$3.06
22099,14.2%,23.7%,US$3.19
22101,16.8%,24.7%,US$2.99
22103,11.1%,17.7%,US$3.52
22105,17.1%,27%,US$3.19
22107,22.5%,35%,US$3.04
22109,15.9%,24.1%,US$3.01
22111,14.6%,26.4%,US$3.08
22113,14.6%,22.2%,US$3.12
22115,16.4%,24.4%,US$3.20
22117,19.7%,29.9%,US$3.23
22119,18.2%,29.5%,US$3.07
22121,13.6%,21.4%,US$3.46
22123,17.9%,29.7%,US$2.96
22125,13.2%,22.6%,US$3.30
22127,18.9%,28.5%,US$2.94
23001,13.5%,19.9%,US$3.67
23003,16.4%,25%,US$3.57
23005,10.7%,14.8%,US$4.10
23007,12.5%,20.5%,US$3.65
23009,12.4%,19.2%,US$3.99
23011,13.1%,20.3%,US$3.62
23013,11.8%,18.7%,US$4.04
23015,12.5%,20.2%,US$4.23
23017,14.3%,24.2%,US$3.51
23019,14.3%,21.7%,US$3.56
23021,17.5%,26.8%,US$3.81
23023,10.5%,17.1%,US$4.32
23025,16.6%,26.2%,US$3.37
23027,13%,20.7%,US$4.06
23029,16.3%,25.7%,US$3.54
23031,10.9%,16.1%,US$3.93
24001,15.1%,24.7%,US$2.83
24003,8.5%,12.9%,US$3.44
24005,11%,16.1%,US$3.18
24009,8%,12.6%,US$3.93
24011,12.8%,20.8%,US$3.12
24013,8.1%,13.3%,US$3.41
24015,11%,17.8%,US$3.07
24017,8.9%,13.7%,US$3.30
24019,14.8%,24.5%,US$3.04
24021,8.9%,13.7%,US$3.31
24023,12.2%,19.9%,US$3.02
24025,9.3%,15%,US$3.36
24027,7.4%,10.8%,US$3.74
24029,12.3%,21.1%,US$3.32
24031,8%,11.1%,US$3.87
24033,10.3%,14.3%,US$3.26
24035,8%,13.1%,US$4.04
24037,10.3%,15.9%,US$3.31
24039,16.6%,27.9%,US$3.10
24041,11%,17.2%,US$3.33
24043,13.1%,20.4%,US$3.04
24045,13.3%,20.4%,US$3.09
24047,13.3%,22.3%,US$3.43
24510,18%,25.8%,US$3.51
25001,7.6%,11%,US$4.39
25003,9.9%,13.8%,US$3.68
25005,9.9%,13%,US$3.55
25007,7.3%,10.3%,US$3.82
25009,8%,9.3%,US$3.81
25011,8.9%,11.6%,US$3.80
25013,11.6%,15.4%,US$3.36
25015,8.2%,9.3%,US$4.05
25017,6.6%,6.1%,US$4.08
25019,7.3%,10.5%,US$3.80
25021,6.2%,6.1%,US$3.93
25023,7%,9.1%,US$3.83
25025,11.9%,13.3%,US$4.32
25027,8.3%,9.8%,US$3.63
26001,15.9%,20.8%,US$2.94
26003,14.2%,17.7%,US$3.05
26005,9.7%,9.4%,US$2.86
26007,14.1%,16.3%,US$3.04
26009,12.6%,15.9%,US$3.49
26011,16.5%,22.5%,US$2.85
26013,14.8%,19.3%,US$3.29
26015,9.8%,9.9%,US$2.62
26017,13.6%,16.7%,US$2.82
26019,11.6%,13.7%,US$3.00
26021,14%,15.5%,US$2.98
26023,12.8%,15.1%,US$2.61
26025,14.3%,16.3%,US$2.93
26027,12.5%,14.5%,US$3.30
26029,11.7%,13.4%,US$3.71
26031,16.2%,22.9%,US$2.99
26033,16.2%,20.8%,US$2.99
26035,18.1%,25%,US$3.26
26037,9.5%,8.7%,US$3.17
26039,15.1%,18.3%,US$2.87
26041,13.8%,16%,US$2.78
26043,13.1%,13.9%,US$3.36
26045,11.7%,12.6%,US$2.96
26047,12.1%,13%,US$2.98
26049,15.7%,18.9%,US$2.92
26051,15.8%,21%,US$3.14
26053,14.6%,18.7%,US$3.04
26055,10.8%,10.9%,US$3.06
26057,14.4%,15.3%,US$2.79
26059,13.1%,15.2%,US$2.75
26061,13.9%,13.5%,US$3.24
26063,12.8%,15.9%,US$2.72
26065,13.8%,13.7%,US$3.07
26067,11.3%,11.4%,US$2.69
26069,16.1%,21.4%,US$2.97
26071,13.9%,17.6%,US$3.05
26073,13.9%,13.4%,US$2.77
26075,13%,15.1%,US$2.83
26077,12.5%,11.8%,US$2.97
26079,15.2%,18.3%,US$2.97
26081,11%,9.9%,US$3.06
26083,12.6%,17.9%,US$3.24
26085,19%,26.6%,US$2.74
26087,11.4%,12.7%,US$2.87
26089,9.1%,9.5%,US$6.96
26091,12%,13.1%,US$2.81
26093,8.1%,7.2%,US$3.16
26095,16%,21.4%,US$3.06
26097,16.9%,21.6%,US$2.95
26099,11.9%,12.6%,US$3.02
26101,13.7%,16.6%,US$3.21
26103,13.3%,14%,US$3.35
26105,13.5%,16.9%,US$2.69
26107,14.4%,17.4%,US$2.69
26109,13.1%,15.3%,US$3.10
26111,11.3%,11.3%,US$2.96
26113,14.2%,17.4%,US$2.99
26115,11.2%,11.9%,US$3.00
26117,13.9%,16.6%,US$2.91
26119,17.1%,26.8%,US$2.92
26121,14.1%,16.2%,US$2.78
26123,14.3%,17%,US$2.68
26125,10.1%,8.2%,US$3.20
26127,14.3%,16.8%,US$3.25
26129,16.6%,21.6%,US$2.74
26131,15.2%,20.6%,US$3.07
26133,15%,19.5%,US$2.56
26135,16.5%,20.8%,US$2.89
26137,13.9%,17.3%,US$2.73
26139,8.4%,6.7%,US$3.05
26141,15.3%,20.8%,US$2.92
26143,18%,25.3%,US$2.94
26145,14.5%,16.1%,US$2.81
26147,13.1%,15.4%,US$2.89
26149,12.9%,15.1%,US$2.69
26151,14.2%,17%,US$2.77
26153,17.5%,22.6%,US$2.88
26155,12.1%,13.5%,US$2.71
26157,14.4%,18%,US$2.77
26159,13.1%,14.9%,US$2.77
26161,10.7%,7.6%,US$3.39
26163,17.3%,20%,US$3.00
26165,13.9%,17%,US$2.71
27001,11.5%,20.5%,US$3.05
27003,6.1%,10.8%,US$3.09
27005,9.2%,15.9%,US$3.28
27007,11.7%,19.1%,US$3.08
27009,9.7%,15.2%,US$3.67
27011,10.2%,15.6%,US$3.42
27013,8.6%,12.1%,US$3.05
27015,7.3%,12.7%,US$2.76
27017,9.2%,15.5%,US$3.25
27019,4.3%,7%,US$3.83
27021,11.1%,21%,US$3.31
27023,8.9%,14.5%,US$2.94
27025,6.3%,11.4%,US$4.48
27027,7.8%,12.1%,US$3.08
27029,13.9%,24.2%,US$3.18
27031,9.9%,16.3%,US$3.13
27033,9.6%,15.2%,US$2.95
27035,9.4%,15.8%,US$3.07
27037,5.9%,9.6%,US$3.35
27039,5.5%,10.2%,US$3.57
27041,7.8%,12.8%,US$2.91
27043,8.8%,15.7%,US$3.02
27045,8.2%,15%,US$3.37
27047,9.2%,15.8%,US$3.24
27049,7.8%,12.6%,US$2.94
27051,9.2%,16.6%,US$2.87
27053,8.1%,11.4%,US$3.61
27055,7.2%,12.1%,US$3.24
27057,9.8%,18.2%,US$3.26
27059,7.6%,13%,US$2.97
27061,11%,19.4%,US$2.70
27063,6.9%,12.2%,US$3.05
27065,10.5%,18.9%,US$3.17
27067,7.9%,13.2%,US$2.86
27069,8%,13.8%,US$3.16
27071,13%,22.8%,US$3.06
27073,8.5%,13.5%,US$3.18
27075,8.3%,15.1%,US$3.13
27077,7.8%,15.1%,US$3.11
27079,7.6%,13.6%,US$4.05
27081,8.5%,13.8%,US$3.23
27083,8.8%,13.8%,US$3.14
27085,7.6%,13%,US$2.95
27087,13.3%,21.9%,US$3.16
27089,8.6%,15%,US$3.13
27091,9.8%,16.1%,US$3.04
27093,7.4%,12.5%,US$3.21
27095,10.6%,18%,US$3.14
27097,9.5%,15.7%,US$2.77
27099,8.9%,13.2%,US$2.75
27101,7.7%,13.2%,US$3.02
27103,7.5%,10.6%,US$3.80
27105,8.4%,13.4%,US$2.83
27107,8.7%,15.1%,US$3.22
27109,7%,11.1%,US$3.12
27111,8.4%,14.2%,US$2.69
27113,8.6%,15.3%,US$3.13
27115,11%,18.2%,US$3.11
27117,9.1%,14.1%,US$2.97
27119,9.5%,15.8%,US$3.25
27121,7.7%,12.6%,US$3.03
27123,10%,15.4%,US$3.38
27125,8.9%,16.1%,US$3.18
27127,8.6%,15.4%,US$2.97
27129,8.1%,14.2%,US$2.97
27131,7.5%,12.7%,US$2.91
27133,7.6%,11.5%,US$2.92
27135,7.9%,14.5%,US$3.13
27137,10.3%,16.5%,US$3.18
27139,4.9%,8.7%,US$3.24
27141,6%,11.4%,US$3.24
27143,6.7%,11.2%,US$3.23
27145,8.6%,14%,US$3.10
27147,7.9%,13.1%,US$2.92
27149,7.5%,11.3%,US$2.96
27151,10.3%,17.1%,US$2.94
27153,9.6%,17.2%,US$3.29
27155,9.7%,15.8%,US$3.21
27157,6.8%,10.8%,US$3.70
27159,12%,20.4%,US$2.99
27161,8.2%,13.4%,US$3.02
27163,5.1%,8.7%,US$3.27
27165,8.5%,14.1%,US$3.03
27167,8.6%,14.2%,US$3.18
27169,8.3%,12.5%,US$3.50
27171,5.4%,9.4%,US$3.44
27173,9.3%,15%,US$3.15
28001,22.7%,31.3%,US$3.05
28003,16.8%,19.3%,US$2.73
28005,19.3%,24.6%,US$3.15
28007,20.2%,24.7%,US$3.17
28009,18.6%,20.5%,US$2.99
28011,24.1%,28.8%,US$3.04
28013,19.5%,25.4%,US$3.10
28015,16.5%,19.5%,US$3.05
28017,18%,21.5%,US$3.01
28019,19.9%,26.8%,US$3.22
28021,27.1%,37%,US$3.15
28023,18.5%,24.6%,US$2.98
28025,17.8%,23.7%,US$3.20
28027,23.9%,29.2%,US$3.10
28029,18.2%,23.7%,US$2.91
28031,18.5%,23.8%,US$3.06
28033,12.1%,12.4%,US$2.96
28035,20.2%,22.5%,US$3.34
28037,16.5%,20.3%,US$3.00
28039,16.4%,20.1%,US$2.95
28041,16.5%,19.7%,US$3.17
28043,19.4%,25.3%,US$3.20
28045,17%,20.8%,US$3.27
28047,17.7%,20.9%,US$3.20
28049,18%,21%,US$3.26
28051,27.8%,34.4%,US$3.25
28053,26.4%,35.1%,US$3.03
28055,28.9%,41.1%,US$3.11
28057,15.9%,18.4%,US$2.99
28059,16.3%,19.6%,US$3.34
28061,18.7%,26.4%,US$2.94
28063,30.4%,40%,US$3.02
28065,20.9%,26.2%,US$3.00
28067,17.5%,21.6%,US$3.06
28069,22.1%,30.2%,US$3.06
28071,15.2%,15.6%,US$3.76
28073,14.8%,16.3%,US$3.11
28075,19%,23%,US$3.01
28077,17.4%,21.6%,US$2.92
28079,20.5%,25.3%,US$2.87
28081,15.7%,17.7%,US$2.84
28083,24.2%,29.2%,US$3.02
28085,17.7%,21.1%,US$3.07
28087,17.8%,21%,US$3.25
28089,12.2%,12.6%,US$3.37
28091,20.4%,25.8%,US$2.97
28093,16%,20.8%,US$2.68
28095,16.3%,20.2%,US$3.03
28097,21.3%,31%,US$3.07
28099,19.3%,23.4%,US$3.01
28101,19.4%,25%,US$2.72
28103,22%,27.4%,US$3.20
28105,17.7%,17.9%,US$3.31
28107,18.5%,23.4%,US$3.16
28109,16.1%,19.3%,US$3.15
28111,18.9%,24.4%,US$3.09
28113,22.6%,28%,US$2.95
28115,16.7%,21.6%,US$3.01
28117,19%,25.1%,US$2.92
28119,25.2%,32.6%,US$3.05
28121,11.7%,11.8%,US$3.14
28123,20.3%,25.1%,US$2.74
28125,22.1%,24.9%,US$3.11
28127,18.5%,24%,US$2.90
28129,15.8%,20%,US$3.03
28131,16.6%,21.5%,US$3.31
28133,23.4%,28.4%,US$2.90
28135,20.4%,26.9%,US$3.04
28137,16.4%,21.4%,US$3.06
28139,17.2%,21.3%,US$3.07
28141,17.4%,20.4%,US$2.91
28143,19.8%,20.5%,US$3.10
28145,15.7%,17.8%,US$3.05
28147,21%,26.8%,US$3.01
28149,18.2%,21.7%,US$3.20
28151,24.5%,30.5%,US$3.12
28153,19.3%,23.7%,US$3.10
28155,19.6%,27.8%,US$3.19
28157,24.8%,33.9%,US$3.12
28159,19.3%,25.8%,US$3.14
28161,16.3%,19.1%,US$3.33
28163,23.1%,28.1%,US$3.13
29001,14.3%,14.9%,US$2.68
29003,10.4%,10.8%,US$2.86
29005,12.1%,13.7%,US$3.14
29007,13.7%,15.8%,US$2.63
29009,14.9%,19.3%,US$2.97
29011,15.6%,19.1%,US$2.77
29013,12.9%,15.8%,US$2.93
29015,16.5%,23.9%,US$2.88
29017,15.2%,19.4%,US$2.89
29019,12.1%,11.6%,US$3.10
29021,14%,17.2%,US$2.80
29023,18.2%,23.3%,US$2.60
29025,13.4%,16.3%,US$3.05
29027,11.7%,15.1%,US$3.07
29029,14.1%,19.2%,US$3.19
29031,12.4%,14.2%,US$2.86
29033,13.6%,16.4%,US$2.84
29035,16.6%,19.3%,US$2.69
29037,10.6%,12.4%,US$2.98
29039,15.5%,19%,US$2.81
29041,12.3%,13.9%,US$2.76
29043,10.8%,12.1%,US$2.93
29045,12.8%,16.8%,US$2.71
29047,10%,10.1%,US$3.10
29049,11.3%,13.4%,US$3.36
29051,10.9%,11.8%,US$2.90
29053,12.6%,14.1%,US$2.94
29055,16.5%,20%,US$2.91
29057,15.4%,21.4%,US$2.88
29059,14.9%,17.8%,US$2.92
29061,12%,14.6%,US$3.01
29063,13.2%,15.5%,US$2.83
29065,16.7%,21.3%,US$2.91
29067,16.7%,24.2%,US$2.93
29069,19.9%,25.5%,US$2.58
29071,11.4%,13.7%,US$2.88
29073,11.5%,13.2%,US$2.84
29075,13.8%,15.9%,US$2.85
29077,13.8%,14.7%,US$2.96
29079,14.1%,17.3%,US$2.98
29081,15%,18.2%,US$3.02
29083,16.4%,21.2%,US$2.62
29085,15.9%,19.7%,US$2.78
29087,12.8%,14.5%,US$2.91
29089,12.8%,16.3%,US$2.99
29091,17.2%,21.6%,US$2.69
29093,18.3%,23.7%,US$2.83
29095,13.6%,15.3%,US$3.00
29097,13.4%,15.7%,US$2.82
29099,10.7%,12.6%,US$3.11
29101,12.5%,12.5%,US$2.88
29103,15%,18.9%,US$2.79
29105,14.1%,16.7%,US$2.61
29107,12.3%,15.1%,US$3.38
29109,14%,18.5%,US$2.93
29111,12.5%,14.8%,US$2.83
29113,11.8%,14.1%,US$2.79
29115,13.7%,18.7%,US$2.77
29117,13.3%,15.8%,US$3.00
29119,14.2%,17.5%,US$3.16
29121,13.5%,17.7%,US$2.73
29123,15.2%,17.3%,US$2.86
29125,14.1%,18.4%,US$2.93
29127,14.4%,16.7%,US$2.73
29129,11.9%,12%,US$2.76
29131,14.4%,18.5%,US$3.33
29133,18.5%,22.5%,US$2.68
29135,11.5%,12.7%,US$3.03
29137,13.4%,17.9%,US$2.67
29139,14.1%,18%,US$2.79
29141,16.2%,22%,US$2.94
29143,18.8%,24.6%,US$2.77
29145,12.3%,14.3%,US$2.61
29147,13.8%,16.2%,US$3.14
29149,17.6%,24.6%,US$2.81
29151,8.9%,10.2%,US$3.00
29153,18.6%,25.9%,US$3.01
29155,21.6%,27.5%,US$2.72
29157,10.5%,11.5%,US$2.87
29159,14.6%,17.4%,US$2.73
29161,15.2%,17%,US$2.73
29163,12.9%,15.6%,US$2.80
29165,9.6%,9.1%,US$3.38
29167,13.6%,15.5%,US$2.61
29169,15.3%,16.7%,US$3.16
29171,14.9%,21.3%,US$2.64
29173,11.4%,13.3%,US$2.85
29175,14%,17.4%,US$2.61
29177,12.6%,16.8%,US$3.06
29179,16.1%,20.4%,US$2.84
29181,20.6%,27.8%,US$2.68
29183,8%,8.2%,US$3.20
29185,16%,20.9%,US$2.71
29186,12.4%,17%,US$3.04
29187,15.3%,18.4%,US$2.81
29189,10.9%,11.3%,US$3.31
29195,13.7%,15.9%,US$2.59
29197,14.1%,16.7%,US$2.64
29199,13.1%,15.6%,US$2.85
29201,16.2%,20.3%,US$2.87
29203,20.3%,26.9%,US$2.78
29205,13.2%,17.3%,US$2.71
29207,16.1%,19.5%,US$2.96
29209,13.7%,18.3%,US$3.12
29211,12.6%,14.2%,US$2.85
29213,15.8%,19.5%,US$3.21
29215,18.1%,23.3%,US$2.93
29217,13.4%,15.8%,US$3.00
29219,11.9%,15.6%,US$2.66
29221,17%,21.7%,US$2.94
29223,19.9%,25%,US$2.73
29225,13.4%,16.2%,US$2.89
29227,12.8%,16.8%,US$3.06
29229,17.8%,24.1%,US$2.76
29510,18.2%,21.8%,US$3.25
30001,10%,13.7%,US$3.36
30003,16.4%,25.8%,US$3.18
30005,17.8%,28.6%,US$3.32
30007,8.9%,15.3%,US$3.29
30009,9.3%,16.2%,US$3.20
30011,9.3%,17.2%,US$3.19
30013,10.6%,16.3%,US$3.11
30015,11.5%,17.7%,US$3.15
30017,10.1%,15%,US$3.20
30019,6.7%,11.7%,US$3.56
30021,8.8%,13.1%,US$3.50
30023,14.4%,21.9%,US$3.33
30025,8.2%,12.3%,US$3.42
30027,10%,17.6%,US$3.16
30029,9.7%,16.8%,US$3.17
30031,7.5%,10.4%,US$3.33
30033,7.1%,10.7%,US$3.20
30035,18.6%,26.6%,US$3.20
30037,11.4%,17.8%,US$3.17
30039,10.6%,15.9%,US$3.30
30041,12.7%,19.8%,US$3.18
30043,7.8%,13.8%,US$3.30
30045,10.6%,15%,US$3.16
30047,12.8%,21.7%,US$3.29
30049,9.3%,15.2%,US$3.23
30051,11.2%,18.4%,US$3.12
30053,15%,27.3%,US$3.19
30055,7.1%,9.7%,US$3.48
30057,9.4%,16.4%,US$3.33
30059,11.4%,17.4%,US$3.24
30061,15.3%,28.2%,US$3.21
30063,10.3%,14.5%,US$3.25
30065,12.4%,22.1%,US$3.17
30067,9.7%,14.7%,US$3.37
30069,9.4%,15.6%,US$3.17
30071,11.6%,18.2%,US$3.36
30073,12.5%,22.8%,US$3.15
30075,9.6%,14.1%,US$3.19
30077,11%,19.2%,US$3.25
30079,9.3%,16.9%,US$3.44
30081,11.7%,20.7%,US$3.82
30083,7.8%,10.9%,US$3.56
30085,15.2%,23.1%,US$3.63
30087,13.2%,20.6%,US$3.18
30089,14.5%,25.8%,US$3.19
30091,8.5%,13.7%,US$3.63
30093,12.9%,20.3%,US$3.39
30095,7.4%,13%,US$3.17
30097,8.2%,14%,US$3.23
30099,10.7%,18.3%,US$3.20
30101,11.9%,17.9%,US$3.12
30103,11.9%,18.9%,US$3.16
30105,8.8%,14.1%,US$3.69
30107,11.8%,22.9%,US$3.19
30109,9.7%,19.8%,US$3.59
30111,8.7%,13.6%,US$3.15
31001,12.9%,18.4%,US$2.98
31003,12.6%,19.6%,US$3.02
31005,12.9%,19.1%,US$3.09
31007,12.1%,18%,US$3.13
31009,13.7%,22%,US$3.03
31011,9.9%,14.7%,US$3.01
31013,11.7%,16.8%,US$3.05
31015,12.8%,17.6%,US$3.32
31017,13.5%,22.1%,US$3.35
31019,11.7%,16.1%,US$3.26
31021,13.2%,19.8%,US$3.01
31023,10.3%,15.4%,US$3.01
31025,9.5%,14.4%,US$3.46
31027,10.3%,16.3%,US$3.00
31029,10.4%,14.6%,US$3.06
31031,12.6%,16.3%,US$3.38
31033,12.2%,16.9%,US$3.08
31035,12.1%,19.2%,US$2.85
31037,9.4%,12.5%,US$2.97
31039,10.1%,14.2%,US$2.98
31041,12.2%,18.3%,US$2.97
31043,11.9%,17.4%,US$2.80
31045,12.3%,17.9%,US$3.06
31047,11.6%,16.5%,US$2.90
31049,12.8%,18.9%,US$3.17
31051,11.9%,18.5%,US$2.97
31053,12.8%,18.8%,US$2.90
31055,12.4%,16.9%,US$3.03
31057,10.8%,15.6%,US$2.90
31059,12.1%,17.2%,US$3.02
31061,13.5%,21.3%,US$3.18
31063,12.6%,20.1%,US$3.00
31065,13.2%,18.3%,US$3.12
31067,12.7%,18.4%,US$3.01
31069,11.8%,16.7%,US$3.09
31071,11.4%,17.2%,US$3.25
31073,10.4%,14.7%,US$2.96
31075,14.2%,23.2%,US$3.09
31077,11.6%,17.9%,US$3.24
31079,12.2%,17.4%,US$2.76
31081,9.3%,14.7%,US$2.85
31083,12.3%,18.8%,US$3.31
31085,13.1%,17.8%,US$3.04
31087,14.4%,20.8%,US$2.98
31089,11.4%,15.9%,US$3.38
31091,17.4%,24.2%,US$3.10
31093,12.1%,17.8%,US$2.95
31095,13.4%,19%,US$2.93
31097,12.3%,18.2%,US$3.03
31099,11.2%,17%,US$3.18
31101,12.6%,18.6%,US$3.09
31103,10%,16.3%,US$3.37
31105,12.5%,17%,US$3.26
31107,12.4%,18.8%,US$3.07
31109,12%,16.2%,US$3.02
31111,13%,18.1%,US$3.08
31113,10.8%,15.6%,US$3.10
31115,11.9%,17.6%,US$3.24
31117,14%,22.7%,US$3.09
31119,12.4%,17.7%,US$3.00
31121,12.6%,17.5%,US$2.86
31123,11.4%,15.7%,US$3.07
31125,12.4%,17.3%,US$3.03
31127,12.4%,18.8%,US$3.05
31129,13.1%,21%,US$3.00
31131,12.2%,19.6%,US$3.01
31133,12.7%,21.6%,US$3.02
31135,9.8%,14.9%,US$3.09
31137,10.9%,15.5%,US$3.15
31139,10.4%,15.3%,US$3.02
31141,9.7%,13.7%,US$3.01
31143,10.3%,16.3%,US$3.05
31145,11.7%,18.7%,US$2.99
31147,13.1%,22.1%,US$3.07
31149,11%,16%,US$3.43
31151,11.4%,16.1%,US$3.02
31153,9.2%,13%,US$3.02
31155,11%,17.2%,US$3.30
31157,12.6%,18.2%,US$3.02
31159,10.2%,14.8%,US$3.03
31161,15.2%,24.9%,US$3.19
31163,12.6%,19.2%,US$2.95
31165,11.6%,17.2%,US$3.05
31167,10%,14.8%,US$3.00
31169,11.4%,16.9%,US$2.89
31171,12.5%,18.5%,US$3.08
31173,18.4%,26.7%,US$2.93
31175,12.4%,17.2%,US$3.25
31177,11.1%,16%,US$3.13
31179,10.9%,13.5%,US$2.93
31181,12.4%,18.2%,US$3.01
31183,12.5%,20.2%,US$3.41
31185,11.7%,17.2%,US$2.85
32001,12.6%,18.1%,US$3.40
32003,12.8%,19.3%,US$3.31
32005,11.4%,19.1%,US$3.72
32007,10%,16.9%,US$3.35
32009,12.7%,19.3%,US$3.55
32011,10.9%,20.3%,US$3.32
32013,9.9%,15.8%,US$3.23
32015,9.8%,18.8%,US$3.41
32017,12.2%,21.5%,US$3.26
32019,13.1%,21.1%,US$3.38
32021,17.2%,31.3%,US$3.35
32023,16.2%,25.9%,US$3.15
32027,12.2%,20.9%,US$3.40
32029,11.9%,23%,US$3.39
32031,11.2%,16.8%,US$3.42
32033,11.5%,19.3%,US$3.12
32510,14.7%,22.9%,US$3.24
33001,9.4%,14.6%,US$3.74
33003,9.6%,15%,US$3.95
33005,9.5%,13.7%,US$3.38
33007,12.6%,18.6%,US$3.59
33009,9.7%,14.3%,US$3.79
33011,8.7%,11.5%,US$3.52
33013,8.6%,11.9%,US$3.76
33015,7%,10.1%,US$3.61
33017,9%,12.5%,US$3.66
33019,9.7%,14.2%,US$3.37
34001,11.4%,17.1%,US$3.45
34003,6.5%,7.1%,US$3.96
34005,7.5%,10.4%,US$3.37
34007,10.3%,14.1%,US$3.46
34009,11.7%,18.7%,US$3.77
34011,12.6%,18%,US$3.03
34013,12.7%,15.5%,US$4.21
34015,7.8%,11.2%,US$3.26
34017,10.9%,12.4%,US$3.26
34019,5.3%,6.9%,US$3.40
34021,8.9%,11%,US$3.45
34023,7.3%,8.7%,US$3.21
34025,7.1%,9.1%,US$3.55
34027,5.3%,6%,US$3.85
34029,8.9%,14.5%,US$3.49
34031,10.4%,14%,US$3.50
34033,11.3%,17.5%,US$3.78
34035,5.2%,5.9%,US$3.72
34037,6.4%,9.5%,US$4.01
34039,8.2%,10.2%,US$3.57
34041,8.2%,11.3%,US$3.55
35001,13.1%,20.5%,US$3.10
35003,19.2%,34.8%,US$2.97
35005,14.3%,23.2%,US$2.91
35006,19.4%,31.1%,US$2.88
35007,16.9%,27.9%,US$3.51
35009,15%,23.7%,US$3.23
35011,14.9%,20.3%,US$3.07
35013,15.7%,25.8%,US$2.94
35015,11.3%,18.2%,US$3.10
35017,15.3%,24.4%,US$3.29
35019,14%,22.1%,US$3.15
35021,16.9%,31%,US$3.35
35023,16.9%,27.2%,US$3.00
35025,11.6%,18.2%,US$3.18
35027,14.3%,23.3%,US$3.01
35028,8.1%,13.4%,US$3.36
35029,21.8%,33.9%,US$2.99
35031,22.1%,34.5%,US$2.82
35033,15.3%,23.7%,US$3.46
35035,15.9%,25.2%,US$3.18
35037,16.7%,30%,US$3.05
35039,11.5%,20%,US$3.08
35041,16.3%,25.7%,US$3.04
35043,12%,19.8%,US$3.19
35045,16.1%,26.2%,US$2.85
35047,18.1%,28.3%,US$3.16
35049,10.7%,17.7%,US$3.45
35051,19.5%,33.7%,US$2.95
35053,18.7%,29.5%,US$3.10
35055,15.2%,24.1%,US$3.82
35057,17.4%,28.6%,US$3.15
35059,13.1%,24.4%,US$2.97
35061,13.8%,23.1%,US$2.98
36001,10.2%,15.7%,US$3.62
36003,12.8%,23.8%,US$3.34
36005,17.5%,23.5%,US$3.36
36007,12.7%,21.3%,US$3.11
36009,12.8%,22.2%,US$2.87
36011,10.7%,19%,US$3.03
36013,13%,23%,US$2.94
36015,12.1%,20.7%,US$2.83
36017,12.4%,21.5%,US$2.75
36019,11.9%,20.2%,US$3.16
36021,10.2%,17.5%,US$3.36
36023,11.1%,19.4%,US$2.93
36025,12.3%,23.8%,US$3.83
36027,8.7%,14.1%,US$3.57
36029,11.4%,19.2%,US$3.18
36031,10.3%,18.6%,US$3.16
36033,12.9%,22.6%,US$2.78
36035,12.4%,21.8%,US$2.86
36037,10.2%,18.7%,US$2.92
36039,10.9%,17.6%,US$3.53
36041,11.8%,22.3%,US$3.25
36043,11.9%,21.3%,US$2.85
36045,12.7%,20.9%,US$2.84
36047,14.3%,19.6%,US$3.88
36049,11.4%,22.3%,US$3.03
36051,9.9%,17.9%,US$3.00
36053,9.5%,17.1%,US$2.87
36055,11.3%,18.9%,US$3.15
36057,13.6%,23.4%,US$2.98
36059,5.3%,9.5%,US$3.83
36061,12.2%,14.6%,US$6.19
36063,11.4%,19.9%,US$3.00
36065,12%,21.1%,US$3.01
36067,11%,18.6%,US$3.06
36069,8.9%,15.8%,US$3.09
36071,9%,15.6%,US$3.45
36073,11.8%,21.1%,US$2.69
36075,12.8%,23.8%,US$2.74
36077,10.9%,18.9%,US$3.16
36079,5.8%,10.1%,US$4.29
36081,9.9%,14.1%,US$3.64
36083,10.3%,17.9%,US$3.48
36085,9%,14.7%,US$3.74
36087,9%,16.6%,US$3.50
36089,13.1%,23.3%,US$2.84
36091,7.5%,12.9%,US$3.66
36093,10%,16.6%,US$3.37
36095,11.2%,20.3%,US$3.21
36097,11.9%,21.6%,US$3.00
36099,10.8%,18.6%,US$2.64
36101,11.7%,20.9%,US$2.93
36103,6.3%,11.2%,US$3.62
36105,11.4%,19.1%,US$2.95
36107,9.8%,17.8%,US$3.34
36109,10.4%,15%,US$3.50
36111,10.5%,16.9%,US$3.45
36113,10.4%,18.3%,US$3.30
36115,10.5%,18.6%,US$3.84
36117,10.1%,18.3%,US$2.95
36119,7.8%,11%,US$3.82
36121,10.1%,18.5%,US$3.36
36123,9.4%,17.2%,US$2.61
37001,14%,19.7%,US$2.99
37003,14%,21.5%,US$2.82
37005,18%,28.9%,US$2.77
37007,16.6%,24.6%,US$2.80
37009,14.4%,21.5%,US$2.86
37011,14.5%,20.1%,US$3.01
37013,16.2%,22.8%,US$2.99
37015,18.4%,28.2%,US$2.89
37017,19.1%,27.6%,US$3.03
37019,13.7%,21.6%,US$3.26
37021,12.4%,16.8%,US$3.07
37023,15.5%,22.7%,US$2.72
37025,11.1%,15.2%,US$3.00
37027,14.9%,21.1%,US$2.69
37029,11.7%,18.6%,US$3.12
37031,13.8%,19.9%,US$3.49
37033,15.9%,25.1%,US$2.81
37035,12.8%,17.9%,US$2.94
37037,11.9%,17.3%,US$3.44
37039,15.3%,23.1%,US$2.99
37041,15.9%,23.7%,US$2.97
37043,14.9%,23.9%,US$3.03
37045,16.2%,22.8%,US$2.66
37047,18.1%,27.3%,US$2.81
37049,15%,21.8%,US$3.22
37051,16.9%,22.8%,US$2.95
37053,11.4%,16.3%,US$3.59
37055,11.8%,17.3%,US$3.80
37057,14.1%,20.2%,US$2.71
37059,12.6%,19.2%,US$3.07
37061,17.1%,24.8%,US$2.86
37063,13.5%,17.3%,US$3.28
37065,19.6%,28.1%,US$2.85
37067,13.8%,18.8%,US$3.04
37069,13.7%,19.5%,US$3.00
37071,14.4%,20.1%,US$2.85
37073,14.2%,21.5%,US$2.99
37075,16.5%,25.8%,US$3.09
37077,13.4%,18.5%,US$2.96
37079,18.5%,26.5%,US$3.01
37081,13.9%,19%,US$3.12
37083,19.9%,28.1%,US$2.83
37085,14.5%,19.9%,US$3.14
37087,13.6%,21%,US$3.09
37089,11.8%,16.3%,US$2.95
37091,18.9%,28.2%,US$2.77
37093,16.7%,23%,US$2.93
37095,18.1%,26.6%,US$3.26
37097,12.1%,17.2%,US$3.11
37099,14.4%,20.7%,US$3.07
37101,12.6%,18%,US$3.20
37103,19.5%,30.8%,US$3.03
37105,14.2%,19.4%,US$2.81
37107,18.9%,27.7%,US$2.62
37109,12.9%,19.1%,US$2.84
37111,15.5%,21.8%,US$2.91
37113,14.5%,22.7%,US$2.99
37115,14.7%,21.7%,US$3.16
37117,16.7%,23.6%,US$2.75
37119,12%,15.2%,US$3.36
37121,14.5%,21.2%,US$3.14
37123,14.5%,20.9%,US$2.66
37125,12.8%,18.7%,US$3.43
37127,15.4%,21.4%,US$2.70
37129,14.1%,18.7%,US$3.30
37131,18.5%,28%,US$3.21
37133,15.2%,20.5%,US$2.95
37135,10.8%,12.2%,US$4.02
37137,15.1%,23.1%,US$3.25
37139,15.3%,21.3%,US$2.95
37141,13.6%,19.4%,US$3.45
37143,14.6%,21.8%,US$2.96
37145,15.5%,25.2%,US$2.90
37147,16.1%,21.2%,US$2.93
37149,12.6%,18.1%,US$3.37
37151,13.8%,20.1%,US$2.82
37153,18.4%,27.7%,US$2.62
37155,19.4%,28%,US$2.69
37157,15.2%,22.4%,US$2.87
37159,14.3%,21.3%,US$2.75
37161,16.4%,23.7%,US$2.66
37163,16.9%,24.1%,US$2.80
37165,20.9%,31.1%,US$2.84
37167,13.4%,19.8%,US$2.81
37169,13%,20.1%,US$3.05
37171,15%,21.3%,US$2.76
37173,15.5%,22.8%,US$3.13
37175,13.6%,23.3%,US$3.43
37177,20.3%,31.2%,US$3.36
37179,9.5%,13.4%,US$3.19
37181,19%,27%,US$2.76
37183,10.4%,13.1%,US$3.34
37185,17.6%,24.9%,US$3.13
37187,19.5%,32.9%,US$2.92
37189,13.8%,17.9%,US$3.71
37191,16.6%,24.4%,US$2.79
37193,15.8%,23.8%,US$2.71
37195,17.8%,26%,US$2.66
37197,13.4%,20.4%,US$3.14
37199,15.4%,21.8%,US$3.08
38001,4.9%,7.3%,US$3.34
38003,6.6%,10.8%,US$3.29
38005,15%,26.1%,US$3.18
38007,5.3%,9.6%,US$3.59
38009,7%,13.1%,US$3.23
38011,4.4%,6.2%,US$3.40
38013,3.6%,7.5%,US$3.45
38015,5.1%,8.4%,US$3.26
38017,6.1%,8.9%,US$3.29
38019,5%,10.7%,US$3.15
38021,4.1%,6.2%,US$3.13
38023,6.7%,10.9%,US$3.65
38025,5.3%,8.7%,US$3.57
38027,9.8%,18.4%,US$3.17
38029,7.7%,11.6%,US$3.24
38031,4.6%,9.1%,US$3.23
38033,5.8%,8.6%,US$3.59
38035,8.1%,10.9%,US$3.16
38037,6.8%,11%,US$3.29
38039,6.2%,11.1%,US$3.16
38041,5%,11%,US$3.39
38043,7%,12.8%,US$3.25
38045,6.2%,11.9%,US$3.23
38047,4.8%,8.2%,US$3.25
38049,5.9%,11%,US$3.24
38051,5.9%,10.9%,US$3.13
38053,6.3%,10.6%,US$3.57
38055,5.1%,9.9%,US$3.27
38057,4.7%,9.6%,US$3.28
38059,5.3%,9%,US$3.20
38061,5.3%,8.6%,US$3.46
38063,7.4%,13.6%,US$3.16
38065,6.1%,12.6%,US$3.26
38067,5.5%,9.7%,US$3.51
38069,8.3%,15.6%,US$3.22
38071,8%,11.8%,US$3.18
38073,5.4%,8.4%,US$3.29
38075,4.3%,7.8%,US$3.28
38077,5.4%,9.1%,US$3.19
38079,16.3%,28.7%,US$3.08
38081,4.1%,7.2%,US$3.27
38083,8.5%,16.3%,US$3.26
38085,16%,23.9%,US$3.24
38087,5.6%,8.9%,US$3.41
38089,5.6%,7.2%,US$3.39
38091,4.3%,9.7%,US$3.26
38093,7.5%,13.3%,US$3.20
38095,6.8%,12.8%,US$3.16
38097,4.8%,7.7%,US$3.22
38099,6.3%,9.5%,US$3.15
38101,5.8%,9.3%,US$3.27
38103,6.2%,9%,US$3.25
38105,4.9%,6.8%,US$3.52
39001,18.8%,27.3%,US$2.68
39003,14%,19.8%,US$2.71
39005,13%,19.1%,US$2.75
39007,16.1%,23.8%,US$2.84
39009,18.2%,24.9%,US$2.86
39011,10%,14%,US$2.77
39013,13.9%,20.5%,US$2.77
39015,14.7%,21.6%,US$2.90
39017,12.1%,16.5%,US$3.06
39019,13.2%,19.1%,US$3.32
39021,12.3%,18.2%,US$2.93
39023,14.8%,21.1%,US$2.82
39025,11.3%,15.6%,US$3.05
39027,14.2%,19.9%,US$2.64
39029,14.3%,21.5%,US$2.75
39031,15.2%,23.3%,US$2.54
39033,14.5%,22.1%,US$2.82
39035,15.9%,21.6%,US$3.24
39037,11.8%,16.9%,US$2.66
39039,11%,16.8%,US$2.60
39041,7.5%,9.4%,US$3.22
39043,13.5%,19.5%,US$2.80
39045,11.5%,15.6%,US$2.84
39047,15%,21.4%,US$2.57
39049,13.7%,17.8%,US$3.05
39051,11.1%,15.7%,US$2.94
39053,18.1%,26.7%,US$2.54
39055,9%,13.3%,US$3.27
39057,12%,16.7%,US$2.95
39059,16.3%,26%,US$2.68
39061,14.1%,18.7%,US$3.05
39063,11.2%,15.3%,US$2.84
39065,14.2%,19.8%,US$2.75
39067,15.2%,23.3%,US$2.84
39069,11.3%,17.4%,US$2.77
39071,16.8%,24.5%,US$2.78
39073,14%,20.6%,US$2.82
39075,10.2%,15%,US$2.87
39077,13.7%,20.3%,US$2.68
39079,17.2%,25.7%,US$2.77
39081,16.5%,24.9%,US$2.77
39083,13%,19.2%,US$2.70
39085,11.1%,15.8%,US$3.09
39087,17.3%,25.1%,US$2.70
39089,12.4%,17.8%,US$2.82
39091,12.5%,18.6%,US$2.62
39093,13.4%,19.4%,US$2.95
39095,15.9%,22%,US$2.85
39097,12%,17%,US$2.97
39099,15.4%,23%,US$3.03
39101,15.1%,21.9%,US$2.68
39103,9.6%,13.7%,US$3.03
39105,18.7%,28.1%,US$2.82
39107,9.5%,12.9%,US$2.45
39109,11.6%,15.7%,US$2.92
39111,17.4%,26.3%,US$2.84
39113,15.2%,21.4%,US$2.96
39115,17%,25.9%,US$2.74
39117,11.6%,17.4%,US$2.92
39119,15.2%,22.1%,US$2.69
39121,15.4%,26.5%,US$2.73
39123,12.8%,20.1%,US$3.18
39125,12.3%,17.1%,US$2.87
39127,16%,23.4%,US$2.79
39129,12.5%,18%,US$2.61
39131,18.3%,27%,US$2.71
39133,12.5%,17.7%,US$3.05
39135,12.6%,17.9%,US$2.77
39137,9%,12.7%,US$2.84
39139,14.3%,20.2%,US$2.77
39141,16.1%,22.6%,US$2.65
39143,13.1%,18.3%,US$2.58
39145,19.3%,27.8%,US$2.64
39147,13.2%,19.8%,US$2.63
39149,11.2%,15.3%,US$2.66
39151,13.5%,19.8%,US$2.94
39153,13.2%,18.2%,US$3.14
39155,15.5%,24%,US$2.77
39157,13.1%,18.9%,US$2.93
39159,9.5%,12.6%,US$2.94
39161,11.8%,16.1%,US$2.65
39163,17.7%,27.8%,US$2.72
39165,8.6%,11.4%,US$3.10
39167,15.3%,22.5%,US$2.80
39169,11.8%,17.3%,US$3.03
39171,12.5%,18.7%,US$2.81
39173,11.2%,14.1%,US$2.91
39175,11.1%,14.3%,US$2.90
40001,19.8%,29.5%,US$2.96
40003,11.5%,17.3%,US$3.03
40005,17.3%,26.7%,US$3.00
40007,10.1%,14.9%,US$2.96
40009,13.3%,17.5%,US$3.18
40011,13%,20.3%,US$3.13
40013,16%,23%,US$3.19
40015,16.4%,24%,US$2.98
40017,10.6%,15.8%,US$3.18
40019,15.4%,22.3%,US$2.94
40021,16.4%,23.7%,US$3.27
40023,20.7%,30.5%,US$2.95
40025,12.8%,17.9%,US$3.06
40027,12%,16.7%,US$3.09
40029,18.1%,27.3%,US$3.01
40031,15.8%,22%,US$2.90
40033,15.2%,20.9%,US$3.01
40035,16.7%,25.4%,US$3.02
40037,13.8%,21.8%,US$3.13
40039,13.1%,16.8%,US$3.32
40041,17%,27.6%,US$3.08
40043,13.2%,21.8%,US$3.28
40045,13.8%,20.6%,US$3.36
40047,13.5%,19.1%,US$2.95
40049,14.2%,20.4%,US$3.08
40051,12.6%,19.1%,US$3.16
40053,12.2%,18.1%,US$2.91
40055,18%,24.9%,US$3.20
40057,13.9%,18.2%,US$3.18
40059,10.1%,15.2%,US$3.29
40061,18.1%,28.2%,US$3.00
40063,17.6%,27.3%,US$2.92
40065,14.9%,20.4%,US$3.14
40067,17.9%,27.6%,US$3.01
40069,16.9%,25.9%,US$2.97
40071,16.5%,24.9%,US$2.76
40073,11.2%,17.3%,US$3.08
40075,17.8%,26.5%,US$3.01
40077,18.1%,28.8%,US$3.10
40079,18%,27.1%,US$3.08
40081,14.3%,21.8%,US$3.15
40083,12.2%,17.9%,US$3.13
40085,13%,18.9%,US$3.04
40087,10.6%,16.1%,US$3.18
40089,18.8%,27.8%,US$3.11
40091,18.9%,30.6%,US$3.08
40093,11.9%,18.2%,US$3.10
40095,16.8%,24.5%,US$2.98
40097,16.2%,24.1%,US$3.11
40099,15.6%,22.1%,US$2.94
40101,16.9%,25.2%,US$2.90
40103,13.3%,18.9%,US$3.02
40105,15.4%,22.6%,US$3.12
40107,18.4%,26.1%,US$3.02
40109,14.2%,20.2%,US$3.03
40111,17.3%,26.4%,US$2.94
40113,15.4%,24.7%,US$3.21
40115,17%,26.4%,US$2.98
40117,14.6%,22.2%,US$3.17
40119,15.2%,19.4%,US$3.05
40121,16.8%,24.8%,US$3.22
40123,14.2%,20.4%,US$2.75
40125,15.3%,22.6%,US$2.97
40127,18.4%,28%,US$3.02
40129,14.6%,22.1%,US$3.28
40131,11.6%,18.3%,US$3.33
40133,18%,26.6%,US$2.93
40135,18.6%,29.2%,US$3.09
40137,15%,22.8%,US$3.16
40139,10.9%,15.4%,US$3.00
40141,15.3%,22.8%,US$3.01
40143,13.9%,19.8%,US$3.13
40145,12.4%,19.3%,US$3.24
40147,14%,21.6%,US$2.92
40149,12.7%,18.5%,US$3.24
40151,11.9%,17.3%,US$3.04
40153,12%,18.3%,US$3.27
41001,14.7%,23%,US$3.15
41003,10.8%,12.9%,US$3.42
41005,9.1%,12.6%,US$3.48
41007,12.3%,15.5%,US$3.25
41009,12.2%,18%,US$3.60
41011,15.6%,24%,US$3.30
41013,14.3%,22.6%,US$4.36
41015,14.6%,20.1%,US$3.56
41017,10.5%,15%,US$3.56
41019,14.7%,22.6%,US$3.16
41021,12.8%,15.6%,US$3.52
41023,15.7%,23.9%,US$3.16
41025,15.1%,24%,US$3.28
41027,8.1%,10.1%,US$3.87
41029,13.1%,19%,US$3.31
41031,14.2%,20.5%,US$3.63
41033,15.1%,23.1%,US$3.25
41035,16%,23.8%,US$3.34
41037,14.9%,20.9%,US$3.29
41039,13.8%,18.9%,US$3.30
41041,14.7%,22.4%,US$3.66
41043,13.1%,18.6%,US$3.13
41045,14.3%,20.6%,US$2.66
41047,11.8%,16.2%,US$3.11
41049,11.1%,16.3%,US$3.11
41051,12%,15.3%,US$3.58
41053,11.5%,15.6%,US$3.28
41055,13.5%,19.1%,US$3.76
41057,13.6%,20%,US$3.56
41059,13.2%,19.3%,US$3.19
41061,13.5%,19.8%,US$3.27
41063,14.9%,24.3%,US$3.18
41065,12.5%,17%,US$3.58
41067,9%,11.5%,US$3.40
41069,15.4%,23.8%,US$3.33
41071,11.1%,16.6%,US$3.39
42001,8.2%,12.3%,US$3.63
42003,10.6%,14.3%,US$3.21
42005,11.7%,18.1%,US$2.72
42007,10.7%,16.1%,US$2.89
42009,11.2%,17.2%,US$3.42
42011,9.6%,13.7%,US$3.18
42013,12%,17.6%,US$3.07
42015,10.7%,16.3%,US$2.84
42017,7.1%,9.4%,US$3.53
42019,8.3%,11.6%,US$3.13
42021,12.8%,20.4%,US$2.92
42023,12.6%,18.9%,US$2.95
42025,11.2%,18.3%,US$2.93
42027,8.8%,10.9%,US$3.59
42029,6.3%,7.9%,US$4.01
42031,12.3%,18.1%,US$2.69
42033,12.6%,20.5%,US$2.94
42035,12.8%,19.6%,US$3.11
42037,10.5%,15.9%,US$3.09
42039,12%,18%,US$2.94
42041,7.9%,11.1%,US$3.34
42043,10.6%,15%,US$3.24
42045,9.4%,12.5%,US$3.69
42047,9.9%,15.3%,US$3.17
42049,12.3%,18.3%,US$3.06
42051,14.2%,22.3%,US$2.91
42053,14.7%,27.6%,US$2.82
42055,9.7%,14.2%,US$3.17
42057,10.4%,15.6%,US$3.15
42059,12.5%,18.7%,US$2.79
42061,11.8%,18.8%,US$3.22
42063,11.8%,17.6%,US$3.04
42065,11.5%,18%,US$2.69
42067,10.1%,15.6%,US$3.32
42069,12%,17.1%,US$3.25
42071,8.7%,12.1%,US$3.40
42073,12.3%,18.7%,US$2.99
42075,9.1%,13.1%,US$3.10
42077,10.1%,13.7%,US$3.30
42079,11.9%,18.6%,US$3.11
42081,11.8%,18%,US$3.10
42083,13%,21%,US$2.77
42085,12.1%,19.4%,US$2.76
42087,12%,19.2%,US$2.78
42089,10.2%,14.8%,US$3.23
42091,7%,8.8%,US$3.63
42093,10%,14.7%,US$3.12
42095,8.7%,12.6%,US$3.45
42097,12.1%,18.2%,US$3.11
42099,8.7%,13%,US$3.34
42101,16.3%,22%,US$3.37
42103,10.1%,16.1%,US$3.40
42105,12.7%,19.6%,US$2.96
42107,11.7%,17.6%,US$3.02
42109,9.4%,14.8%,US$2.91
42111,11.3%,18.5%,US$2.87
42113,11.9%,18.7%,US$3.14
42115,10.8%,16.9%,US$3.55
42117,12.1%,18.5%,US$3.12
42119,9.5%,13.4%,US$3.39
42121,12.3%,19.1%,US$2.82
42123,11.3%,18.5%,US$2.79
42125,9.6%,13.6%,US$3.31
42127,10.9%,16.6%,US$3.30
42129,9.9%,14.8%,US$3.13
42131,9.7%,15.2%,US$3.14
42133,9.1%,13.5%,US$3.23
44001,8.1%,12%,US$4.73
44003,9.2%,14.8%,US$3.43
44005,9%,13.6%,US$3.69
44007,12%,17.8%,US$3.52
44009,7.8%,13.3%,US$3.84
45001,14.4%,21%,US$3.24
45003,10.6%,15.1%,US$2.86
45005,17.7%,26.3%,US$2.93
45007,10.9%,14.9%,US$2.82
45009,16.7%,27.3%,US$2.94
45011,17.1%,26.2%,US$2.74
45013,8.6%,12.5%,US$3.63
45015,9.2%,12.2%,US$3.21
45017,12.5%,16.6%,US$2.99
45019,9.6%,12.2%,US$3.53
45021,13.2%,17.5%,US$2.60
45023,14.2%,19.8%,US$2.81
45025,13.6%,19.3%,US$2.79
45027,16%,23%,US$2.78
45029,12.8%,19%,US$3.03
45031,14.6%,19.9%,US$2.92
45033,18.5%,25.8%,US$2.79
45035,9.1%,12%,US$3.20
45037,11.4%,15.1%,US$3.08
45039,15.8%,22.9%,US$3.24
45041,12.8%,17.1%,US$2.68
45043,12.3%,19.1%,US$3.34
45045,9.1%,11%,US$3.06
45047,13.5%,20.4%,US$2.77
45049,11.9%,16.7%,US$3.43
45051,11.6%,18.2%,US$2.98
45053,12.2%,18.9%,US$3.33
45055,11%,14.8%,US$3.03
45057,10%,14.3%,US$2.88
45059,13.5%,19.3%,US$2.58
45061,16.3%,24%,US$2.78
45063,8.9%,12.1%,US$2.93
45065,13.4%,25.5%,US$2.91
45067,15.6%,21.9%,US$2.71
45069,16.9%,24.8%,US$2.67
45071,11.5%,16.6%,US$2.75
45073,12.3%,17.5%,US$2.59
45075,15.7%,22.5%,US$2.60
45077,10.2%,12.8%,US$2.95
45079,11.2%,13.5%,US$3.16
45081,10.1%,13.4%,US$3.27
45083,10.5%,14.3%,US$2.81
45085,14.3%,19.2%,US$2.81
45087,14.5%,21.7%,US$2.80
45089,16.4%,22.4%,US$2.98
45091,8.3%,10.5%,US$3.11
46003,8.6%,13.9%,US$3.28
46005,11.3%,19.6%,US$3.16
46007,18.2%,27.8%,US$3.29
46009,9.6%,16.6%,US$3.27
46011,9.3%,12.7%,US$3.42
46013,9.8%,15%,US$3.25
46015,12.7%,20.7%,US$3.47
46017,21.9%,29.9%,US$3.23
46019,11.3%,16.3%,US$3.29
46021,7.9%,13.2%,US$3.01
46023,13.4%,20.9%,US$3.25
46025,10.9%,19.2%,US$3.24
46027,12.3%,16.8%,US$3.09
46029,10.6%,16.2%,US$3.19
46031,21.3%,31.1%,US$2.91
46033,11.1%,21.6%,US$3.24
46035,11.2%,17.4%,US$3.20
46037,12.5%,22.2%,US$3.22
46039,9.8%,16.5%,US$3.29
46041,19%,28.6%,US$3.19
46043,8.7%,13.6%,US$3.28
46045,7%,11.1%,US$3.21
46047,12.4%,22.8%,US$3.21
46049,10.4%,12.4%,US$3.18
46051,8.4%,15.5%,US$3.22
46053,11.3%,18.7%,US$3.47
46055,11%,18.7%,US$3.22
46057,7.3%,12.7%,US$3.29
46059,9.5%,14.9%,US$3.14
46061,8.6%,15.6%,US$3.24
46063,8%,11.5%,US$3.41
46065,9.9%,16%,US$3.22
46067,9.8%,15.6%,US$3.23
46069,10%,19.7%,US$3.20
46071,22.5%,32.1%,US$3.24
46073,9.2%,11.8%,US$3.16
46075,9%,18%,US$3.27
46077,8.8%,15%,US$3.24
46079,9.9%,15.6%,US$3.11
46081,10.7%,16.2%,US$3.47
46083,5.8%,9.8%,US$3.03
46085,13.4%,23%,US$3.34
46087,8.7%,13.9%,US$3.09
46089,12.7%,17.5%,US$3.22
46091,8.9%,13.7%,US$3.28
46093,8.8%,14%,US$3.05
46095,22.3%,32.7%,US$3.50
46097,8.8%,15.1%,US$3.26
46099,9.5%,14.4%,US$3.07
46101,10.7%,17%,US$3.11
46102,26.9%,38.1%,US$3.14
46103,10.8%,18.1%,US$3.22
46105,10.3%,15.8%,US$3.41
46107,8.5%,16.1%,US$3.17
46109,12.8%,22.8%,US$3.32
46111,9.6%,16.2%,US$3.16
46115,9.6%,16.2%,US$3.18
46117,6.4%,11.4%,US$3.22
46119,6.6%,10.2%,US$3.16
46121,25.9%,34.5%,US$3.55
46123,11.8%,21.2%,US$3.52
46125,9.6%,15.8%,US$3.10
46127,8.3%,13.2%,US$3.09
46129,10.9%,16.6%,US$3.02
46135,10.9%,16.4%,US$3.19
46137,20.6%,30.9%,US$3.21
47001,13.9%,17.6%,US$3.18
47003,12.9%,15.8%,US$3.09
47005,17.5%,22.9%,US$3.14
47007,17.7%,23.5%,US$3.33
47009,10.9%,13.5%,US$3.28
47011,13.6%,17.2%,US$3.29
47013,16.9%,22.7%,US$3.13
47015,13.2%,18%,US$3.12
47017,16.2%,20.6%,US$3.01
47019,16.9%,23%,US$3.30
47021,10.3%,12.1%,US$3.13
47023,13.5%,17.5%,US$2.91
47025,16.9%,23.7%,US$3.10
47027,17.6%,22%,US$3.08
47029,18%,25.5%,US$3.10
47031,13%,16.6%,US$3.03
47033,14.8%,18.6%,US$2.97
47035,14.3%,20.2%,US$3.30
47037,12.4%,14.4%,US$3.34
47039,15.2%,20%,US$3.09
47041,13.9%,18%,US$3.15
47043,12.1%,14.7%,US$2.88
47045,15.7%,19.2%,US$3.10
47047,12.2%,16.1%,US$3.16
47049,16.7%,21.3%,US$3.13
47051,13.2%,16.2%,US$3.11
47053,14.7%,19.3%,US$3.01
47055,13.2%,16.3%,US$3.24
47057,15%,20%,US$2.98
47059,15.3%,20.5%,US$2.94
47061,17.6%,23.2%,US$3.29
47063,14.5%,18.4%,US$2.92
47065,12.2%,14.1%,US$3.41
47067,18.7%,26.8%,US$2.99
47069,16.4%,20.7%,US$2.90
47071,15.1%,19.8%,US$3.04
47073,15.5%,21.9%,US$3.22
47075,16.5%,20.7%,US$3.00
47077,15.3%,19.8%,US$3.05
47079,15.4%,21.8%,US$3.18
47081,14%,17.6%,US$3.08
47083,15.1%,21.7%,US$3.12
47085,15.2%,19.5%,US$3.02
47087,16.3%,23.6%,US$3.11
47089,13.2%,16.7%,US$3.24
47091,16.4%,23.7%,US$3.19
47093,11.7%,13.1%,US$3.30
47095,19.9%,26.3%,US$2.84
47097,18.6%,23.9%,US$2.89
47099,14.7%,19.6%,US$3.01
47101,15.2%,22.1%,US$3.09
47103,13.4%,17%,US$3.24
47105,10.8%,14.4%,US$2.97
47107,14.9%,19.5%,US$3.22
47109,16.1%,20.4%,US$2.96
47111,14.1%,17.1%,US$3.15
47113,14.5%,18.6%,US$2.94
47115,15.2%,20.8%,US$3.21
47117,12.6%,15.4%,US$3.06
47119,11.4%,13.1%,US$3.11
47121,14.1%,19.6%,US$3.30
47123,14.6%,19.6%,US$3.22
47125,12.5%,13.8%,US$3.17
47127,9.7%,11.9%,US$3.07
47129,16.3%,22%,US$3.15
47131,17%,22.8%,US$3.10
47133,13.2%,16.9%,US$3.35
47135,17.7%,25.4%,US$3.13
47137,14.1%,22.9%,US$3.05
47139,13.9%,18.1%,US$3.13
47141,13.3%,16%,US$3.09
47143,16.5%,23%,US$3.29
47145,13.7%,17%,US$3.25
47147,10.6%,13.2%,US$2.97
47149,9.9%,10.5%,US$3.16
47151,17.7%,22.3%,US$3.14
47153,14.7%,19.6%,US$3.29
47155,13.1%,16.5%,US$3.32
47157,15%,18.7%,US$3.13
47159,12.6%,14.9%,US$3.17
47161,14.9%,19.5%,US$3.12
47163,14.3%,19.7%,US$3.18
47165,10%,11.5%,US$3.20
47167,12.9%,15.7%,US$3.19
47169,13.5%,16%,US$3.20
47171,16.6%,22.7%,US$3.11
47173,15.5%,20.7%,US$3.23
47175,16.1%,23.3%,US$3.14
47177,16.1%,22.2%,US$2.96
47179,13.3%,16.1%,US$3.14
47181,15.3%,21.7%,US$2.99
47183,14.7%,19%,US$2.89
47185,13.8%,18.7%,US$3.17
47187,5.8%,5.1%,US$3.67
47189,9.1%,10.5%,US$3.21
48001,15.2%,22.9%,US$2.85
48003,10.1%,14.3%,US$2.94
48005,17.9%,26.1%,US$2.81
48007,18.4%,28.9%,US$2.96
48009,13.2%,21.1%,US$2.89
48011,12.1%,19.7%,US$3.08
48013,12.6%,19.7%,US$2.63
48015,13.1%,19.6%,US$3.00
48017,13%,19.8%,US$3.01
48019,15.6%,25.9%,US$3.14
48021,12.4%,17.6%,US$3.06
48023,16.1%,19.9%,US$2.87
48025,17.2%,25.7%,US$2.96
48027,16.2%,23.1%,US$2.59
48029,14.1%,20%,US$2.74
48031,13.1%,21.1%,US$2.94
48033,13.3%,25.2%,US$2.92
48035,15.6%,25.8%,US$2.66
48037,17.5%,26.5%,US$2.83
48039,12.3%,17.8%,US$2.80
48041,15.1%,19.6%,US$2.71
48043,15.2%,19.6%,US$3.11
48045,14.3%,19.9%,US$2.86
48047,21.6%,32.7%,US$2.49
48049,14.8%,22.7%,US$2.72
48051,14.2%,22.7%,US$2.75
48053,14%,21.1%,US$2.94
48055,14.6%,20.8%,US$3.04
48057,14.5%,21.6%,US$2.80
48059,15.5%,23.7%,US$2.87
48061,17.8%,27.3%,US$2.34
48063,17.5%,26.5%,US$2.97
48065,11.2%,18.2%,US$3.06
48067,18.8%,31.2%,US$2.94
48069,12.9%,19.6%,US$3.13
48071,13.9%,21.2%,US$2.85
48073,16.1%,24.2%,US$2.92
48075,15.7%,17.9%,US$3.00
48077,15.4%,24.9%,US$2.86
48079,16.5%,24.5%,US$3.06
48081,15.8%,23.3%,US$2.85
48083,17%,26%,US$2.86
48085,11.1%,15.5%,US$3.18
48087,14.5%,22.8%,US$3.04
48089,13%,19.9%,US$2.66
48091,12.2%,18.4%,US$3.04
48093,15.8%,25.1%,US$2.84
48095,10.3%,18.2%,US$2.77
48097,14.8%,23.7%,US$3.03
48099,16.6%,24.3%,US$2.68
48101,21.8%,36%,US$3.02
48103,8.6%,14.7%,US$2.93
48105,13.2%,22%,US$2.56
48107,16.8%,25.4%,US$3.05
48109,19.3%,35%,US$2.95
48111,13%,19.1%,US$2.89
48113,15.1%,21.1%,US$2.89
48115,17.1%,25.4%,US$3.04
48117,12.8%,18.2%,US$3.04
48119,19.2%,30.6%,US$2.76
48121,11.5%,15.9%,US$3.01
48123,15%,20.7%,US$2.61
48125,17.3%,24.7%,US$3.07
48127,18.3%,27%,US$2.43
48129,15.4%,25.8%,US$3.11
48131,19%,29.4%,US$2.74
48133,18.4%,28.5%,US$2.84
48135,11.7%,16.1%,US$2.81
48137,12.8%,19.6%,US$2.46
48139,12.3%,18.7%,US$2.88
48141,15%,22%,US$2.92
48143,14.7%,20.9%,US$2.92
48145,19.6%,30.6%,US$2.59
48147,14.9%,21.9%,US$2.93
48149,13.4%,19.3%,US$3.05
48151,15.7%,24.1%,US$2.91
48153,15.1%,23.3%,US$3.05
48155,13.3%,19.8%,US$2.93
48157,11%,16.6%,US$2.99
48159,14.4%,21.6%,US$2.84
48161,18.3%,27.3%,US$2.81
48163,14.3%,21.6%,US$2.71
48165,12.5%,18.6%,US$3.17
48167,15%,21.9%,US$2.93
48169,14.5%,22.4%,US$3.07
48171,13.1%,20.1%,US$2.40
48173,9.9%,12.2%,US$2.91
48175,14.9%,25.1%,US$2.65
48177,14.5%,21.4%,US$2.69
48179,15.7%,24%,US$3.17
48181,15.7%,23.5%,US$2.76
48183,17.2%,24.7%,US$2.82
48185,16.3%,26.6%,US$3.20
48187,11.6%,17.5%,US$3.05
48189,14.9%,21.6%,US$2.83
48191,19.3%,27.3%,US$3.01
48193,16.8%,26.8%,US$2.65
48195,13.9%,20.4%,US$3.00
48197,16.2%,24.3%,US$2.96
48199,15.6%,24.1%,US$2.87
48201,14.8%,21.2%,US$2.91
48203,15.8%,23.6%,US$2.83
48205,11.7%,16.5%,US$3.03
48207,18.2%,27.9%,US$2.86
48209,12.1%,16.6%,US$2.98
48211,13.5%,20.1%,US$3.12
48213,16.6%,26.4%,US$2.94
48215,18.2%,27.8%,US$2.39
48217,16.2%,25%,US$2.89
48219,14.2%,20.5%,US$2.92
48221,13.6%,21.4%,US$2.84
48223,16.4%,25%,US$2.89
48225,20%,31.7%,US$2.66
48227,15.2%,21.9%,US$2.94
48229,19.2%,32.9%,US$2.94
48231,16.6%,24.9%,US$2.73
48233,16.1%,25.9%,US$3.15
48235,13.9%,20.5%,US$2.76
48237,14.7%,23.9%,US$3.03
48239,15.1%,21.1%,US$2.57
48241,18.4%,29.6%,US$2.81
48243,11.7%,21.9%,US$3.18
48245,18.5%,27.7%,US$2.70
48247,18.7%,29.9%,US$2.65
48249,16.2%,24.5%,US$2.79
48251,12.8%,19.7%,US$2.81
48253,16.9%,24.8%,US$2.90
48255,14.3%,21.9%,US$2.85
48257,13.8%,20.5%,US$2.87
48259,11.2%,16%,US$3.15
48261,14.3%,17.8%,US$2.50
48263,17.4%,27.1%,US$2.90
48265,15.1%,23.4%,US$2.69
48267,18%,28.3%,US$2.59
48269,14.7%,21%,US$2.83
48271,16.9%,26.2%,US$2.33
48273,17.1%,24.6%,US$2.86
48275,15.3%,24.6%,US$2.81
48277,18.1%,27.3%,US$2.63
48279,16.9%,25.6%,US$3.04
48281,14.8%,22.1%,US$2.62
48283,12%,17.3%,US$2.49
48285,14.5%,21.8%,US$2.62
48287,14.1%,20.9%,US$3.17
48289,17.1%,27.8%,US$2.75
48291,16.7%,25.9%,US$2.81
48293,17.7%,28.9%,US$2.83
48295,13.1%,19.1%,US$3.15
48297,15.2%,22.7%,US$2.78
48299,16.6%,25.7%,US$2.14
48301,18.8%,27.6%,US$3.16
48303,15.3%,20.8%,US$3.08
48305,16.4%,25%,US$3.06
48307,16.1%,22.9%,US$2.77
48309,16.1%,23.6%,US$2.56
48311,13.3%,19%,US$2.73
48313,15.6%,23.1%,US$2.74
48315,19.5%,31.4%,US$2.93
48317,10.3%,16.5%,US$2.91
48319,15.2%,23.6%,US$2.54
48321,18%,27.6%,US$2.82
48323,18.1%,27.1%,US$2.60
48325,12.2%,18.2%,US$2.87
48327,15.7%,20%,US$2.78
48329,10.5%,14.6%,US$3.00
48331,16.9%,25.9%,US$3.03
48333,17.4%,26.5%,US$2.71
48335,13.2%,18.2%,US$2.96
48337,16.4%,24.4%,US$2.89
48339,12.5%,18.5%,US$3.05
48341,12.6%,18.7%,US$2.81
48343,18.7%,29.2%,US$2.86
48345,15.1%,20.9%,US$2.86
48347,19%,26.6%,US$3.03
48349,16.7%,24.9%,US$2.56
48351,20%,32.1%,US$2.87
48353,15.7%,21.6%,US$2.92
48355,14.6%,21.1%,US$2.78
48357,11.6%,16.2%,US$2.91
48359,13.5%,19.4%,US$3.03
48361,16.8%,26.3%,US$2.85
48363,16.8%,25.6%,US$2.84
48365,16.8%,26.6%,US$2.82
48367,12.4%,18.9%,US$3.09
48369,12.5%,19.6%,US$3.03
48371,11.8%,16.7%,US$2.93
48373,18.2%,30%,US$2.77
48375,15.9%,21.8%,US$2.89
48377,21.8%,32.3%,US$3.16
48379,15.2%,21.1%,US$2.95
48381,11.9%,17.2%,US$3.33
48383,11%,16%,US$2.90
48385,19.9%,32.3%,US$2.58
48387,18.8%,27.9%,US$2.80
48389,10.1%,14.3%,US$2.91
48391,17.5%,27.6%,US$2.72
48393,14.1%,21.6%,US$3.18
48395,14.7%,20.9%,US$2.67
48397,10.3%,15.7%,US$3.10
48399,14.2%,20.4%,US$2.85
48401,15.3%,23.4%,US$2.82
48403,21.4%,38.8%,US$2.96
48405,22.2%,35.8%,US$2.90
48407,17.5%,27.3%,US$3.30
48409,15.5%,24.3%,US$2.79
48411,15.3%,24.7%,US$2.64
48413,11.8%,16.3%,US$2.76
48415,13.4%,19.7%,US$2.95
48417,15.1%,22.9%,US$2.91
48419,19.1%,30.1%,US$2.95
48421,13.9%,21.1%,US$2.93
48423,15.7%,23%,US$2.92
48425,17.7%,26.5%,US$2.85
48427,21.5%,33.2%,US$2.56
48429,17.7%,28.6%,US$2.97
48431,10%,15.9%,US$2.91
48433,15.7%,23.4%,US$2.86
48435,10.7%,15.5%,US$2.53
48437,17%,26.8%,US$3.02
48439,13.9%,19.8%,US$2.91
48441,15.8%,22.2%,US$2.91
48443,13%,19.2%,US$2.59
48445,15%,22.9%,US$3.06
48447,16.5%,23.3%,US$2.97
48449,16.5%,24.5%,US$2.86
48451,14%,20.1%,US$2.75
48453,12.9%,17.2%,US$3.31
48455,19.3%,31.2%,US$2.78
48457,19%,30.4%,US$2.80
48459,15.9%,24.3%,US$2.92
48461,13.3%,21.1%,US$2.92
48463,13.7%,20.8%,US$2.29
48465,14.8%,21.3%,US$2.33
48467,16%,24.2%,US$2.99
48469,14.5%,20.9%,US$2.49
48471,16.1%,23%,US$2.74
48473,14.9%,21.4%,US$3.23
48475,11.9%,16.9%,US$2.87
48477,15.4%,23%,US$2.75
48479,16.1%,23.3%,US$2.62
48481,15.2%,23.4%,US$2.53
48483,16.3%,24.5%,US$3.07
48485,17.2%,24.8%,US$2.85
48487,18.5%,27.1%,US$2.88
48489,21%,33.9%,US$2.17
48491,11.2%,16%,US$3.23
48493,11.4%,17.4%,US$2.67
48495,12%,17.7%,US$2.95
48497,14.6%,23.2%,US$3.01
48499,16.8%,27.3%,US$3.07
48501,9.3%,13.3%,US$3.08
48503,14%,21.9%,US$2.88
48505,20.8%,31.5%,US$2.42
48507,22.5%,39.7%,US$2.43
49001,11.4%,15%,US$3.12
49003,11.6%,14.6%,US$3.08
49005,11.9%,13.6%,US$2.90
49007,14.8%,18%,US$2.95
49009,9.3%,17.4%,US$3.47
49011,9.5%,11.3%,US$3.10
49013,13.6%,17.2%,US$3.43
49015,14.1%,19.7%,US$3.10
49017,17%,26.6%,US$3.13
49019,13.1%,14.5%,US$3.33
49021,14.6%,18%,US$2.97
49023,11.8%,15.6%,US$3.06
49025,13.3%,15%,US$3.36
49027,11.9%,15.5%,US$3.07
49029,7.8%,9.1%,US$3.08
49031,17.7%,25.4%,US$2.90
49033,13.5%,19%,US$3.07
49035,10.9%,12.2%,US$3.08
49037,19.2%,25.6%,US$3.31
49039,13.4%,16.9%,US$2.84
49041,13.3%,17.6%,US$2.86
49043,8.6%,8.4%,US$4.52
49045,10.3%,12.6%,US$3.06
49047,12.8%,16.2%,US$3.06
49049,10.6%,11.7%,US$3.03
49051,10%,11.6%,US$3.42
49053,12.9%,16.3%,US$3.20
49055,13.4%,16.6%,US$3.09
49057,11.8%,14.4%,US$2.95
50001,9.5%,13.1%,US$4.26
50003,11.6%,16.8%,US$3.29
50005,12.1%,17.7%,US$3.85
50007,9.7%,12.3%,US$3.81
50009,13%,19.6%,US$3.80
50011,9.1%,11.8%,US$3.77
50013,8.4%,12.6%,US$3.60
50015,11.1%,17.5%,US$4.09
50017,10.6%,16.1%,US$4.09
50019,12.8%,17.8%,US$3.53
50021,11%,15.6%,US$3.45
50023,10.5%,15.5%,US$4.08
50025,12.2%,17.2%,US$3.27
50027,10.4%,15%,US$4.29
51001,12.7%,19%,US$2.96
51003,8.4%,9.6%,US$3.41
51005,13.7%,21.3%,US$3.09
51007,10.1%,15.5%,US$3.20
51009,10.8%,16.3%,US$2.95
51011,11.3%,16.9%,US$3.02
51013,6.7%,4.1%,US$4.38
51015,8.5%,12.2%,US$3.27
51017,10.2%,11.8%,US$3.05
51019,8.8%,12.8%,US$3.23
51021,9.7%,13.3%,US$2.90
51023,8%,12%,US$3.37
51025,15.9%,25.4%,US$2.93
51027,18.4%,29.3%,US$2.97
51029,13.3%,18.5%,US$3.30
51031,10.5%,14.6%,US$2.96
51033,8.4%,11.9%,US$3.31
51035,11.8%,16.6%,US$3.24
51036,11.3%,17.1%,US$3.22
51037,16.2%,24.5%,US$2.96
51041,7.3%,9.5%,US$3.23
51043,8.3%,12.6%,US$3.46
51045,10.2%,12.7%,US$3.10
51047,7.8%,9.5%,US$3.06
51049,13.5%,21.5%,US$3.17
51051,17.2%,26.3%,US$2.99
51053,11%,15.3%,US$3.09
51057,11.6%,15.4%,US$3.23
51059,5.4%,5.6%,US$3.88
51061,6.2%,8.1%,US$3.73
51063,9.2%,11.8%,US$3.06
51065,6.6%,9%,US$3.60
51067,11.3%,18.1%,US$3.02
51069,7%,9.1%,US$3.20
51071,10.5%,15.4%,US$3.09
51073,9.1%,13.1%,US$2.88
51075,6.9%,9.5%,US$3.52
51077,13.5%,23.3%,US$2.96
51079,7.4%,9.8%,US$3.43
51081,13.3%,18.9%,US$2.92
51083,12.9%,17.6%,US$2.84
51085,6.2%,8.8%,US$3.24
51087,9.3%,12.3%,US$3.27
51089,14.4%,22.1%,US$2.81
51091,10.5%,16.1%,US$3.04
51093,9.4%,13.4%,US$3.36
51095,7.9%,11.2%,US$3.96
51097,11.1%,20.2%,US$3.24
51099,6.8%,10.1%,US$3.38
51101,8.1%,15.1%,US$3.24
51103,10.8%,15.1%,US$3.35
51105,17.1%,23.8%,US$2.98
51107,3.8%,3.9%,US$3.72
51109,10.2%,14.2%,US$3.23
51111,13.7%,20.3%,US$2.93
51113,8.6%,10.8%,US$3.14
51115,9.3%,14.6%,US$3.19
51117,14.7%,21.3%,US$2.96
51119,9%,12%,US$3.28
51121,10.5%,12%,US$3.26
51125,10%,14.6%,US$3.24
51127,5.9%,9.2%,US$2.83
51131,13.8%,21.4%,US$3.16
51133,11%,19.3%,US$3.33
51135,14.8%,17%,US$2.96
51137,9.1%,14.5%,US$3.33
51139,13.9%,21.2%,US$3.09
51141,13.3%,22.9%,US$2.95
51143,12.3%,18.9%,US$3.15
51145,6.2%,9.2%,US$3.21
51147,12.4%,16.6%,US$2.91
51149,9.8%,14%,US$3.24
51153,5.6%,6.9%,US$3.36
51155,11.7%,17.8%,US$2.95
51157,9.2%,11.8%,US$3.26
51159,10.4%,15.5%,US$3.19
51161,7.9%,10.8%,US$3.27
51163,10.2%,15.4%,US$3.07
51165,8.4%,11.3%,US$2.99
51167,15.2%,21.5%,US$3.03
51169,14.3%,19.7%,US$2.84
51171,9.7%,13%,US$3.21
51173,15.1%,21.8%,US$3.01
51175,10%,14.5%,US$3.02
51177,7.5%,10.5%,US$3.15
51179,5.6%,7.2%,US$3.29
51181,11.4%,16.9%,US$3.06
51183,14.5%,21.1%,US$3.10
51185,13.6%,21.1%,US$2.78
51187,9.1%,13.6%,US$3.07
51191,12.5%,18.8%,US$3.26
51193,10.5%,13%,US$3.33
51195,17.3%,25%,US$3.01
51197,12.3%,19%,US$3.01
51199,7%,9.2%,US$3.32
51510,8.4%,9.1%,US$3.78
51520,16.6%,25.6%,US$3.01
51530,13%,16.5%,US$3.09
51540,11.8%,13.1%,US$4.47
51550,8.5%,12.2%,US$3.04
51570,11.5%,16.2%,US$3.15
51580,12.7%,19.7%,US$2.82
51590,16.8%,23.1%,US$2.68
51595,19%,25.6%,US$2.87
51600,5.4%,4.8%,US$3.23
51610,4.5%,2.4%,US$3.92
51620,14.6%,17.6%,US$3.09
51630,12.1%,12.9%,US$3.87
51640,16.5%,22.9%,US$2.96
51650,13%,17.9%,US$3.00
51660,11.6%,11.1%,US$3.14
51670,16.2%,22.4%,US$3.37
51678,13%,15.2%,US$3.13
51680,13.8%,18.3%,US$3.01
51683,6%,6.8%,US$3.19
51685,6.8%,8.4%,US$3.33
51690,17.3%,24.4%,US$2.85
51700,13.2%,16.8%,US$3.01
51710,13.9%,18.3%,US$3.28
51720,19%,27%,US$2.99
51730,20%,26.5%,US$2.88
51735,6.2%,8.9%,US$3.07
51740,13.7%,19.3%,US$2.93
51750,13.5%,15.2%,US$3.15
51760,15.8%,21.9%,US$3.23
51770,14.1%,19.3%,US$2.86
51775,9.2%,12%,US$3.16
51790,11.9%,15.7%,US$2.94
51800,9.8%,13.4%,US$3.05
51810,8.2%,10.7%,US$3.27
51820,12.8%,17.9%,US$2.88
51830,11.9%,12.8%,US$3.31
51840,11.7%,14.9%,US$3.41
53001,13.1%,18.7%,US$3.13
53003,13.2%,20.6%,US$3.04
53005,11.4%,17.6%,US$3.10
53007,10.7%,15%,US$3.58
53009,14.7%,25.2%,US$3.31
53011,10.4%,15.4%,US$3.31
53013,14.2%,20.2%,US$3.12
53015,14.9%,22.4%,US$3.09
53017,12.1%,18.7%,US$3.19
53019,19.5%,31%,US$3.16
53021,10.5%,16.4%,US$3.02
53023,13.3%,21.1%,US$3.13
53025,11.6%,16.5%,US$3.00
53027,15.1%,23.6%,US$3.45
53029,11.2%,17.6%,US$3.83
53031,13.3%,23.4%,US$4.46
53033,9.5%,12.1%,US$3.86
53035,11.2%,16.5%,US$3.44
53037,12.5%,16.3%,US$3.99
53039,13.9%,20.3%,US$5.28
53041,14.4%,21.7%,US$3.29
53043,12.8%,22%,US$3.18
53045,14.1%,23.8%,US$3.36
53047,15.5%,23.4%,US$3.03
53049,16.6%,27%,US$4.87
53051,14.7%,23.3%,US$3.17
53053,11.8%,17.1%,US$3.39
53055,10.5%,16.2%,US$3.49
53057,11.8%,17.2%,US$3.37
53059,12.4%,20.3%,US$3.34
53061,9.3%,13.2%,US$3.51
53063,13%,19.5%,US$3.17
53065,14.8%,23.7%,US$3.17
53067,11.3%,16.4%,US$3.35
53069,12.6%,20.8%,US$3.23
53071,11.7%,16.5%,US$3.46
53073,11.8%,16.4%,US$3.56
53075,13.4%,16.6%,US$3.62
53077,12.5%,18.6%,US$3.00
54001,15%,23.5%,US$2.85
54003,10.2%,15.1%,US$2.98
54005,17.7%,27.4%,US$2.75
54007,15.3%,25.2%,US$2.83
54009,11.8%,18.9%,US$2.99
54011,14.8%,19.7%,US$2.89
54013,17.4%,26.6%,US$2.71
54015,19.6%,28%,US$2.82
54017,11.6%,15.7%,US$2.82
54019,15.8%,25%,US$2.78
54021,13.4%,18.4%,US$2.80
54023,11.7%,16.9%,US$2.98
54025,14%,20.3%,US$2.90
54027,15%,23.6%,US$2.94
54029,12%,18.9%,US$2.86
54031,10.9%,18.1%,US$3.03
54033,12.4%,17.2%,US$2.78
54035,11.6%,16.5%,US$2.81
54037,8.2%,10.7%,US$3.08
54039,13.2%,19.9%,US$2.84
54041,14.8%,23.3%,US$2.84
54043,17.9%,27.9%,US$3.08
54045,18%,26.3%,US$2.71
54047,22.5%,34.6%,US$2.78
54049,12.5%,19.3%,US$2.97
54051,12.4%,18.9%,US$2.91
54053,14.1%,22.7%,US$2.78
54055,16.3%,24.5%,US$2.83
54057,13%,18.9%,US$3.00
54059,20.2%,30.9%,US$3.13
54061,11.2%,13.4%,US$2.94
54063,13.9%,22.1%,US$2.97
54065,9%,12.1%,US$3.06
54067,13.9%,22.7%,US$2.84
54069,11.3%,15.7%,US$3.15
54071,12%,18.4%,US$2.97
54073,12.8%,20.7%,US$2.77
54075,14.3%,24.2%,US$2.84
54077,11.8%,18.9%,US$2.92
54079,8.6%,12.2%,US$2.84
54081,14.1%,21.2%,US$2.75
54083,13.6%,19.9%,US$2.92
54085,12.9%,20.8%,US$2.74
54087,17.1%,25%,US$2.83
54089,17.2%,27.2%,US$2.80
54091,12.7%,19.8%,US$2.89
54093,12.5%,20.3%,US$2.92
54095,13.3%,20.7%,US$2.86
54097,13.2%,21.3%,US$2.89
54099,16.6%,24.4%,US$2.71
54101,17.2%,26.9%,US$2.87
54103,15.4%,27.1%,US$2.88
54105,15.4%,26.3%,US$2.74
54107,13.2%,20.3%,US$2.69
54109,18.2%,26.8%,US$3.16
55001,12.2%,23.5%,US$3.01
55003,11.7%,19.5%,US$3.32
55005,9.4%,17.1%,US$2.88
55007,10.2%,20%,US$3.11
55009,8%,13.1%,US$3.08
55011,8%,14.2%,US$3.20
55013,10.7%,20.7%,US$3.07
55015,5.5%,10.8%,US$2.90
55017,8.9%,15.8%,US$2.78
55019,8.5%,15.4%,US$3.12
55021,7.2%,13%,US$2.86
55023,10.2%,18.5%,US$2.85
55025,7.4%,10.7%,US$3.29
55027,7.7%,13.2%,US$2.88
55029,8.2%,14.4%,US$3.56
55031,10.4%,17.1%,US$2.88
55033,8.7%,14.3%,US$2.81
55035,8.9%,13.9%,US$3.12
55037,10.1%,17.4%,US$2.93
55039,7.6%,13.2%,US$3.05
55041,12%,21.3%,US$2.91
55043,8.6%,14.7%,US$2.77
55045,7.2%,12.7%,US$2.76
55047,8.7%,15.9%,US$3.01
55049,7.4%,12.1%,US$3.19
55051,12.4%,21.4%,US$3.26
55053,9.2%,16.5%,US$3.08
55055,7.6%,12.9%,US$2.97
55057,10.5%,19%,US$3.00
55059,9.5%,16.1%,US$2.95
55061,7.4%,12.7%,US$3.25
55063,8.4%,12.4%,US$3.20
55065,7.8%,14.3%,US$2.90
55067,11.2%,20%,US$2.89
55069,8.3%,14.2%,US$3.03
55071,8.4%,15.1%,US$2.96
55073,7.8%,13.7%,US$2.89
55075,10.9%,19.3%,US$2.73
55077,9.5%,17.1%,US$2.91
55078,17.5%,29.1%,US$2.80
55079,12.6%,19%,US$2.91
55081,9.4%,16.9%,US$2.82
55083,8.1%,15.4%,US$3.06
55085,8.1%,15.4%,US$2.86
55087,7.4%,12.9%,US$3.10
55089,5.3%,9.4%,US$3.15
55091,8.8%,16.8%,US$3.07
55093,7.1%,12.3%,US$4.03
55095,8.7%,16.1%,US$3.35
55097,8.1%,13.2%,US$3.09
55099,9.8%,16.8%,US$2.95
55101,9.2%,15.5%,US$2.90
55103,9.3%,16.8%,US$3.13
55105,9.9%,17.2%,US$2.86
55107,11.1%,20.4%,US$2.99
55109,5.5%,10.3%,US$2.85
55111,8.4%,14.6%,US$2.94
55113,11.6%,22.4%,US$3.00
55115,8.2%,15.3%,US$2.66
55117,7%,11.8%,US$3.12
55119,8.2%,15%,US$3.17
55121,7.3%,12%,US$3.10
55123,9.9%,17.9%,US$3.13
55125,10.7%,18.6%,US$3.53
55127,7.9%,12.9%,US$2.96
55129,10.4%,19.6%,US$3.06
55131,5.7%,10.2%,US$2.91
55133,5.5%,9.7%,US$3.11
55135,8.8%,16.1%,US$2.69
55137,9%,16.6%,US$3.06
55139,8.5%,14.3%,US$3.07
55141,9.1%,16%,US$2.97
56001,12.9%,14%,US$3.52
56003,13.4%,17.7%,US$3.20
56005,11.3%,15.9%,US$3.28
56007,12.2%,14.9%,US$3.53
56009,12%,15.3%,US$3.20
56011,9.5%,11.1%,US$3.27
56013,14.2%,19.9%,US$3.37
56015,12.1%,16.2%,US$3.14
56017,13.5%,19.8%,US$3.39
56019,13.1%,17.2%,US$3.27
56021,11.7%,15.1%,US$3.15
56023,11.1%,15.1%,US$2.97
56025,12.7%,16.7%,US$3.13
56027,14.3%,17.1%,US$3.14
56029,11.5%,15.1%,US$3.42
56031,13%,18.9%,US$3.21
56033,11.3%,14.4%,US$3.41
56035,10.8%,14.8%,US$3.57
56037,11.7%,15.4%,US$3.29
56039,9.5%,8.4%,US$4.52
56041,13.5%,18.7%,US$3.07
56043,12.6%,18.4%,US$3.26
56045,14%,22.3%,US$3.16