fips,unemployment_rate_2019,med_household_inc_19,med_hh_income_percent_of_state_total_2019
1000,3,"51,771",100
1001,2.7,"58,233",112.5
1003,2.7,"59,871",115.6
1005,3.8,"35,972",69.5
1007,3.1,"47,918",92.6
1009,2.7,"52,902",102.2
1011,3.6,"31,906",61.6
1013,3.6,"39,944",77.2
1015,3.5,"47,747",92.2
1017,2.9,"42,015",81.2
1019,2.9,"45,982",88.8
1021,2.7,"49,692",96
1023,4.7,"39,808",76.9
1025,5.8,"43,822",84.6
1027,3,"40,562",78.3
1029,3.2,"51,276",99
1031,2.9,"57,299",110.7
1033,3.7,"46,683",90.2
1035,4,"41,539",80.2
1037,3,"42,024",81.2
1039,3.4,"44,836",86.6
1041,2.8,"43,309",83.7
1043,2.6,"50,897",98.3
1045,3.1,"45,120",87.2
1047,5.5,"34,034",65.7
1049,2.8,"44,277",85.5
1051,2.6,"62,310",120.4
1053,3.5,"42,712",82.5
1055,3.3,"43,047",83.1
1057,3.1,"44,212",85.4
1059,2.8,"44,874",86.7
1061,2.9,"43,089",83.2
1063,5.6,"28,699",55.4
1065,3.9,"40,745",78.7
1067,3.6,"48,597",93.9
1069,3,"50,138",96.8
1071,3.3,"44,322",85.6
1073,2.9,"54,127",104.6
1075,3.1,"42,686",82.5
1077,3.3,"48,188",93.1
1079,3.1,"47,797",92.3
1081,2.7,"54,160",104.6
1083,2.6,"64,729",125
1085,5.7,"33,930",65.5
1087,4.3,"34,281",66.2
1089,2.5,"68,609",132.5
1091,3.5,"38,838",75
1093,3.4,"44,675",86.3
1095,2.5,"48,913",94.5
1097,3.7,"49,492",95.6
1099,4.9,"40,005",77.3
1101,3.1,"52,711",101.8
1103,2.6,"54,355",105
1105,5.2,"29,572",57.1
1107,3.5,"40,249",77.7
1109,3.3,"41,271",79.7
1111,3,"42,922",82.9
1113,2.9,"43,670",84.4
1115,2.7,"65,403",126.3
1117,2.2,"77,801",150.3
1119,4.5,"29,209",56.4
1121,3.4,"47,719",92.2
1123,3,"47,100",91
1125,2.7,"52,307",101
1127,3.3,"45,991",88.8
1129,4.6,"48,864",94.4
1131,7.1,"30,998",59.9
1133,3.3,"40,827",78.9
2000,6.1,"77,203",100
2013,2.8,"66,923",86.7
2016,3.6,"84,726",109.7
2020,5.1,"82,512",106.9
2050,12.9,"48,262",62.5
2060,6.1,"87,950",113.9
2068,8.5,"78,434",101.6
2070,8.1,"57,436",74.4
2090,5.4,"74,076",95.9
2100,8.9,"62,548",81
2105,11.4,"53,141",68.8
2110,4.4,"85,419",110.6
2122,6.8,"68,625",88.9
2130,6.2,"75,706",98.1
2150,5.6,"79,669",103.2
2158,19.3,"35,369",45.8
2164,9.9,"51,693",67
2170,6.9,"75,856",98.3
2180,10.9,"58,464",75.7
2185,6.4,"84,784",109.8
2188,14,"61,660",79.9
2195,8.7,"71,296",92.3
2198,10.1,"50,049",64.8
2201,,,
2220,4.2,"80,660",104.5
2230,9.2,"74,898",97
2232,,,
2240,9,"69,646",90.2
2261,7.5,"74,574",96.6
2275,7.7,"62,496",81
2280,,,
2282,7.7,"61,587",79.8
2290,14,"42,063",54.5
4000,4.7,"62,027",100
4001,9.9,"35,386",57
4003,5.7,"48,650",78.4
4005,5.5,"58,301",94
4007,5.5,"45,980",74.1
4009,4.8,"50,685",81.7
4011,3.9,"68,066",109.7
4012,5.8,"39,407",63.5
4013,4,"68,634",110.7
4015,5.7,"49,712",80.1
4017,7.3,"40,676",65.6
4019,4.4,"56,150",90.5
4021,4.9,"62,067",100.1
4023,8.5,"47,779",77
4025,4.4,"54,242",87.4
4027,16.4,"47,024",75.8
5000,3.5,"49,020",100
5001,3,"52,539",107.2
5003,5.4,"47,744",97.4
5005,4,"41,950",85.6
5007,2.6,"70,775",144.4
5009,3.2,"50,083",102.2
5011,4.1,"39,982",81.6
5013,4.4,"48,415",98.8
5015,3.1,"43,841",89.4
5017,6.9,"37,014",75.5
5019,3.8,"44,105",90
5021,4.9,"40,686",83
5023,4.5,"46,214",94.3
5025,3.9,"53,773",109.7
5027,4.5,"42,964",87.6
5029,4.3,"46,924",95.7
5031,2.8,"47,766",97.4
5033,3.3,"44,600",91
5035,4.2,"41,976",85.6
5037,4.2,"45,273",92.4
5039,4.7,"41,314",84.3
5041,4.5,"37,005",75.5
5043,5.2,"44,162",90.1
5045,3,"58,482",119.3
5047,3.4,"45,670",93.2
5049,4,"32,926",67.2
5051,3.7,"45,786",93.4
5053,3.2,"58,566",119.5
5055,3.5,"47,098",96.1
5057,3.8,"40,867",83.4
5059,3.6,"45,860",93.6
5061,3.3,"41,427",84.5
5063,4,"47,903",97.7
5065,5.5,"40,233",82.1
5067,6.5,"38,636",78.8
5069,5.5,"40,555",82.7
5071,4.6,"40,396",82.4
5073,4.7,"37,164",75.8
5075,4.2,"39,604",80.8
5077,4.5,"30,421",62.1
5079,4.4,"44,272",90.3
5081,4.3,"43,257",88.2
5083,4.3,"42,249",86.2
5085,3.2,"62,782",128.1
5087,2.5,"48,016",98
5089,4,"38,760",79.1
5091,4.1,"50,905",103.8
5093,5.1,"39,990",81.6
5095,4.3,"34,289",69.9
5097,4.6,"39,591",80.8
5099,4,"36,528",74.5
5101,3.5,"37,648",76.8
5103,5.2,"46,393",94.6
5105,4.1,"50,560",103.1
5107,6,"31,521",64.3
5109,3.9,"44,426",90.6
5111,3.4,"40,536",82.7
5113,4.2,"39,722",81
5115,4.3,"47,519",96.9
5117,4.4,"46,205",94.3
5119,3.4,"52,684",107.5
5121,3.9,"42,875",87.5
5123,5.2,"34,389",70.2
5125,2.8,"66,944",136.6
5127,3.4,"38,065",77.7
5129,4.6,"34,712",70.8
5131,3.3,"48,945",99.8
5133,4.8,"43,493",88.7
5135,5,"37,591",76.7
5137,4.7,"36,930",75.3
5139,5.2,"46,602",95.1
5141,5,"38,096",77.7
5143,2.4,"52,158",106.4
5145,4.5,"46,388",94.6
5147,5.3,"36,568",74.6
5149,4,"44,469",90.7
6000,4,"80,423",100
6001,2.9,"107,589",133.8
6003,5.1,"58,112",72.3
6005,3.8,"62,640",77.9
6007,5.1,"58,394",72.6
6009,3.8,"68,248",84.9
6011,12.8,"59,048",73.4
6013,3.1,"106,555",132.5
6015,5.7,"48,979",60.9
6017,3.5,"86,202",107.2
6019,7.2,"56,926",70.8
6021,6.1,"55,682",69.2
6023,3.6,"51,134",63.6
6025,18.3,"48,102",59.8
6027,3.5,"59,605",74.1
6029,7.7,"53,245",66.2
6031,7.9,"57,297",71.2
6033,5,"46,897",58.3
6035,4.6,"53,613",66.7
6037,4.4,"72,721",90.4
6039,6.9,"61,105",76
6041,2.3,"112,069",139.3
6043,4.6,"52,760",65.6
6045,4,"52,309",65
6047,8.1,"59,733",74.3
6049,7.1,"45,311",56.3
6051,3.7,"66,226",82.3
6053,6.2,"76,509",95.1
6055,2.8,"90,230",112.2
6057,3.3,"69,550",86.5
6059,2.8,"95,761",119.1
6061,3.1,"97,688",121.5
6063,7.7,"59,376",73.8
6065,4.2,"72,905",90.7
6067,3.7,"71,891",89.4
6069,5,"84,209",104.7
6071,3.8,"67,398",83.8
6073,3.2,"83,576",103.9
6075,2.2,"121,795",151.4
6077,5.9,"68,458",85.1
6079,2.9,"76,599",95.2
6081,2,"135,234",168.2
6083,3.7,"74,530",92.7
6085,2.5,"132,444",164.7
6087,4.7,"85,770",106.6
6089,4.7,"61,464",76.4
6091,5.4,"55,862",69.5
6093,6.5,"45,954",57.1
6095,3.7,"85,704",106.6
6097,2.7,"87,084",108.3
6099,6,"62,761",78
6101,7.3,"60,910",75.7
6103,5.5,"51,672",64.3
6105,5.5,"43,881",54.6
6107,9.6,"56,776",70.6
6109,4.5,"64,729",80.5
6111,3.6,"91,446",113.7
6113,4.1,"70,951",88.2
6115,6.1,"56,607",70.4
8000,2.8,"77,104",100
8001,2.9,"75,341",97.7
8003,3.6,"38,213",49.6
8005,2.7,"82,364",106.8
8007,3.2,"57,604",74.7
8009,1.7,"38,945",50.5
8011,2.9,"35,764",46.4
8013,2.4,"88,341",114.6
8014,2.4,"106,892",138.6
8015,2.4,"60,331",78.2
8017,1.6,"52,337",67.9
8019,2.5,"79,900",103.6
8021,3.6,"40,944",53.1
8023,3.9,"34,731",45
8025,4.3,"38,224",49.6
8027,3,"57,381",74.4
8029,3.3,"51,525",66.8
8031,2.7,"75,456",97.9
8033,3,"50,232",65.1
8035,2.4,"123,697",160.4
8037,2.2,"89,268",115.8
8039,2.2,"101,733",131.9
8041,3.3,"72,675",94.3
8043,4.6,"52,239",67.8
8045,2.7,"73,788",95.7
8047,2.3,"74,806",97
8049,2.1,"71,029",92.1
8051,2.1,"60,408",78.3
8053,3.7,"61,391",79.6
8055,5.7,"39,955",51.8
8057,2.3,"53,577",69.5
8059,2.5,"89,696",116.3
8061,1.6,"46,901",60.8
8063,1.7,"42,951",55.7
8065,2.3,"56,850",73.7
8067,2.5,"77,829",100.9
8069,2.4,"75,332",97.7
8071,3.9,"43,452",56.4
8073,2.3,"43,077",55.9
8075,2.4,"58,429",75.8
8077,3.4,"60,249",78.1
8079,2.3,"63,015",81.7
8081,3.4,"63,232",82
8083,4.2,"52,641",68.3
8085,3.1,"50,707",65.8
8087,2.6,"57,535",74.6
8089,4.1,"43,723",56.7
8091,2.9,"72,836",94.5
8093,2.5,"77,221",100.2
8095,1.6,"53,432",69.3
8097,3.1,"92,820",120.4
8099,2.6,"47,051",61
8101,4.1,"51,075",66.2
8103,3.7,"65,960",85.5
8105,4.1,"48,496",62.9
8107,2.2,"87,691",113.7
8109,4,"37,004",48
8111,3,"50,524",65.5
8113,2.8,"77,209",100.1
8115,2,"42,808",55.5
8117,1.8,"86,570",112.3
8119,3.1,"70,599",91.6
8121,2,"53,263",69.1
8123,2.5,"78,160",101.4
8125,1.6,"52,841",68.5
9000,3.7,"78,920",100
9001,3.6,"96,966",122.9
9003,3.9,"75,336",95.5
9005,3.5,"81,015",102.7
9007,3.2,"81,721",103.5
9009,3.9,"69,687",88.3
9011,3.6,"75,226",95.3
9013,3.3,"90,181",114.3
9015,4,"63,309",80.2
10000,3.8,"70,348",100
10001,4.2,"58,804",83.6
10003,3.7,"76,076",108.1
10005,3.8,"64,839",92.2
11000,5.5,"90,395",100
11001,5.5,"90,395",100
12000,3.1,"59,198",100
12001,2.9,"49,880",84.3
12003,3.1,"60,454",102.1
12005,3.9,"58,376",98.6
12007,3.1,"47,509",80.3
12009,3.2,"57,582",97.3
12011,3,"61,429",103.8
12013,4.1,"41,399",69.9
12015,3.7,"54,756",92.5
12017,4.8,"49,762",84.1
12019,3,"75,776",128
12021,3.1,"76,415",129.1
12023,3.2,"47,087",79.5
12027,3.5,"41,673",70.4
12029,3.8,"39,793",67.2
12031,3.3,"58,339",98.5
12033,3.2,"52,822",89.2
12035,3.8,"62,831",106.1
12037,3.5,"47,504",80.2
12039,4.1,"42,975",72.6
12041,3.4,"46,171",78
12043,3.9,"45,412",76.7
12045,4.8,"53,228",89.9
12047,4.1,"39,241",66.3
12049,5,"41,430",70
12051,5.8,"45,107",76.2
12053,4.2,"50,705",85.7
12055,4.5,"45,723",77.2
12057,3.1,"61,133",103.3
12059,3.5,"38,874",65.7
12061,3.8,"61,173",103.3
12063,3.6,"40,543",68.5
12065,3.3,"47,192",79.7
12067,3,"45,480",76.8
12069,3.2,"57,660",97.4
12071,3.1,"62,364",105.3
12073,3.1,"55,081",93
12075,3.7,"41,405",69.9
12077,3.6,"44,236",74.7
12079,3.8,"37,919",64.1
12081,3.1,"64,151",108.4
12083,3.8,"49,079",82.9
12085,3.1,"70,806",119.6
12086,2.4,"54,991",92.9
12087,2.1,"67,528",114.1
12089,2.9,"72,818",123
12091,2.7,"63,520",107.3
12093,3.5,"45,225",76.4
12095,2.9,"63,133",106.6
12097,3.3,"52,270",88.3
12099,3.3,"66,621",112.5
12101,3.5,"55,745",94.2
12103,3,"56,708",95.8
12105,3.7,"51,817",87.5
12107,4.3,"41,986",70.9
12109,2.6,"90,839",153.4
12111,3.9,"57,292",96.8
12113,3,"66,139",111.7
12115,3.1,"66,258",111.9
12117,2.9,"69,954",118.2
12119,4.6,"63,464",107.2
12121,3.4,"49,453",83.5
12123,3.6,"42,987",72.6
12125,3,"50,893",86
12127,3.4,"53,554",90.5
12129,2.9,"58,640",99.1
12131,2.8,"62,600",105.7
12133,3.4,"42,518",71.8
13000,3.4,"61,950",100
13001,3.9,"43,821",70.7
13003,3,"38,581",62.3
13005,3.5,"41,807",67.5
13007,4.7,"39,515",63.8
13009,4.2,"44,429",71.7
13011,2.7,"53,481",86.3
13013,2.8,"68,924",111.3
13015,3.3,"60,254",97.3
13017,5.5,"35,931",58
13019,4,"42,058",67.9
13021,3.9,"43,066",69.5
13023,5,"48,115",77.7
13025,4.1,"44,680",72.1
13027,3.4,"39,554",63.8
13029,3,"79,296",128
13031,3.7,"48,788",78.8
13033,5.1,"42,632",68.8
13035,3.4,"47,410",76.5
13037,3.6,"34,960",56.4
13039,3.6,"58,552",94.5
13043,3,"41,665",67.3
13045,3.4,"59,193",95.5
13047,3,"60,753",98.1
13049,3.8,"42,891",69.2
13051,3.3,"57,122",92.2
13053,4.6,"46,106",74.4
13055,5,"41,561",67.1
13057,2.7,"88,635",143.1
13059,3.6,"41,036",66.2
13061,6.9,"24,732",39.9
13063,4.2,"50,737",81.9
13065,3.9,"42,928",69.3
13067,3,"79,622",128.5
13069,3.9,"41,675",67.3
13071,3.2,"41,899",67.6
13073,3,"88,285",142.5
13075,3.4,"40,670",65.6
13077,2.9,"79,232",127.9
13079,3.6,"50,411",81.4
13081,3.9,"40,482",65.3
13083,3.3,"45,986",74.2
13085,2.8,"69,155",111.6
13087,3.8,"40,473",65.3
13089,3.4,"63,606",102.7
13091,5.4,"41,118",66.4
13093,3.8,"37,109",59.9
13095,4.7,"36,894",59.6
13097,3.5,"62,915",101.6
13099,3.9,"40,011",64.6
13101,2.8,"40,408",65.2
13103,2.9,"71,628",115.6
13105,4,"40,962",66.1
13107,5.3,"38,529",62.2
13109,3.4,"41,425",66.9
13111,3.3,"47,980",77.4
13113,3,"94,563",152.6
13115,3.8,"50,520",81.5
13117,2.7,"113,332",182.9
13119,3.5,"47,691",77
13121,3.5,"79,235",127.9
13123,3.5,"57,007",92
13125,3.7,"49,350",79.7
13127,3.3,"58,017",93.7
13129,3.4,"53,373",86.2
13131,3.4,"42,603",68.8
13133,3.9,"60,973",98.4
13135,3,"72,225",116.6
13137,3.5,"51,296",82.8
13139,2.8,"66,698",107.7
13141,5.5,"31,715",51.2
13143,3.3,"49,020",79.1
13145,3.1,"74,052",119.5
13147,3.5,"50,647",81.8
13149,3.3,"48,984",79.1
13151,3.5,"72,927",117.7
13153,3.3,"65,641",106
13155,4.7,"42,317",68.3
13157,2.7,"66,645",107.6
13159,3.1,"59,207",95.6
13161,4.6,"40,603",65.5
13163,4.7,"35,379",57.1
13165,5.1,"32,808",53
13167,3.6,"37,771",61
13169,3.2,"56,819",91.7
13171,3.9,"57,402",92.7
13173,3.9,"42,667",68.9
13175,4.6,"42,018",67.8
13177,3.1,"72,425",116.9
13179,3.7,"51,410",83
13181,3.9,"45,299",73.1
13183,3.6,"52,051",84
13185,3.5,"46,450",75
13187,3.1,"57,078",92.1
13189,5.1,"44,473",71.8
13191,3.6,"46,682",75.4
13193,4.6,"34,634",55.9
13195,3,"52,326",84.5
13197,4.2,"41,190",66.5
13199,4.5,"43,571",70.3
13201,3.3,"41,769",67.4
13205,4.6,"37,383",60.3
13207,3.2,"70,488",113.8
13209,5.3,"43,657",70.5
13211,3.1,"67,089",108.3
13213,5,"50,061",80.8
13215,4.5,"47,035",75.9
13217,3.9,"58,222",94
13219,2.5,"100,878",162.8
13221,3.2,"54,346",87.7
13223,2.9,"76,580",123.6
13225,4.1,"49,815",80.4
13227,3,"66,183",106.8
13229,3.4,"46,701",75.4
13231,3,"74,905",120.9
13233,3.6,"47,896",77.3
13235,3.8,"42,274",68.2
13237,4.3,"62,282",100.5
13239,5,"35,522",57.3
13241,3.5,"46,639",75.3
13243,4.8,"33,505",54.1
13245,4.5,"44,810",72.3
13247,3.8,"60,281",97.3
13249,3.9,"51,129",82.5
13251,5.4,"42,331",68.3
13253,4.4,"38,618",62.3
13255,4,"49,237",79.5
13257,3.9,"45,416",73.3
13259,4.2,"34,566",55.8
13261,4.8,"40,250",65
13263,4.5,"41,045",66.3
13265,4.9,"37,046",59.8
13267,3.8,"41,457",66.9
13269,4,"28,234",45.6
13271,9.5,"36,264",58.5
13273,5,"37,122",59.9
13275,4,"47,978",77.4
13277,3.4,"47,764",77.1
13279,4.9,"41,442",66.9
13281,4.8,"49,023",79.1
13283,5.3,"37,478",60.5
13285,3.2,"47,296",76.3
13287,3.8,"35,400",57.1
13289,5.4,"44,079",71.2
13291,3.1,"57,049",92.1
13293,3.6,"40,926",66.1
13295,3.6,"47,548",76.8
13297,3.1,"67,007",108.2
13299,3.7,"37,642",60.8
13301,4.5,"37,313",60.2
13303,4.1,"41,674",67.3
13305,4,"47,382",76.5
13307,5,"41,547",67.1
13309,7.5,"35,927",58
13311,2.6,"54,786",88.4
13313,4.4,"53,115",85.7
13315,4.5,"38,261",61.8
13317,4.5,"39,716",64.1
13319,3.8,"43,902",70.9
13321,3.9,"43,142",69.6
15000,2.7,"83,734",100
15001,3.4,"64,929",77.5
15003,2.6,"86,946",103.8
15007,2.7,"73,029",87.2
15009,2.6,"77,375",92.4
16000,2.9,"60,830",100
16001,2.5,"72,295",118.8
16003,6.8,"50,042",82.3
16005,2.8,"53,306",87.6
16007,2.9,"54,550",89.7
16009,5.2,"49,303",81.1
16011,2.7,"59,959",98.6
16013,2.6,"75,778",124.6
16015,4.3,"64,443",105.9
16017,4.2,"56,729",93.3
16019,2.4,"65,165",107.1
16021,4.4,"50,709",83.4
16023,2.6,"51,742",85.1
16025,2.7,"56,014",92.1
16027,3.2,"58,670",96.4
16029,2.7,"61,518",101.1
16031,2.4,"53,284",87.6
16033,3.7,"48,726",80.1
16035,6.8,"49,816",81.9
16037,4.2,"49,055",80.6
16039,3.3,"47,796",78.6
16041,2.3,"55,421",91.1
16043,2.3,"56,162",92.3
16045,3.3,"53,733",88.3
16047,2.6,"50,205",82.5
16049,4.5,"48,866",80.3
16051,2.3,"63,078",103.7
16053,2.6,"56,320",92.6
16055,3.6,"62,764",103.2
16057,2.7,"54,999",90.4
16059,4.8,"46,062",75.7
16061,5.5,"45,342",74.5
16063,3.6,"50,608",83.2
16065,1.8,"46,177",75.9
16067,2.5,"56,173",92.3
16069,2.8,"67,645",111.2
16071,2.3,"55,833",91.8
16073,3.4,"48,395",79.6
16075,3.6,"53,643",88.2
16077,3.1,"50,981",83.8
16079,5.9,"39,239",64.5
16081,2.2,"73,637",121.1
16083,2.8,"56,141",92.3
16085,3.9,"64,041",105.3
16087,4.2,"45,813",75.3
17000,4,"69,212",100
17001,3.4,"55,942",80.8
17003,6.2,"37,408",54
17005,3.8,"53,447",77.2
17007,5.6,"72,426",104.6
17009,2.4,"60,254",87.1
17011,4.6,"57,935",83.7
17013,4.8,"63,373",91.6
17015,4.1,"56,468",81.6
17017,4.1,"51,011",73.7
17019,3.8,"53,485",77.3
17021,4.8,"51,573",74.5
17023,4.5,"58,323",84.3
17025,4.5,"49,377",71.3
17027,3.1,"67,201",97.1
17029,4,"50,467",72.9
17031,3.8,"69,375",100.2
17033,4.3,"50,352",72.8
17035,3.4,"53,991",78
17037,4.1,"64,676",93.4
17039,4.3,"59,521",86
17041,3.6,"64,283",92.9
17043,2.9,"96,354",139.2
17045,4.2,"51,333",74.2
17047,4.1,"54,930",79.4
17049,3.3,"58,943",85.2
17051,4.4,"48,913",70.7
17053,4.3,"55,369",80
17055,5.4,"43,695",63.1
17057,5.6,"50,461",72.9
17059,4.9,"46,515",67.2
17061,4.3,"52,116",75.3
17063,4.5,"83,135",120.1
17065,3.9,"51,031",73.7
17067,4.7,"53,724",77.6
17069,6.6,"44,573",64.4
17071,4.8,"55,535",80.2
17073,4.8,"61,680",89.1
17075,4.2,"51,542",74.5
17077,3.8,"37,308",53.9
17079,4.2,"59,980",86.7
17081,4.6,"50,531",73
17083,4.4,"63,351",91.5
17085,4.1,"62,522",90.3
17087,6,"55,022",79.5
17089,4.4,"84,311",121.8
17091,5,"60,763",87.8
17093,3.3,"105,586",152.6
17095,5,"43,404",62.7
17097,4.1,"92,638",133.8
17099,5.3,"59,528",86
17101,5.2,"47,114",68.1
17103,4,"57,619",83.3
17105,4.1,"54,422",78.6
17107,4.3,"53,806",77.7
17109,4.7,"49,048",70.9
17111,3.3,"89,379",129.1
17113,3.8,"69,230",100
17115,5.3,"52,259",75.5
17117,4.3,"54,174",78.3
17119,3.9,"66,591",96.2
17121,4.5,"52,291",75.6
17123,4.8,"63,628",91.9
17125,5.3,"51,967",75.1
17127,5.6,"54,159",78.3
17129,3.8,"77,306",111.7
17131,5,"62,241",89.9
17133,3.1,"90,904",131.3
17135,5.2,"51,665",74.6
17137,4,"55,937",80.8
17139,3.3,"65,472",94.6
17141,4.8,"63,565",91.8
17143,5.1,"57,717",83.4
17145,5.1,"56,880",82.2
17147,3.6,"72,265",104.4
17149,4.3,"54,309",78.5
17151,5.6,"46,478",67.2
17153,6.6,"38,506",55.6
17155,5,"74,367",107.4
17157,3.7,"58,444",84.4
17159,4.1,"49,775",71.9
17161,4.9,"57,772",83.5
17163,4.5,"57,726",83.4
17165,5.3,"48,547",70.1
17167,4,"61,768",89.2
17169,4.2,"56,015",80.9
17171,4.7,"61,231",88.5
17173,3.9,"61,376",88.7
17175,5.7,"54,804",79.2
17177,4.4,"51,786",74.8
17179,4.4,"66,206",95.7
17181,5.7,"51,575",74.5
17183,5.1,"46,295",66.9
17185,3.8,"54,249",78.4
17187,4.1,"53,621",77.5
17189,2.5,"64,297",92.9
17191,4.8,"51,829",74.9
17193,3.8,"51,388",74.2
17195,4.3,"50,880",73.5
17197,3.8,"90,249",130.4
17199,4.3,"56,958",82.3
17201,5.7,"59,510",86
17203,3.7,"77,117",111.4
18000,3.3,"57,617",100
18001,2.7,"53,532",92.9
18003,3.1,"56,838",98.6
18005,2.5,"71,181",123.5
18007,3.2,"55,016",95.5
18009,4,"46,811",81.2
18011,2.5,"84,137",146
18013,3,"59,617",103.5
18015,3,"58,965",102.3
18017,3.5,"51,777",89.9
18019,3.3,"59,441",103.2
18021,3.5,"54,349",94.3
18023,2.7,"55,336",96
18025,4.1,"44,332",76.9
18027,2.6,"56,611",98.3
18029,3.6,"71,351",123.8
18031,2.9,"60,891",105.7
18033,2.8,"59,714",103.6
18035,3.9,"45,912",79.7
18037,2.4,"63,869",110.9
18039,3.1,"55,782",96.8
18041,4.7,"48,499",84.2
18043,3.2,"64,614",112.1
18045,3.5,"55,337",96
18047,3.4,"67,315",116.8
18049,3.2,"55,011",95.5
18051,2.5,"61,872",107.4
18053,3.7,"47,509",82.5
18055,4.1,"51,918",90.1
18057,2.5,"107,710",186.9
18059,2.8,"77,905",135.2
18061,3.2,"64,270",111.5
18063,2.7,"85,827",149
18065,3.3,"49,293",85.6
18067,4,"54,048",93.8
18069,3.3,"54,565",94.7
18071,2.6,"59,472",103.2
18073,3.7,"65,352",113.4
18075,3,"49,447",85.8
18077,3.4,"53,378",92.6
18079,3.3,"55,022",95.5
18081,2.7,"74,427",129.2
18083,3.1,"48,760",84.6
18085,2.8,"64,677",112.3
18087,2.8,"70,746",122.8
18089,4.9,"57,280",99.4
18091,4.3,"56,427",97.9
18093,3.6,"56,261",97.6
18095,3.7,"54,145",94
18097,3.3,"50,707",88
18099,3.1,"53,695",93.2
18101,2.6,"56,735",98.5
18103,3.9,"53,658",93.1
18105,3.3,"53,113",92.2
18107,3.1,"54,366",94.4
18109,3.1,"63,414",110.1
18111,4.1,"61,457",106.7
18113,3.1,"60,980",105.8
18115,3.5,"58,294",101.2
18117,3.5,"47,931",83.2
18119,4,"53,387",92.7
18121,3.8,"51,554",89.5
18123,3.3,"53,908",93.6
18125,3.3,"52,378",90.9
18127,3.7,"74,064",128.5
18129,2.7,"68,435",118.8
18131,3.1,"52,432",91
18133,3.5,"64,098",111.2
18135,3.7,"50,496",87.6
18137,3.3,"61,219",106.3
18139,2.7,"54,371",94.4
18141,3.6,"53,881",93.5
18143,3.6,"50,571",87.8
18145,2.9,"59,798",103.8
18147,3.1,"59,183",102.7
18149,4.3,"54,001",93.7
18151,2.7,"59,444",103.2
18153,4.3,"53,375",92.6
18155,3.3,"52,482",91.1
18157,2.9,"51,228",88.9
18159,2.7,"69,960",121.4
18161,3.3,"53,866",93.5
18163,3.1,"51,603",89.6
18165,5.2,"50,723",88
18167,4.3,"48,082",83.5
18169,3.1,"59,874",103.9
18171,3,"64,109",111.3
18173,2.9,"79,644",138.2
18175,3.3,"51,948",90.2
18177,3.6,"47,885",83.1
18179,2.7,"61,636",107
18181,2.7,"58,295",101.2
18183,2.9,"67,347",116.9
19000,2.7,"61,807",100
19001,2.4,"57,977",93.8
19003,1.7,"53,385",86.4
19005,3.5,"56,240",91
19007,3.6,"41,672",67.4
19009,2.5,"53,197",86.1
19011,3,"70,023",113.3
19013,3.2,"60,010",97.1
19015,2.4,"63,975",103.5
19017,2.3,"67,229",108.8
19019,2.8,"67,906",109.9
19021,2.1,"57,048",92.3
19023,3.2,"57,080",92.4
19025,2.6,"57,007",92.2
19027,1.9,"61,379",99.3
19029,2.8,"53,692",86.9
19031,2.5,"71,029",114.9
19033,2.7,"54,589",88.3
19035,2.5,"59,901",96.9
19037,2.9,"60,111",97.3
19039,2.9,"57,708",93.4
19041,2.8,"57,174",92.5
19043,3.7,"53,223",86.1
19045,3.7,"56,865",92
19047,3.6,"58,077",94
19049,2,"97,535",157.8
19051,2.9,"57,150",92.5
19053,2.2,"44,873",72.6
19055,2.4,"70,091",113.4
19057,4,"53,547",86.6
19059,2.9,"66,211",107.1
19061,2.6,"62,481",101.1
19063,2.6,"55,635",90
19065,3.6,"53,142",86
19067,3.6,"55,369",89.6
19069,2.3,"55,847",90.4
19071,2.8,"60,498",97.9
19073,2.4,"55,562",89.9
19075,2.8,"73,683",119.2
19077,3,"64,965",105.1
19079,2.9,"63,234",102.3
19081,2.4,"62,030",100.4
19083,3.2,"57,103",92.4
19085,2.4,"63,901",103.4
19087,2.7,"57,747",93.4
19089,2.8,"58,028",93.9
19091,2.7,"56,695",91.7
19093,2,"58,249",94.2
19095,2.2,"66,861",108.2
19097,3.2,"57,687",93.3
19099,2.9,"67,317",108.9
19101,2.4,"51,741",83.7
19103,2,"67,295",108.9
19105,3.2,"63,399",102.6
19107,3.3,"54,937",88.9
19109,2.2,"59,568",96.4
19111,3.9,"51,089",82.7
19113,2.9,"64,783",104.8
19115,3.1,"60,544",98
19117,2.1,"53,085",85.9
19119,1.6,"66,139",107
19121,3.6,"72,578",117.4
19123,2.5,"59,242",95.8
19125,2.1,"66,381",107.4
19127,4.5,"55,631",90
19129,2.3,"72,679",117.6
19131,1.7,"61,247",99.1
19133,3,"53,104",85.9
19135,3.1,"56,397",91.2
19137,2.7,"52,715",85.3
19139,2.9,"61,767",99.9
19141,2.2,"60,298",97.6
19143,1.9,"60,702",98.2
19145,2.6,"52,179",84.4
19147,2.2,"55,074",89.1
19149,2.2,"69,165",111.9
19151,1.9,"56,146",90.8
19153,2.8,"67,331",108.9
19155,2.4,"60,322",97.6
19157,2.7,"57,741",93.4
19159,2.9,"50,890",82.3
19161,2.4,"59,392",96.1
19163,3.3,"65,724",106.3
19165,2.1,"60,498",97.9
19167,1.9,"71,566",115.8
19169,1.9,"64,151",103.8
19171,3.1,"56,281",91.1
19173,1.9,"51,510",83.3
19175,3.2,"52,914",85.6
19177,2.7,"50,425",81.6
19179,3.7,"50,533",81.8
19181,2.5,"79,557",128.7
19183,2.5,"63,230",102.3
19185,2.6,"49,962",80.8
19187,3.1,"53,344",86.3
19189,2.8,"50,258",81.3
19191,2.9,"65,482",105.9
19193,2.7,"58,419",94.5
19195,2.8,"60,139",97.3
19197,2.6,"54,251",87.8
20000,3.2,"62,028",100
20001,3.5,"46,690",75.3
20003,3.3,"51,352",82.8
20005,5.2,"51,860",83.6
20007,2.5,"50,660",81.7
20009,3.1,"50,754",81.8
20011,4.2,"47,452",76.5
20013,3.2,"47,558",76.7
20015,3.2,"66,199",106.7
20017,2.8,"51,022",82.3
20019,3.9,"43,664",70.4
20021,3.4,"47,682",76.9
20023,2.4,"47,323",76.3
20025,2.3,"59,085",95.3
20027,3.2,"52,781",85.1
20029,3.2,"46,299",74.6
20031,4.5,"62,715",101.1
20033,2.6,"47,854",77.1
20035,3.4,"51,537",83.1
20037,3.9,"42,723",68.9
20039,3,"46,878",75.6
20041,3.6,"58,066",93.6
20043,3.4,"52,596",84.8
20045,2.9,"62,559",100.9
20047,2.6,"49,047",79.1
20049,3.7,"41,930",67.6
20051,2.3,"51,237",82.6
20053,2.8,"56,988",91.9
20055,2.3,"57,412",92.6
20057,2.5,"54,604",88
20059,3.3,"55,984",90.3
20061,4.4,"58,978",95.1
20063,2.1,"52,986",85.4
20065,3.1,"48,912",78.9
20067,2.9,"65,178",105.1
20069,2,"69,077",111.4
20071,2.3,"58,492",94.3
20073,3.2,"44,876",72.3
20075,1.9,"55,857",90.1
20077,2.5,"47,540",76.6
20079,2.9,"62,961",101.5
20081,2.3,"62,477",100.7
20083,2.4,"58,360",94.1
20085,2.9,"60,615",97.7
20087,3.1,"68,549",110.5
20089,2.8,"46,017",74.2
20091,2.8,"91,913",148.2
20093,2.3,"67,301",108.5
20095,3.2,"56,907",91.7
20097,2.3,"49,588",79.9
20099,4,"44,170",71.2
20101,2.6,"60,315",97.2
20103,3.4,"75,840",122.3
20105,2.3,"47,557",76.7
20107,5.9,"62,876",101.4
20109,2,"53,538",86.3
20111,3.4,"49,840",80.4
20113,2.2,"65,834",106.1
20115,3,"51,771",83.5
20117,2.9,"55,858",90.1
20119,2.3,"64,640",104.2
20121,3.3,"74,428",120
20123,2.4,"51,979",83.8
20125,4.1,"44,240",71.3
20127,2.7,"54,775",88.3
20129,2.9,"56,175",90.6
20131,2.8,"63,373",102.2
20133,4.6,"49,533",79.9
20135,2.5,"54,727",88.2
20137,2.2,"49,739",80.2
20139,3.6,"55,655",89.7
20141,2,"46,351",74.7
20143,2.7,"58,729",94.7
20145,2.9,"65,141",105
20147,2.6,"51,546",83.1
20149,2.8,"73,685",118.8
20151,2.5,"53,980",87
20153,2.2,"50,768",81.8
20155,3.2,"53,371",86
20157,2.6,"47,082",75.9
20159,2.8,"56,350",90.8
20161,2.8,"51,996",83.8
20163,3.5,"49,485",79.8
20165,2.8,"53,189",85.7
20167,2.9,"46,112",74.3
20169,3,"56,741",91.5
20171,1.9,"62,914",101.4
20173,3.5,"60,014",96.8
20175,3.1,"55,727",89.8
20177,3.3,"59,451",95.8
20179,2.2,"54,627",88.1
20181,2.7,"54,000",87.1
20183,2.5,"45,915",74
20185,2.7,"51,007",82.2
20187,2.5,"63,401",102.2
20189,2.6,"61,264",98.8
20191,3.4,"53,618",86.4
20193,2.3,"58,652",94.6
20195,2.8,"52,597",84.8
20197,3.2,"66,168",106.7
20199,2.6,"54,714",88.2
20201,2.6,"46,263",74.6
20203,2,"54,009",87.1
20205,4,"46,243",74.6
20207,4.2,"43,751",70.5
20209,4.3,"47,292",76.2
21000,4.3,"52,256",100
21001,5.3,"37,650",72
21003,4.2,"47,307",90.5
21005,3.7,"61,308",117.3
21007,5.7,"48,053",92
21009,4.5,"44,859",85.8
21011,6.2,"42,248",80.8
21013,6.4,"30,940",59.2
21015,3.4,"78,806",150.8
21017,3.8,"47,046",90
21019,5.7,"50,017",95.7
21021,4.7,"53,644",102.7
21023,4.9,"53,289",102
21025,7.5,"33,407",63.9
21027,5.3,"46,069",88.2
21029,4.1,"66,335",126.9
21031,4.8,"46,305",88.6
21033,5,"44,144",84.5
21035,4.1,"45,574",87.2
21037,3.5,"66,520",127.3
21039,4.2,"49,659",95
21041,4,"51,672",98.9
21043,8.3,"43,492",83.2
21045,4.2,"34,751",66.5
21047,5.6,"46,390",88.8
21049,3.9,"55,428",106.1
21051,7,"30,175",57.7
21053,5.5,"34,005",65.1
21055,4.9,"44,595",85.3
21057,4.2,"34,897",66.8
21059,3.9,"52,620",100.7
21061,4.9,"47,482",90.9
21063,8.2,"34,262",65.6
21065,5,"35,004",67
21067,3.3,"58,981",112.9
21069,5.4,"43,943",84.1
21071,6.4,"35,828",68.6
21073,3.7,"58,917",112.7
21075,5.7,"34,376",65.8
21077,4,"55,273",105.8
21079,4.6,"51,757",99
21081,4.1,"55,210",105.7
21083,4.6,"48,038",91.9
21085,5,"43,771",83.8
21087,4.4,"38,896",74.4
21089,6.6,"52,179",99.9
21091,3.8,"60,626",116
21093,4.1,"57,711",110.4
21095,9.6,"30,050",57.5
21097,4.3,"51,475",98.5
21099,4.7,"42,718",81.7
21101,3.8,"53,199",101.8
21103,3.7,"51,806",99.1
21105,4.8,"52,331",100.1
21107,4.6,"48,769",93.3
21109,6.5,"34,940",66.9
21111,4,"59,025",113
21113,3.6,"62,533",119.7
21115,6.6,"31,202",59.7
21117,3.6,"68,692",131.5
21119,6.9,"32,613",62.4
21121,6,"31,634",60.5
21123,4.5,"49,785",95.3
21125,4.9,"44,033",84.3
21127,7.1,"38,055",72.8
21129,5.7,"30,905",59.1
21131,8.2,"32,202",61.6
21133,7.4,"32,435",62.1
21135,8.9,"37,410",71.6
21137,5,"43,220",82.7
21139,5.7,"50,521",96.7
21141,4,"48,902",93.6
21143,4.7,"52,978",101.4
21145,4.9,"48,219",92.3
21147,6,"32,701",62.6
21149,4.4,"51,184",97.9
21151,3.9,"50,316",96.3
21153,11,"32,045",61.3
21155,3.9,"48,062",92
21157,4.7,"57,945",110.9
21159,6.9,"34,291",65.6
21161,5.8,"47,861",91.6
21163,4.6,"54,946",105.1
21165,6.9,"37,457",71.7
21167,4.6,"55,267",105.8
21169,4.8,"38,978",74.6
21171,3.9,"36,512",69.9
21173,5.3,"52,903",101.2
21175,5.4,"37,433",71.6
21177,6.2,"45,049",86.2
21179,4.5,"64,795",124
21181,4.4,"38,084",72.9
21183,5.1,"47,542",91
21185,3.3,"101,152",193.6
21187,4.6,"51,494",98.5
21189,7,"28,727",55
21191,3.8,"58,962",112.8
21193,6.1,"38,000",72.7
21195,5.8,"36,875",70.6
21197,5.4,"41,760",79.9
21199,4.7,"43,568",83.4
21201,5.4,"47,017",90
21203,4.8,"40,790",78.1
21205,5.3,"44,068",84.3
21207,5.7,"44,056",84.3
21209,3.5,"74,719",143
21211,3.4,"71,737",137.3
21213,4.5,"52,931",101.3
21215,3.6,"79,863",152.8
21217,4.3,"48,485",92.8
21219,3.9,"47,742",91.4
21221,4.7,"49,955",95.6
21223,4.4,"58,998",112.9
21225,4.5,"49,870",95.4
21227,3.9,"53,238",101.9
21229,3.9,"51,286",98.1
21231,5.8,"34,449",65.9
21233,4,"49,079",93.9
21235,5.2,"38,191",73.1
21237,7.1,"32,773",62.7
21239,3.1,"67,815",129.8
22000,4.8,"51,108",100
22001,5.3,"44,728",87.5
22003,5.7,"47,111",92.2
22005,4.1,"83,072",162.5
22007,6.1,"51,763",101.3
22009,5.8,"38,316",75
22011,5.2,"55,343",108.3
22013,5.9,"37,198",72.8
22015,4.3,"54,080",105.8
22017,5.4,"45,613",89.2
22019,4.1,"53,050",103.8
22021,6.1,"44,007",86.1
22023,3.8,"60,317",118
22025,6.4,"36,794",72
22027,5.7,"36,497",71.4
22029,6.5,"36,276",71
22031,6,"47,347",92.6
22033,4.4,"56,303",110.2
22035,10.6,"29,943",58.6
22037,4.6,"50,041",97.9
22039,5.9,"35,146",68.8
22041,7.2,"35,484",69.4
22043,5.8,"49,544",96.9
22045,5.4,"47,731",93.4
22047,5.9,"55,198",108
22049,4.7,"43,232",84.6
22051,4.2,"55,909",109.4
22053,4.7,"47,988",93.9
22055,4.3,"60,053",117.5
22057,4.5,"54,145",105.9
22059,4.3,"51,014",99.8
22061,5.4,"41,608",81.4
22063,4.1,"63,852",124.9
22065,8.1,"32,229",63.1
22067,8.3,"34,922",68.3
22069,6,"49,536",96.9
22071,4.9,"45,092",88.2
22073,5.3,"43,235",84.6
22075,4.3,"60,795",119
22077,5.4,"48,011",93.9
22079,5.1,"49,687",97.2
22081,5.1,"39,806",77.9
22083,6.3,"39,586",77.5
22085,5.1,"45,486",89
22087,4.9,"45,806",89.6
22089,4.3,"71,579",140.1
22091,6.1,"43,376",84.9
22093,6,"57,250",112
22095,5.6,"54,944",107.5
22097,6.3,"39,599",77.5
22099,5.1,"47,247",92.4
22101,5.9,"40,918",80.1
22103,4.2,"71,526",140
22105,5.5,"47,860",93.6
22107,8.3,"31,436",61.5
22109,4.6,"51,719",101.2
22111,5.8,"44,617",87.3
22113,5.1,"50,193",98.2
22115,6.2,"51,652",101.1
22117,5.9,"35,505",69.5
22119,6.1,"38,386",75.1
22121,4.5,"65,344",127.9
22123,10.7,"42,614",83.4
22125,4.1,"65,296",127.8
22127,6.3,"43,166",84.5
23000,3,"58,824",100
23001,3,"58,958",100.2
23003,4.6,"40,675",69.1
23005,2.4,"75,254",127.9
23007,3.8,"51,136",86.9
23009,3.5,"58,926",100.2
23011,2.9,"55,358",94.1
23013,2.9,"55,910",95
23015,3,"58,619",99.7
23017,3.6,"50,344",85.6
23019,3.2,"50,702",86.2
23021,3.7,"43,509",74
23023,2.3,"65,841",111.9
23025,4.5,"45,333",77.1
23027,3.2,"51,073",86.8
23029,4.6,"39,068",66.4
23031,2.7,"66,803",113.6
24000,3.6,"86,644",100
24001,5.2,"48,170",55.6
24003,3.1,"100,916",116.5
24005,3.7,"76,972",88.8
24009,3.2,"111,056",128.2
24011,3.6,"60,143",69.4
24013,2.9,"101,810",117.5
24015,4,"75,307",86.9
24017,3.6,"102,510",118.3
24019,4.8,"48,709",56.2
24021,3.2,"102,951",118.8
24023,4.4,"59,253",68.4
24025,3.3,"91,492",105.6
24027,2.7,"121,329",140
24029,4,"65,615",75.7
24031,2.9,"110,012",127
24033,3.8,"85,357",98.5
24035,3.1,"101,350",117
24037,3.3,"89,123",102.9
24039,6.1,"38,731",44.7
24041,3.4,"75,714",87.4
24043,3.9,"59,785",69
24045,4.6,"54,351",62.7
24047,7.4,"65,821",76
24510,5.1,"49,780",57.5
25000,2.9,"85,700",100
25001,3.9,"82,686",96.5
25003,3.5,"58,805",68.6
25005,3.7,"69,857",81.5
25007,4.1,"76,036",88.7
25009,3,"83,253",97.1
25011,2.7,"60,143",70.2
25013,4.1,"59,918",69.9
25015,2.7,"74,142",86.5
25017,2.3,"106,543",124.3
25019,4.2,"96,030",112.1
25021,2.5,"106,851",124.7
25023,3,"90,584",105.7
25025,2.6,"75,843",88.5
25027,3.1,"77,795",90.8
26000,4.1,"59,522",100
26001,6.3,"41,491",69.7
26003,7.8,"52,285",87.8
26005,3.1,"66,568",111.8
26007,4.7,"43,676",73.4
26009,5.1,"58,317",98
26011,6.6,"44,017",74
26013,6.3,"48,371",81.3
26015,3.2,"67,703",113.7
26017,4.7,"50,130",84.2
26019,5.1,"56,934",95.7
26021,4,"50,659",85.1
26023,3.9,"52,255",87.8
26025,4.1,"50,205",84.3
26027,4.3,"55,029",92.5
26029,4.6,"58,831",98.8
26031,8.7,"47,876",80.4
26033,6.3,"49,610",83.3
26035,6.1,"42,480",71.4
26037,3,"72,666",122.1
26039,5.6,"49,114",82.5
26041,5.2,"48,880",82.1
26043,4.2,"53,751",90.3
26045,3.4,"65,891",110.7
26047,5.4,"59,456",99.9
26049,4.9,"50,554",84.9
26051,5.7,"46,458",78.1
26053,5.2,"39,030",65.6
26055,3.4,"65,041",109.3
26057,4.4,"51,046",85.8
26059,4.2,"50,015",84
26061,4.9,"45,006",75.6
26063,4.4,"49,126",82.5
26065,3.5,"54,704",91.9
26067,3.4,"59,582",100.1
26069,6,"43,605",73.3
26071,5.5,"46,814",78.6
26073,3.8,"46,677",78.4
26075,3.8,"56,001",94.1
26077,3.3,"56,739",95.3
26079,5.6,"47,620",80
26081,2.9,"66,560",111.8
26083,6.9,"47,318",79.5
26085,6.4,"38,044",63.9
26087,5.4,"66,415",111.6
26089,3.7,"72,888",122.5
26091,3.9,"55,466",93.2
26093,3.3,"87,827",147.6
26095,6.2,"45,464",76.4
26097,9.3,"44,986",75.6
26099,4.2,"65,051",109.3
26101,5.5,"50,047",84.1
26103,4.8,"54,913",92.3
26105,4.9,"49,869",83.8
26107,4.7,"47,705",80.1
26109,4,"49,189",82.6
26111,3.7,"69,859",117.4
26113,4.8,"51,317",86.2
26115,3.9,"64,341",108.1
26117,4.1,"52,089",87.5
26119,8.3,"40,126",67.4
26121,4.3,"50,730",85.2
26123,4.2,"51,772",87
26125,3.4,"81,257",136.5
26127,5.9,"52,319",87.9
26129,6.7,"41,347",69.5
26131,6.8,"45,531",76.5
26133,4,"47,343",79.5
26135,6.9,"44,594",74.9
26137,4.9,"52,392",88
26139,2.8,"69,827",117.3
26141,7.6,"47,339",79.5
26143,7.5,"42,546",71.5
26145,4.8,"48,471",81.4
26147,4.9,"60,208",101.2
26149,4.3,"54,024",90.8
26151,4.7,"49,917",83.9
26153,7,"50,256",84.4
26155,4.3,"55,633",93.5
26157,5.1,"52,342",87.9
26159,4.6,"58,733",98.7
26161,2.9,"76,728",128.9
26163,5.1,"50,753",85.3
26165,4.5,"53,146",89.3
27000,3.2,"74,529",100
27001,6.2,"51,936",69.7
27003,3.1,"83,363",111.9
27005,4,"61,311",82.3
27007,4.3,"54,638",73.3
27009,3.9,"63,395",85.1
27011,4.2,"52,692",70.7
27013,2.8,"60,408",81.1
27015,3.6,"62,904",84.4
27017,4.5,"65,749",88.2
27019,2.8,"101,891",136.7
27021,5.5,"54,267",72.8
27023,3.9,"54,984",73.8
27025,3.8,"84,811",113.8
27027,3,"64,874",87
27029,8.2,"54,896",73.7
27031,4.3,"58,664",78.7
27033,3.7,"53,725",72.1
27035,4.3,"60,384",81
27037,2.9,"89,075",119.5
27039,3.4,"86,436",116
27041,3.2,"67,592",90.7
27043,4.2,"54,193",72.7
27045,3.3,"62,716",84.1
27047,3.4,"56,716",76.1
27049,3,"71,497",95.9
27051,4.5,"55,247",74.1
27053,2.8,"82,323",110.5
27055,3.2,"64,920",87.1
27057,5.4,"56,064",75.2
27059,4.1,"77,963",104.6
27061,6,"58,660",78.7
27063,3.4,"57,915",77.7
27065,5.9,"63,595",85.3
27067,3.5,"64,129",86
27069,3.6,"62,762",84.2
27071,6.4,"52,545",70.5
27073,3.7,"56,825",76.2
27075,3.6,"61,082",82
27077,4.1,"56,244",75.5
27079,4.5,"75,519",101.3
27081,3.8,"55,328",74.2
27083,3.2,"63,849",85.7
27085,3.7,"64,380",86.4
27087,4.7,"46,702",62.7
27089,5.9,"59,793",80.2
27091,3.8,"54,602",73.3
27093,3.9,"63,812",85.6
27095,5.4,"59,262",79.5
27097,5.2,"61,847",83
27099,3,"55,276",74.2
27101,4.3,"61,007",81.9
27103,2.5,"71,067",95.4
27105,3,"57,300",76.9
27107,4.8,"53,961",72.4
27109,2.6,"80,631",108.2
27111,4.2,"59,901",80.4
27113,4.6,"55,870",75
27115,5.5,"55,684",74.7
27117,3.5,"55,405",74.3
27119,4,"60,582",81.3
27121,3.1,"59,442",79.8
27123,3,"68,652",92.1
27125,5.3,"58,384",78.3
27127,3.7,"60,097",80.6
27129,4.5,"59,110",79.3
27131,3.1,"72,438",97.2
27133,2.3,"63,451",85.1
27135,3.9,"62,924",84.4
27137,4,"60,228",80.8
27139,2.7,"108,718",145.9
27141,3.5,"95,323",127.9
27143,3.8,"66,757",89.6
27145,3.2,"66,449",89.2
27147,3.2,"68,603",92
27149,2.7,"59,045",79.2
27151,4.4,"60,127",80.7
27153,4.4,"51,746",69.4
27155,3.7,"57,602",77.3
27157,3.3,"63,435",85.1
27159,6.2,"50,663",68
27161,3.9,"63,907",85.7
27163,2.8,"100,857",135.3
27165,4,"57,290",76.9
27167,3.4,"69,890",93.8
27169,2.9,"64,219",86.2
27171,3.3,"91,374",122.6
27173,3.8,"61,074",81.9
28000,5.4,"45,928",100
28001,7.1,"34,583",75.3
28003,4.7,"43,496",94.7
28005,7,"41,575",90.5
28007,6.2,"36,905",80.4
28009,6.1,"37,875",82.5
28011,7,"30,309",66
28013,5.5,"38,648",84.1
28015,6.3,"44,885",97.7
28017,5.6,"37,533",81.7
28019,5.5,"41,146",89.6
28021,10.7,"31,221",68
28023,6.2,"42,826",93.2
28025,7.5,"33,653",73.3
28027,7.7,"30,242",65.8
28029,6.6,"42,299",92.1
28031,4.9,"42,076",91.6
28033,4.4,"67,450",146.9
28035,5.1,"40,224",87.6
28037,6.8,"41,420",90.2
28039,7.4,"51,858",112.9
28041,7.8,"48,641",105.9
28043,5.1,"40,561",88.3
28045,5.6,"50,401",109.7
28047,5.2,"49,619",108
28049,5.2,"44,773",97.5
28051,10.3,"26,348",57.4
28053,10.1,"28,464",62
28055,11.3,"30,944",67.4
28057,4.7,"49,214",107.2
28059,6,"53,414",116.3
28061,6.8,"40,923",89.1
28063,15.5,"30,871",67.2
28065,6.9,"32,077",69.8
28067,5.4,"41,733",90.9
28069,8,"33,472",72.9
28071,4.5,"54,034",117.6
28073,4.2,"62,606",136.3
28075,5.5,"41,604",90.6
28077,6.8,"43,668",95.1
28079,5.5,"41,007",89.3
28081,4.4,"50,803",110.6
28083,7.5,"29,687",64.6
28085,5.6,"45,062",98.1
28087,5.3,"49,251",107.2
28089,4.4,"70,824",154.2
28091,5.5,"38,402",83.6
28093,5.7,"43,107",93.9
28095,5.5,"42,464",92.5
28097,6,"38,475",83.8
28099,5.9,"41,795",91
28101,5.5,"42,962",93.5
28103,7.3,"32,916",71.7
28105,5.6,"41,631",90.6
28107,6.6,"40,655",88.5
28109,5.2,"45,874",99.9
28111,6.7,"43,106",93.9
28113,6.5,"35,044",76.3
28115,4.3,"48,910",106.5
28117,4.9,"43,465",94.6
28119,8.2,"29,318",63.8
28121,3.9,"67,284",146.5
28123,4.5,"41,532",90.4
28125,8.4,"31,138",67.8
28127,5.2,"47,664",103.8
28129,5.2,"46,296",100.8
28131,6.6,"47,187",102.7
28133,8.9,"32,948",71.7
28135,5.8,"31,915",69.5
28137,5.6,"50,188",109.3
28139,5.1,"44,696",97.3
28141,5.1,"43,341",94.4
28143,6.2,"33,993",74
28145,4.2,"49,320",107.4
28147,7.3,"35,465",77.2
28149,6,"46,606",101.5
28151,7.6,"31,018",67.5
28153,6.1,"39,036",85
28155,5.6,"46,110",100.4
28157,10.1,"32,612",71
28159,6.1,"37,596",81.9
28161,5.7,"40,515",88.2
28163,6.4,"34,817",75.8
29000,3.3,"57,375",100
29001,3.9,"43,044",75
29003,2.8,"62,823",109.5
29005,3.7,"50,516",88
29007,3.4,"45,609",79.5
29009,3.5,"47,155",82.2
29011,3.4,"46,397",80.9
29013,4,"48,442",84.4
29015,4.8,"42,144",73.5
29017,3.9,"45,868",79.9
29019,2.4,"58,029",101.1
29021,3.1,"49,216",85.8
29023,4.7,"41,327",72
29025,3.2,"52,872",92.2
29027,2.9,"58,720",102.3
29029,4.5,"51,460",89.7
29031,2.9,"57,618",100.4
29033,3.2,"50,628",88.2
29035,4.9,"36,383",63.4
29037,3,"73,882",128.8
29039,3.7,"38,427",67
29041,3,"50,589",88.2
29043,2.7,"63,400",110.5
29045,3.6,"46,001",80.2
29047,2.9,"70,705",123.2
29049,3,"64,541",112.5
29051,2.6,"61,847",107.8
29053,3.7,"56,957",99.3
29055,3.8,"48,315",84.2
29057,3.1,"42,421",73.9
29059,4.5,"42,389",73.9
29061,3.3,"48,197",84
29063,3.1,"53,997",94.1
29065,3.6,"45,540",79.4
29067,5.1,"39,773",69.3
29069,5.5,"38,880",67.8
29071,3.2,"61,428",107.1
29073,3.4,"53,751",93.7
29075,2.7,"53,663",93.5
29077,2.7,"45,313",79
29079,3.5,"44,323",77.3
29081,3.3,"43,016",75
29083,3.7,"46,995",81.9
29085,4.2,"32,934",57.4
29087,2.8,"47,429",82.7
29089,3.1,"49,923",87
29091,4.1,"40,177",70
29093,4.8,"39,292",68.5
29095,3.7,"57,907",100.9
29097,3,"46,021",80.2
29099,3.1,"68,779",119.9
29101,3.7,"58,396",101.8
29103,2.9,"41,755",72.8
29105,6.9,"43,969",76.6
29107,3.1,"62,264",108.5
29109,3.5,"45,746",79.7
29111,3.2,"40,782",71.1
29113,3.3,"69,178",120.6
29115,4.9,"45,774",79.8
29117,2.5,"49,065",85.5
29119,3.3,"39,615",69
29121,3.4,"45,717",79.7
29123,3.4,"43,919",76.5
29125,3.5,"49,712",86.6
29127,3.2,"50,803",88.5
29129,3.2,"44,343",77.3
29131,3.8,"49,252",85.8
29133,4.1,"36,802",64.1
29135,3,"57,321",99.9
29137,4.2,"48,399",84.4
29139,3.1,"50,282",87.6
29141,4.3,"44,473",77.5
29143,4.3,"42,115",73.4
29145,3.3,"53,251",92.8
29147,3,"47,419",82.6
29149,3.9,"35,356",61.6
29151,2.4,"60,728",105.8
29153,5.8,"36,019",62.8
29155,5,"34,280",59.7
29157,2.6,"57,032",99.4
29159,3.5,"48,516",84.6
29161,3.3,"46,573",81.2
29163,3.6,"49,089",85.6
29165,2.7,"84,456",147.2
29167,3.4,"44,837",78.1
29169,4.1,"55,620",96.9
29171,3.7,"42,434",74
29173,3.1,"63,419",110.5
29175,3.9,"48,043",83.7
29177,3.6,"61,678",107.5
29179,3.7,"37,415",65.2
29181,5.5,"35,788",62.4
29183,2.5,"89,236",155.5
29185,4.6,"39,319",68.5
29186,2.7,"61,662",107.5
29187,3.7,"43,886",76.5
29189,3.1,"70,161",122.3
29195,3.2,"47,324",82.5
29197,4.4,"43,183",75.3
29199,3.1,"46,871",81.7
29201,3.5,"44,924",78.3
29203,5.6,"36,477",63.6
29205,3,"45,939",80.1
29207,4.7,"42,363",73.8
29209,5,"50,262",87.6
29211,3.5,"43,421",75.7
29213,5.1,"49,314",86
29215,4.5,"38,914",67.8
29217,3.5,"46,182",80.5
29219,2.9,"63,726",111.1
29221,4.5,"41,198",71.8
29223,4.8,"35,397",61.7
29225,3.6,"54,844",95.6
29227,2.7,"45,023",78.5
29229,5.3,"39,384",68.6
29510,3.9,"46,309",80.7
30000,3.5,"57,248",100
30001,2.9,"49,771",86.9
30003,7.4,"43,718",76.4
30005,3.5,"44,090",77
30007,4,"60,622",105.9
30009,3.4,"57,585",100.6
30011,2.8,"49,057",85.7
30013,3.4,"51,732",90.4
30015,2.7,"48,017",83.9
30017,2.9,"49,379",86.3
30019,2,"50,001",87.3
30021,2.4,"56,677",99
30023,3.2,"41,780",73
30025,1.8,"65,651",114.7
30027,3.1,"48,703",85.1
30029,4.7,"61,334",107.1
30031,2.3,"73,731",128.8
30033,2.4,"43,106",75.3
30035,7.5,"41,808",73
30037,4.1,"40,469",70.7
30039,5.7,"49,646",86.7
30041,3.7,"51,881",90.6
30043,3.3,"70,929",123.9
30045,3.1,"49,401",86.3
30047,4.2,"49,019",85.6
30049,3,"66,075",115.4
30051,2.5,"41,240",72
30053,7.2,"43,669",76.3
30055,2,"48,551",84.8
30057,3.2,"56,579",98.8
30059,3.5,"43,946",76.8
30061,5.7,"43,928",76.7
30063,3.2,"57,279",100.1
30065,3.9,"48,290",84.4
30067,3.4,"51,740",90.4
30069,3.6,"42,081",73.5
30071,3.7,"47,679",83.3
30073,3.8,"48,542",84.8
30075,2.4,"47,843",83.6
30077,3.6,"49,387",86.3
30079,3.8,"46,663",81.5
30081,4,"57,209",99.9
30083,2.7,"69,095",120.7
30085,4.3,"38,409",67.1
30087,5,"58,139",101.6
30089,5.9,"45,193",78.9
30091,2.2,"51,111",89.3
30093,3.8,"49,249",86
30095,3.1,"68,186",119.1
30097,2.8,"55,259",96.5
30099,3.3,"54,458",95.1
30101,2.4,"49,448",86.4
30103,2.7,"51,754",90.4
30105,3.2,"51,869",90.6
30107,3.8,"42,059",73.5
30109,3,"51,145",89.3
30111,3.2,"61,435",107.3
31000,3,"63,290",100
31001,3.2,"55,182",87.2
31003,2.6,"50,771",80.2
31005,5.4,"46,417",73.3
31007,3.7,"54,706",86.4
31009,5,"45,411",71.8
31011,2.7,"58,204",92
31013,3.2,"61,522",97.2
31015,3.3,"46,548",73.5
31017,3.5,"48,843",77.2
31019,2.6,"64,759",102.3
31021,3.4,"54,554",86.2
31023,2.6,"63,310",100
31025,3.3,"72,915",115.2
31027,2.5,"60,400",95.4
31029,2.3,"57,656",91.1
31031,2.4,"50,677",80.1
31033,3.7,"56,229",88.8
31035,3.2,"63,829",100.9
31037,2.7,"62,472",98.7
31039,2.7,"59,505",94
31041,2.4,"51,004",80.6
31043,3.9,"61,010",96.4
31045,2.9,"46,377",73.3
31047,3,"56,839",89.8
31049,2.9,"48,793",77.1
31051,3.1,"57,324",90.6
31053,2.9,"60,853",96.1
31055,3.3,"67,264",106.3
31057,2.6,"45,446",71.8
31059,2.6,"60,440",95.5
31061,3.4,"49,659",78.5
31063,3.3,"55,712",88
31065,2.8,"50,705",80.1
31067,3.6,"56,817",89.8
31069,2.9,"41,158",65
31071,2.7,"52,707",83.3
31073,2.6,"64,870",102.5
31075,2.8,"60,773",96
31077,2.9,"48,178",76.1
31079,3.5,"57,371",90.6
31081,3,"68,236",107.8
31083,2.8,"53,362",84.3
31085,2.4,"46,399",73.3
31087,3.4,"49,451",78.1
31089,2.6,"54,474",86.1
31091,3.1,"50,093",79.1
31093,3.5,"56,881",89.9
31095,2.7,"56,740",89.7
31097,3.5,"54,567",86.2
31099,2.3,"64,461",101.9
31101,3.2,"51,478",81.3
31103,2.5,"46,010",72.7
31105,3,"52,284",82.6
31107,3,"53,676",84.8
31109,2.8,"61,383",97
31111,3.5,"60,924",96.3
31113,3,"53,108",83.9
31115,4,"51,559",81.5
31117,2.7,"52,033",82.2
31119,2.8,"58,275",92.1
31121,3.2,"53,411",84.4
31123,2.9,"49,982",79
31125,3,"55,853",88.2
31127,3.7,"55,343",87.4
31129,2.7,"48,624",76.8
31131,3.2,"66,293",104.7
31133,2.9,"47,006",74.3
31135,2.3,"63,443",100.2
31137,2.6,"61,420",97
31139,2.7,"67,465",106.6
31141,2.9,"62,804",99.2
31143,2.8,"66,462",105
31145,2.8,"50,260",79.4
31147,3.2,"50,207",79.3
31149,3.1,"53,905",85.2
31151,3.2,"59,937",94.7
31153,2.9,"84,016",132.7
31155,2.8,"71,086",112.3
31157,3.7,"50,263",79.4
31159,2.9,"72,291",114.2
31161,2.8,"46,159",72.9
31163,3.2,"48,735",77
31165,2.8,"47,983",75.8
31167,2.6,"62,045",98
31169,2.7,"52,439",82.9
31171,3.5,"51,401",81.2
31173,4.5,"48,891",77.2
31175,3.2,"47,981",75.8
31177,2.9,"75,197",118.8
31179,2.6,"57,655",91.1
31181,3.5,"49,518",78.2
31183,2.8,"50,207",79.3
31185,2.7,"59,749",94.4
32000,3.9,"63,268",100
32001,3.5,"56,335",89
32003,4,"62,131",98.2
32005,3.9,"76,296",120.6
32007,3,"83,287",131.6
32009,3.7,"50,675",80.1
32011,2.4,"71,541",113.1
32013,2.9,"73,106",115.5
32015,3.2,"81,239",128.4
32017,4,"58,782",92.9
32019,4.7,"59,406",93.9
32021,4,"43,771",69.2
32023,5.1,"48,490",76.6
32027,4,"58,562",92.6
32029,3.7,"88,003",139.1
32031,3.2,"71,733",113.4
32033,3,"60,086",95
32510,3.9,"58,126",91.9
33000,2.5,"78,571",100
33001,2.5,"68,752",87.5
33003,2.5,"64,495",82.1
33005,2.6,"65,326",83.1
33007,3.2,"49,156",62.6
33009,2.2,"62,468",79.5
33011,2.6,"82,862",105.5
33013,2.3,"75,800",96.5
33015,2.7,"91,416",116.3
33017,2.3,"71,486",91
33019,2.3,"63,518",80.8
34000,3.6,"85,786",100
34001,5.1,"62,678",73.1
34003,2.9,"107,971",125.9
34005,3.3,"88,443",103.1
34007,4,"73,168",85.3
34009,7.2,"66,565",77.6
34011,5.5,"54,179",63.2
34013,4.5,"64,522",75.2
34015,3.7,"87,996",102.6
34017,3.3,"77,738",90.6
34019,2.8,"117,275",136.7
34021,3.2,"79,475",92.6
34023,3.1,"92,770",108.1
34025,3.2,"102,579",119.6
34027,2.8,"116,328",135.6
34029,3.7,"75,627",88.2
34031,4.3,"76,039",88.6
34033,4.8,"68,146",79.4
34035,3,"112,722",131.4
34037,3.4,"100,281",116.9
34039,3.7,"79,953",93.2
34041,3.3,"83,998",97.9
35000,4.9,"52,021",100
35001,4.4,"56,148",107.9
35003,6.2,"37,190",71.5
35005,4.9,"43,687",84
35006,6.3,"40,436",77.7
35007,4.7,"42,754",82.2
35009,4.1,"45,623",87.7
35011,4.3,"34,746",66.8
35013,5.7,"43,618",83.8
35015,3.1,"63,671",122.4
35017,4.8,"43,175",83
35019,5.3,"36,554",70.3
35021,5.1,"38,162",73.4
35023,4.3,"37,322",71.7
35025,3.9,"63,012",121.1
35027,4.6,"47,254",90.8
35028,3.2,"122,001",234.5
35029,12.2,"32,544",62.6
35031,7,"36,404",70
35033,6,"36,968",71.1
35035,4.9,"43,135",82.9
35037,5.2,"34,596",66.5
35039,5.3,"44,579",85.7
35041,4.5,"44,928",86.4
35043,4.8,"71,118",136.7
35045,5.7,"46,201",88.8
35047,5.8,"36,986",71.1
35049,3.9,"61,791",118.8
35051,6.8,"33,661",64.7
35053,5.8,"39,582",76.1
35055,6,"43,032",82.7
35057,6.8,"39,532",76
35059,3.5,"38,221",73.5
35061,5.3,"54,867",105.5
36000,4,"72,038",100
36001,3.6,"69,408",96.3
36003,5.5,"49,411",68.6
36005,5.4,"41,470",57.6
36007,4.7,"52,179",72.4
36009,5.1,"50,783",70.5
36011,4.3,"58,055",80.6
36013,4.7,"50,143",69.6
36015,4.2,"58,400",81.1
36017,4.4,"51,894",72
36019,4.4,"59,069",82
36021,3.2,"71,563",99.3
36023,4.9,"55,143",76.5
36025,4.7,"51,038",70.8
36027,3.6,"84,564",117.4
36029,4.3,"60,620",84.2
36031,4.7,"55,091",76.5
36033,4.9,"48,943",67.9
36035,5,"50,061",69.5
36037,3.9,"62,570",86.9
36039,4.5,"54,746",76
36041,6,"60,148",83.5
36043,4.9,"55,778",77.4
36045,5.6,"53,829",74.7
36047,4.1,"66,501",92.3
36049,5.5,"56,599",78.6
36051,4.2,"60,268",83.7
36053,4.5,"61,713",85.7
36055,4.2,"62,159",86.3
36057,5.1,"52,092",72.3
36059,3.4,"117,767",163.5
36061,3.5,"93,007",129.1
36063,5,"56,371",78.3
36065,4.3,"56,516",78.5
36067,3.9,"61,597",85.5
36069,3.9,"66,754",92.7
36071,3.8,"83,188",115.5
36073,4.7,"53,115",73.7
36075,5.4,"57,640",80
36077,4.2,"52,414",72.8
36079,3.7,"105,600",146.6
36081,3.5,"72,975",101.3
36083,3.8,"70,688",98.1
36085,3.9,"86,624",120.2
36087,3.6,"99,831",138.6
36089,5.5,"51,742",71.8
36091,3.4,"89,071",123.6
36093,3.8,"64,960",90.2
36095,4.7,"58,927",81.8
36097,4.7,"52,215",72.5
36099,3.8,"51,064",70.9
36101,4.6,"53,167",73.8
36103,3.7,"105,241",146.1
36105,4,"58,851",81.7
36107,4.1,"60,699",84.3
36109,3.6,"59,176",82.1
36111,3.8,"64,090",89
36113,4.6,"63,240",87.8
36115,4.1,"56,897",79
36117,4,"61,989",86.1
36119,3.8,"101,741",141.2
36121,4.4,"58,214",80.8
36123,3.7,"60,612",84.1
37000,3.9,"57,388",100
37001,3.8,"57,963",101
37003,3.3,"54,960",95.8
37005,4.8,"41,420",72.2
37007,4.2,"40,826",71.1
37009,3.7,"41,542",72.4
37011,3.7,"45,823",79.8
37013,4.6,"49,410",86.1
37015,4.8,"37,899",66
37017,4.8,"42,260",73.6
37019,5.2,"63,712",111
37021,3,"55,448",96.6
37023,3.7,"47,890",83.4
37025,3.6,"72,071",125.6
37027,4.1,"48,512",84.5
37029,3.9,"69,610",121.3
37031,4.2,"60,058",104.7
37033,4.5,"51,240",89.3
37035,3.6,"53,688",93.6
37037,3.4,"70,258",122.4
37039,4.5,"42,764",74.5
37041,4.7,"47,126",82.1
37043,4.5,"47,116",82.1
37045,4,"46,012",80.2
37047,4.9,"39,531",68.9
37049,4.1,"53,372",93
37051,5.1,"46,599",81.2
37053,3.6,"70,699",123.2
37055,4.7,"63,033",109.8
37057,3.7,"53,924",94
37059,3.4,"63,828",111.2
37061,4.1,"44,929",78.3
37063,3.4,"65,541",114.2
37065,5.9,"40,784",71.1
37067,3.7,"53,054",92.4
37069,4,"57,371",100
37071,3.9,"56,542",98.5
37073,4.1,"54,204",94.5
37075,5.4,"45,813",79.8
37077,3.4,"54,300",94.6
37079,3.8,"44,648",77.8
37081,4.1,"55,820",97.3
37083,5.7,"38,727",67.5
37085,4.6,"55,619",96.9
37087,3.4,"51,612",89.9
37089,3.3,"61,651",107.4
37091,5.2,"42,374",73.8
37093,4.9,"48,420",84.4
37095,8.6,"43,112",75.1
37097,3.6,"68,308",119
37099,4.1,"47,759",83.2
37101,3.6,"62,835",109.5
37103,3.9,"46,275",80.6
37105,4.5,"53,114",92.6
37107,3.8,"39,947",69.6
37109,3.5,"70,479",122.8
37111,3.8,"46,370",80.8
37113,3.9,"46,279",80.6
37115,3.6,"50,062",87.2
37117,5.1,"39,413",68.7
37119,3.6,"69,455",121
37121,4.6,"47,675",83.1
37123,4,"46,497",81
37125,3.8,"63,942",111.4
37127,4.8,"50,902",88.7
37129,3.6,"57,252",99.8
37131,5.2,"39,777",69.3
37133,4.6,"50,645",88.3
37135,3.3,"74,314",129.5
37137,3.8,"52,522",91.5
37139,4.6,"51,245",89.3
37141,3.9,"60,405",105.3
37143,5,"50,804",88.5
37145,4.2,"54,553",95.1
37147,4.2,"52,961",92.3
37149,3.8,"53,405",93.1
37151,3.8,"50,129",87.4
37153,5.3,"40,518",70.6
37155,5.4,"36,366",63.4
37157,4.4,"44,686",77.9
37159,4,"52,051",90.7
37161,4.9,"44,547",77.6
37163,3.9,"45,997",80.2
37165,6.6,"39,197",68.3
37167,3.7,"58,303",101.6
37169,3.6,"52,356",91.2
37171,3.7,"48,637",84.8
37173,4,"46,075",80.3
37175,3.7,"55,628",96.9
37177,5.9,"37,680",65.7
37179,3.5,"86,138",150.1
37181,5.8,"40,450",70.5
37183,3.3,"84,377",147
37185,5.7,"37,027",64.5
37187,5.9,"40,157",70
37189,3.5,"51,630",90
37191,4.1,"45,634",79.5
37193,4.1,"45,250",78.8
37195,5.8,"42,414",73.9
37197,3.4,"50,929",88.7
37199,3.8,"47,664",83.1
38000,2.4,"67,402",100
38001,2.2,"55,880",82.9
38003,3,"60,689",90
38005,4.2,"45,709",67.8
38007,2.6,"69,528",103.2
38009,3.3,"62,904",93.3
38011,1.6,"65,411",97
38013,2.3,"67,545",100.2
38015,2.4,"73,565",109.1
38017,2,"63,977",94.9
38019,2.8,"63,484",94.2
38021,1.9,"57,490",85.3
38023,1.4,"61,506",91.3
38025,1.6,"75,723",112.3
38027,4.5,"54,465",80.8
38029,4.1,"53,073",78.7
38031,2.7,"54,917",81.5
38033,1.8,"58,370",86.6
38035,2.1,"57,388",85.1
38037,2.3,"41,841",62.1
38039,2.5,"56,527",83.9
38041,2,"54,600",81
38043,4,"50,570",75
38045,2.1,"56,059",83.2
38047,2.3,"51,496",76.4
38049,3.5,"59,661",88.5
38051,3,"47,349",70.2
38053,1.6,"86,890",128.9
38055,3.2,"67,453",100.1
38057,4.2,"83,341",123.6
38059,3,"68,051",101
38061,1.4,"69,040",102.4
38063,3.1,"56,098",83.2
38065,3.7,"72,919",108.2
38067,3.5,"59,970",89
38069,3.2,"56,753",84.2
38071,2.9,"60,710",90.1
38073,1.7,"66,422",98.5
38075,2.5,"84,986",126.1
38077,2.3,"62,837",93.2
38079,8.2,"45,296",67.2
38081,1.8,"67,551",100.2
38083,4.3,"58,725",87.1
38085,3.9,"37,133",55.1
38087,2.3,"52,695",78.2
38089,2,"68,759",102
38091,2.1,"67,661",100.4
38093,2.3,"60,297",89.5
38095,2.8,"53,024",78.7
38097,2.6,"69,443",103
38099,3.3,"59,153",87.8
38101,2.5,"68,634",101.8
38103,3.1,"56,167",83.3
38105,1.8,"84,606",125.5
39000,4.1,"58,704",100
39001,6.8,"43,145",73.5
39003,4,"58,271",99.3
39005,4.2,"52,554",89.5
39007,4.8,"47,388",80.7
39009,5.3,"43,621",74.3
39011,3,"64,227",109.4
39013,5.6,"50,166",85.5
39015,5,"58,441",99.6
39017,3.8,"68,611",116.9
39019,5,"56,999",97.1
39021,3.7,"62,077",105.7
39023,4.3,"50,832",86.6
39025,3.7,"68,724",117.1
39027,4.7,"52,870",90.1
39029,4.8,"52,693",89.8
39031,5.8,"49,679",84.6
39033,4.7,"49,484",84.3
39035,4.2,"52,503",89.4
39037,3.7,"56,824",96.8
39039,4.2,"60,918",103.8
39041,3.1,"110,252",187.8
39043,4.9,"60,790",103.6
39045,3.7,"71,782",122.3
39047,3.9,"51,023",86.9
39049,3.5,"64,648",110.1
39051,4.1,"64,334",109.6
39053,5.4,"48,094",81.9
39055,3.5,"79,865",136
39057,3.7,"69,709",118.7
39059,5.5,"48,283",82.2
39061,3.8,"60,251",102.6
39063,3.2,"62,720",106.8
39065,4.2,"51,155",87.1
39067,5.3,"50,137",85.4
39069,4.6,"61,351",104.5
39071,5.2,"47,126",80.3
39073,4.6,"51,016",86.9
39075,3,"62,596",106.6
39077,5.7,"56,704",96.6
39079,6.2,"50,671",86.3
39081,5.9,"47,652",81.2
39083,3.9,"59,957",102.1
39085,3.7,"65,040",110.8
39087,5.2,"46,433",79.1
39089,3.7,"66,321",113
39091,3.6,"60,624",103.3
39093,4.3,"59,201",100.8
39095,4.7,"49,924",85
39097,3.4,"65,696",111.9
39099,5.7,"48,018",81.8
39101,4.1,"51,479",87.7
39103,3.4,"78,540",133.8
39105,6.9,"43,754",74.5
39107,2.6,"67,075",114.3
39109,3.7,"63,524",108.2
39111,8.3,"48,231",82.2
39113,4.2,"54,704",93.2
39115,6.5,"46,883",79.9
39117,4.1,"59,498",101.4
39119,4.9,"52,105",88.8
39121,6.9,"50,788",86.5
39123,5.6,"63,352",107.9
39125,3.8,"58,100",99
39127,5.2,"51,875",88.4
39129,4,"63,931",108.9
39131,6.2,"46,255",78.8
39133,4.2,"57,439",97.8
39135,3.8,"62,128",105.8
39137,3.1,"73,454",125.1
39139,4.5,"51,883",88.4
39141,4.2,"54,728",93.2
39143,4.3,"58,415",99.5
39145,6.3,"45,410",77.4
39147,4.1,"55,664",94.8
39149,3.5,"64,304",109.5
39151,4.5,"55,623",94.8
39153,4.3,"57,753",98.4
39155,6.1,"47,966",81.7
39157,4.3,"54,150",92.2
39159,3.2,"91,597",156
39161,3.3,"55,361",94.3
39163,5.6,"46,301",78.9
39165,3.5,"91,645",156.1
39167,5.4,"52,565",89.5
39169,3.2,"58,747",100.1
39171,3.3,"54,239",92.4
39173,3.7,"64,723",110.3
39175,3.1,"61,733",105.2
40000,3.3,"54,447",100
40001,4.2,"39,589",72.7
40003,2.1,"57,497",105.6
40005,4.3,"41,872",76.9
40007,2,"55,397",101.7
40009,3.2,"50,512",92.8
40011,2,"50,574",92.9
40013,3,"44,074",80.9
40015,3.6,"45,755",84
40017,2.9,"75,111",138
40019,3.4,"51,895",95.3
40021,4,"45,544",83.6
40023,4.8,"37,131",68.2
40025,1.7,"47,602",87.4
40027,2.8,"64,706",118.8
40029,3.9,"41,273",75.8
40031,3.7,"51,184",94
40033,3.2,"46,450",85.3
40035,3.6,"42,978",78.9
40037,3.7,"54,737",100.5
40039,2.5,"51,803",95.1
40041,3.8,"44,602",81.9
40043,2.1,"56,316",103.4
40045,2.5,"54,013",99.2
40047,3,"58,381",107.2
40049,3.2,"46,786",85.9
40051,3.1,"63,647",116.9
40053,2.1,"60,303",110.8
40055,4.2,"38,641",71
40057,2.9,"37,988",69.8
40059,2.9,"40,265",74
40061,5.3,"41,643",76.5
40063,4.9,"37,631",69.1
40065,2.9,"48,430",88.9
40067,3.2,"39,785",73.1
40069,4.3,"41,805",76.8
40071,4.3,"48,522",89.1
40073,2,"68,839",126.4
40075,3.8,"39,788",73.1
40077,6.3,"42,014",77.2
40079,4.7,"42,378",77.8
40081,3.5,"51,012",93.7
40083,2.9,"66,625",122.4
40085,2.3,"51,481",94.6
40087,2.7,"75,009",137.8
40089,5.7,"40,803",74.9
40091,5.8,"40,614",74.6
40093,2.1,"59,690",109.6
40095,3.5,"45,005",82.7
40097,3.1,"49,293",90.5
40099,3,"50,965",93.6
40101,3.9,"43,392",79.7
40103,2.5,"56,307",103.4
40105,3.5,"47,456",87.2
40107,4.6,"39,265",72.1
40109,3.1,"56,272",103.4
40111,4.9,"41,725",76.6
40113,3.8,"50,667",93.1
40115,3.4,"41,530",76.3
40117,3.9,"47,646",87.5
40119,2.9,"43,025",79
40121,4.2,"47,215",86.7
40123,3.1,"49,510",90.9
40125,3.6,"52,747",96.9
40127,5,"37,718",69.3
40129,3,"59,286",108.9
40131,3.1,"67,054",123.2
40133,4.8,"40,725",74.8
40135,4.1,"43,038",79
40137,4.3,"47,826",87.8
40139,2,"56,014",102.9
40141,3.7,"41,251",75.8
40143,3.2,"57,668",105.9
40145,3.1,"65,191",119.7
40147,3.4,"62,515",114.8
40149,3.4,"50,823",93.3
40151,2.1,"40,684",74.7
40153,2.9,"73,253",134.5
41000,3.7,"66,955",100
41001,4.6,"48,530",72.5
41003,2.9,"69,148",103.3
41005,3.4,"80,539",120.3
41007,3.7,"59,339",88.6
41009,4.5,"72,285",108
41011,4.9,"49,504",73.9
41013,5.3,"58,739",87.7
41015,5.2,"51,267",76.6
41017,3.9,"71,880",107.4
41019,4.9,"48,940",73.1
41021,3.7,"61,205",91.4
41023,6.9,"49,792",74.4
41025,5.3,"39,874",59.6
41027,3.2,"68,835",102.8
41029,4.4,"56,367",84.2
41031,5.1,"52,543",78.5
41033,5,"47,533",71
41035,6.2,"53,030",79.2
41037,5.4,"47,867",71.5
41039,4.1,"57,212",85.4
41041,4.3,"52,276",78.1
41043,4.3,"61,084",91.2
41045,4.1,"42,019",62.8
41047,3.9,"64,058",95.7
41049,4.1,"59,781",89.3
41051,3.3,"72,469",108.2
41053,4.1,"69,757",104.2
41055,3.4,"60,035",89.7
41057,3.9,"52,298",78.1
41059,4.8,"58,286",87.1
41061,4.8,"54,264",81
41063,5.8,"52,106",77.8
41065,4.1,"56,993",85.1
41067,3.1,"85,665",127.9
41069,4.3,"42,747",63.8
41071,3.4,"71,815",107.3
42000,4.4,"63,455",100
42001,3.3,"67,706",106.7
42003,4.1,"64,799",102.1
42005,5.1,"56,259",88.7
42007,4.5,"60,323",95.1
42009,4.7,"54,251",85.5
42011,4.3,"67,418",106.2
42013,4.5,"51,004",80.4
42015,4.4,"51,356",80.9
42017,3.8,"93,587",147.5
42019,3.9,"72,576",114.4
42021,5.3,"48,798",76.9
42023,6,"43,704",68.9
42025,5.4,"59,985",94.5
42027,3.3,"61,036",96.2
42029,3.2,"102,233",161.1
42031,4.9,"49,173",77.5
42033,5.2,"46,967",74
42035,5.4,"50,777",80
42037,4.8,"54,377",85.7
42039,4.7,"49,741",78.4
42041,3.4,"75,269",118.6
42043,4,"60,763",95.8
42045,4,"76,783",121
42047,4.9,"55,462",87.4
42049,4.6,"51,923",81.8
42051,5.9,"48,055",75.7
42053,6.8,"41,267",65
42055,3.8,"62,699",98.8
42057,4.4,"56,357",88.8
42059,5.1,"56,599",89.2
42061,5.9,"54,323",85.6
42063,5,"51,299",80.8
42065,4.7,"50,789",80
42067,4.4,"57,837",91.1
42069,4.9,"53,655",84.6
42071,3.4,"67,515",106.4
42073,5.1,"50,979",80.3
42075,3.9,"61,560",97
42077,4.5,"65,436",103.1
42079,5.7,"53,439",84.2
42081,4.8,"53,762",84.7
42083,5.3,"53,266",83.9
42085,4.9,"54,099",85.3
42087,4.7,"50,571",79.7
42089,5.4,"63,012",99.3
42091,3.5,"92,340",145.5
42093,3.6,"65,534",103.3
42095,4.5,"73,780",116.3
42097,5.6,"47,967",75.6
42099,3.7,"65,401",103.1
42101,5.5,"47,598",75
42103,5.6,"66,595",104.9
42105,5.9,"49,054",77.3
42107,5.4,"55,951",88.2
42109,5.4,"56,873",89.6
42111,5.3,"49,082",77.3
42113,5.2,"51,718",81.5
42115,4.3,"60,235",94.9
42117,5.3,"51,324",80.9
42119,4,"61,306",96.6
42121,4.9,"53,619",84.5
42123,4.5,"52,592",82.9
42125,4.5,"65,558",103.3
42127,4.7,"56,265",88.7
42129,4.5,"59,407",93.6
42131,4.9,"60,419",95.2
42133,3.8,"69,101",108.9
44000,3.6,"70,383",100
44001,3,"87,926",124.9
44003,3.2,"74,230",105.5
44005,3.1,"80,862",114.9
44007,3.9,"62,165",88.3
44009,3.1,"86,450",122.8
45000,2.8,"56,360",100
45001,3.4,"46,499",82.5
45003,2.9,"56,824",100.8
45005,5.3,"32,147",57
45007,2.7,"54,496",96.7
45009,5.6,"35,364",62.7
45011,4.3,"36,675",65.1
45013,2.6,"73,890",131.1
45015,2.5,"68,690",121.9
45017,3.6,"47,090",83.6
45019,2.3,"70,980",125.9
45021,3.1,"46,905",83.2
45023,4.1,"45,400",80.6
45025,2.9,"42,441",75.3
45027,3.9,"39,900",70.8
45029,3.2,"40,808",72.4
45031,3.4,"44,007",78.1
45033,4.1,"35,483",63
45035,2.5,"68,051",120.7
45037,2.8,"52,591",93.3
45039,4.4,"42,496",75.4
45041,2.9,"49,770",88.3
45043,3.8,"53,747",95.4
45045,2.4,"64,399",114.3
45047,3.1,"43,958",78
45049,2.7,"37,560",66.6
45051,3.6,"53,648",95.2
45053,2.5,"50,790",90.1
45055,3,"56,318",99.9
45057,3.3,"63,842",113.3
45059,3,"47,038",83.5
45061,4,"37,710",66.9
45063,2.3,"62,059",110.1
45065,3.1,"48,645",86.3
45067,4.3,"35,138",62.3
45069,4.8,"34,532",61.3
45071,2.7,"50,773",90.1
45073,2.8,"52,240",92.7
45075,4.8,"38,736",68.7
45077,2.8,"52,949",93.9
45079,2.8,"52,905",93.9
45081,2.7,"49,493",87.8
45083,2.6,"55,588",98.6
45085,3.4,"49,611",88
45087,3.5,"42,851",76
45089,4.6,"34,409",61.1
45091,2.8,"68,468",121.5
46000,3.3,"60,414",100
46003,2.8,"56,360",93.3
46005,3.2,"51,844",85.8
46007,5.4,"36,345",60.2
46009,3.2,"52,660",87.2
46011,3.3,"59,036",97.7
46013,3.1,"61,447",101.7
46015,3.1,"65,008",107.6
46017,6.6,"26,671",44.1
46019,3.4,"50,105",82.9
46021,3.6,"56,043",92.8
46023,3.7,"51,340",85
46025,4,"54,158",89.6
46027,3.3,"51,039",84.5
46029,3.2,"63,442",105
46031,5.8,"32,848",54.4
46033,4.4,"63,665",105.4
46035,2.9,"57,367",95
46037,4.6,"51,516",85.3
46039,4.8,"65,217",108
46041,8.3,"47,640",78.9
46043,2.8,"56,030",92.7
46045,3,"59,905",99.2
46047,4.3,"49,965",82.7
46049,3.3,"49,198",81.4
46051,3.4,"60,057",99.4
46053,3.5,"42,868",71
46055,2.9,"50,747",84
46057,3.3,"60,864",100.7
46059,2.8,"56,239",93.1
46061,4.7,"78,478",129.9
46063,2.8,"55,482",91.8
46065,2.7,"66,952",110.8
46067,3.1,"59,336",98.2
46069,3.5,"63,454",105
46071,5.7,"37,879",62.7
46073,2.8,"52,162",86.3
46075,3.1,"52,650",87.1
46077,3,"61,992",102.6
46079,3.6,"63,946",105.8
46081,3.2,"53,902",89.2
46083,2.6,"86,235",142.7
46085,4.8,"47,813",79.1
46087,2.9,"62,535",103.5
46089,4.3,"43,243",71.6
46091,3.8,"59,103",97.8
46093,3.6,"59,981",99.3
46095,5.7,"36,489",60.4
46097,3.1,"52,230",86.5
46099,2.9,"63,162",104.5
46101,3.6,"61,029",101
46102,9.7,"34,078",56.4
46103,3.4,"58,919",97.5
46105,3.1,"49,999",82.8
46107,3.2,"58,012",96
46109,4.3,"49,088",81.3
46111,3.1,"56,507",93.5
46115,3.4,"54,666",90.5
46117,3,"70,472",116.6
46119,2.9,"61,791",102.3
46121,6.5,"34,015",56.3
46123,2.9,"50,503",83.6
46125,3,"63,852",105.7
46127,3.4,"83,910",138.9
46129,5.5,"51,472",85.2
46135,2.9,"60,868",100.8
46137,5.6,"33,508",55.5
47000,3.4,"56,047",100
47001,3.6,"50,973",90.9
47003,3.7,"50,539",90.2
47005,4.5,"42,322",75.5
47007,5.4,"42,730",76.2
47009,3.2,"59,368",105.9
47011,3.5,"52,534",93.7
47013,4.6,"42,500",75.8
47015,3.1,"52,960",94.5
47017,4.8,"43,258",77.2
47019,4.1,"39,964",71.3
47021,2.6,"62,786",112
47023,3.4,"50,769",90.6
47025,4.2,"40,116",71.6
47027,6,"36,694",65.5
47029,4.5,"40,528",72.3
47031,3.3,"54,931",98
47033,3.5,"45,642",81.4
47035,4.5,"49,142",87.7
47037,2.5,"63,846",113.9
47039,5.3,"45,215",80.7
47041,4.3,"46,407",82.8
47043,3,"59,126",105.5
47045,4.9,"48,770",87
47047,3.6,"67,345",120.2
47049,4.2,"38,608",68.9
47051,3.3,"54,319",96.9
47053,4.2,"46,384",82.8
47055,3.9,"50,847",90.7
47057,4,"44,929",80.2
47059,4.7,"44,975",80.2
47061,4.1,"38,447",68.6
47063,3.9,"46,842",83.6
47065,3.2,"57,802",103.1
47067,5.9,"31,938",57
47069,5,"40,989",73.1
47071,4.3,"44,510",79.4
47073,4.1,"46,602",83.1
47075,4.9,"38,950",69.5
47077,4.3,"46,826",83.5
47079,4.1,"43,159",77
47081,3.1,"46,176",82.4
47083,4.6,"40,915",73
47085,3.8,"52,121",93
47087,4.6,"41,749",74.5
47089,3.7,"50,332",89.8
47091,3.5,"40,219",71.8
47093,2.9,"60,316",107.6
47095,5.7,"34,059",60.8
47097,5.4,"43,545",77.7
47099,4.1,"43,448",77.5
47101,4,"45,874",81.8
47103,3.6,"54,558",97.3
47105,3.4,"65,226",116.4
47107,3.8,"49,836",88.9
47109,5.2,"45,469",81.1
47111,3.1,"44,334",79.1
47113,3.6,"50,401",89.9
47115,4.3,"47,675",85.1
47117,3.5,"58,151",103.8
47119,3.2,"66,434",118.5
47121,4.6,"48,334",86.2
47123,3.7,"50,506",90.1
47125,3.8,"57,606",102.8
47127,2.9,"61,804",110.3
47129,4.1,"43,952",78.4
47131,4.9,"44,061",78.6
47133,3.8,"43,636",77.9
47135,5,"42,939",76.6
47137,4.7,"41,860",74.7
47139,4,"45,922",81.9
47141,3.5,"49,083",87.6
47143,5.7,"47,599",84.9
47145,4,"50,561",90.2
47147,2.9,"65,790",117.4
47149,2.6,"69,614",124.2
47151,4.4,"38,750",69.1
47153,4.2,"46,876",83.6
47155,3.3,"54,476",97.2
47157,4,"52,659",94
47159,3,"54,570",97.4
47161,4.5,"52,177",93.1
47163,3.7,"51,303",91.5
47165,2.7,"69,391",123.8
47167,3.9,"61,436",109.6
47169,3.1,"51,982",92.7
47171,5,"44,548",79.5
47173,4,"48,106",85.8
47175,4.5,"44,451",79.3
47177,4.1,"46,144",82.3
47179,3.5,"51,879",92.6
47181,4.7,"45,091",80.5
47183,4,"42,506",75.8
47185,3.7,"43,583",77.8
47187,2.4,"119,637",213.5
47189,2.7,"80,080",142.9
48000,3.5,"64,044",100
48001,2.9,"48,461",75.7
48003,2.2,"74,918",117
48005,4,"51,750",80.8
48007,4.3,"53,085",82.9
48009,2.8,"63,731",99.5
48011,2.7,"64,424",100.6
48013,3.6,"57,309",89.5
48015,3.4,"68,311",106.7
48017,3.7,"46,174",72.1
48019,3.3,"59,604",93.1
48021,3,"62,627",97.8
48023,2.3,"41,539",64.9
48025,4.4,"44,171",69
48027,3.8,"54,831",85.6
48029,3.1,"58,956",92.1
48031,2.4,"68,404",106.8
48033,2.5,"71,926",112.3
48035,3.4,"55,179",86.2
48037,4.4,"51,207",80
48039,4.2,"83,704",130.7
48041,2.7,"54,471",85.1
48043,2.9,"48,581",75.9
48045,3.5,"44,259",69.1
48047,5.1,"31,410",49
48049,3.7,"56,040",87.5
48051,3.1,"61,745",96.4
48053,2.7,"62,827",98.1
48055,3.3,"55,301",86.3
48057,3.2,"55,909",87.3
48059,3.1,"50,812",79.3
48061,5.5,"40,893",63.9
48063,4.2,"47,091",73.5
48065,2.6,"69,760",108.9
48067,4.3,"44,529",69.5
48069,2.8,"51,736",80.8
48071,4.5,"93,351",145.8
48073,3.8,"46,576",72.7
48075,2.7,"44,095",68.9
48077,3.1,"59,983",93.7
48079,3.4,"43,742",68.3
48081,3.2,"48,435",75.6
48083,4.1,"44,834",70
48085,3.1,"96,847",151.2
48087,3.2,"40,314",62.9
48089,3.1,"55,607",86.8
48091,3,"87,976",137.4
48093,3.2,"54,122",84.5
48095,3.2,"43,321",67.6
48097,2.8,"61,186",95.5
48099,3.9,"53,083",82.9
48101,4.2,"40,449",63.2
48103,4,"68,626",107.2
48105,2.9,"54,165",84.6
48107,3.9,"38,871",60.7
48109,4,"44,462",69.4
48111,1.9,"55,793",87.1
48113,3.5,"61,807",96.5
48115,3.9,"48,165",75.2
48117,2.8,"46,178",72.1
48119,3.4,"51,348",80.2
48121,3,"90,910",141.9
48123,2.6,"52,544",82
48125,4.4,"41,973",65.5
48127,2.5,"40,315",62.9
48129,3.5,"41,093",64.2
48131,4.5,"37,100",57.9
48133,3.3,"46,991",73.4
48135,2.6,"65,564",102.4
48137,2.3,"40,424",63.1
48139,3.1,"78,341",122.3
48141,3.8,"48,629",75.9
48143,3.2,"53,044",82.8
48145,3.3,"41,484",64.8
48147,2.7,"56,123",87.6
48149,2.6,"62,195",97.1
48151,2.9,"51,053",79.7
48153,4.3,"45,022",70.3
48155,3.1,"38,615",60.3
48157,3.5,"101,361",158.3
48159,3.6,"50,630",79.1
48161,4.8,"52,511",82
48163,2.6,"40,360",63
48165,2.4,"67,171",104.9
48167,4,"73,214",114.3
48169,2.7,"48,975",76.5
48171,2.4,"62,143",97
48173,2.1,"93,759",146.4
48175,3.4,"56,758",88.6
48177,2.7,"48,425",75.6
48179,3.6,"52,543",82
48181,3.1,"57,439",89.7
48183,3.7,"53,137",83
48185,3.9,"51,651",80.6
48187,2.9,"78,801",123
48189,4.5,"49,187",76.8
48191,4.1,"35,940",56.1
48193,3,"52,505",82
48195,2.3,"58,703",91.7
48197,3,"40,057",62.5
48199,4.6,"62,616",97.8
48201,3.8,"61,638",96.2
48203,4,"55,171",86.1
48205,1.6,"72,796",113.7
48207,3.3,"38,613",60.3
48209,2.8,"72,890",113.8
48211,2.7,"71,299",111.3
48213,3.5,"49,896",77.9
48215,6.2,"41,656",65
48217,3.3,"53,210",83.1
48219,3,"51,149",79.9
48221,3.4,"74,534",116.4
48223,3.1,"50,332",78.6
48225,3.1,"43,601",68.1
48227,3.1,"61,112",95.4
48229,4.4,"39,309",61.4
48231,3.5,"57,513",89.8
48233,4.4,"57,936",90.5
48235,2.4,"68,630",107.2
48237,3.1,"55,358",86.4
48239,3,"55,800",87.1
48241,6.1,"47,252",73.8
48243,2.9,"53,362",83.3
48245,5.8,"55,173",86.1
48247,4.8,"38,788",60.6
48249,4.7,"44,444",69.4
48251,3.2,"66,538",103.9
48253,4.3,"51,094",79.8
48255,2.5,"54,843",85.6
48257,3.3,"75,009",117.1
48259,2.7,"94,899",148.2
48261,3.6,"46,132",72
48263,2.3,"52,591",82.1
48265,3,"57,789",90.2
48267,3.1,"44,757",69.9
48269,2.1,"71,256",111.3
48271,3.6,"47,076",73.5
48273,4.4,"47,169",73.7
48275,3.3,"40,808",63.7
48277,3.4,"47,061",73.5
48279,3.8,"42,719",66.7
48281,3.3,"58,817",91.8
48283,2.4,"41,683",65.1
48285,3,"52,632",82.2
48287,2.6,"59,250",92.5
48289,4.4,"50,522",78.9
48291,5,"53,274",83.2
48293,3.9,"43,644",68.1
48295,2.6,"65,388",102.1
48297,3.1,"54,163",84.6
48299,3.4,"55,617",86.8
48301,0.7,"88,487",138.2
48303,2.8,"54,733",85.5
48305,3,"45,737",71.4
48307,5.2,"43,262",67.6
48309,3.3,"51,078",79.8
48311,1.6,"68,349",106.7
48313,4.3,"46,274",72.3
48315,4.3,"37,876",59.1
48317,2.6,"68,745",107.3
48319,3.2,"54,914",85.7
48321,5.7,"49,276",76.9
48323,7.5,"40,017",62.5
48325,3.1,"60,695",94.8
48327,3.5,"38,425",60
48329,2.1,"85,811",134
48331,5,"48,989",76.5
48333,3.3,"46,876",73.2
48335,3.5,"44,457",69.4
48337,2.8,"53,649",83.8
48339,3.4,"88,833",138.7
48341,2.3,"55,099",86
48343,5.3,"43,304",67.6
48345,3.5,"40,217",62.8
48347,3.7,"46,207",72.1
48349,3.2,"48,649",76
48351,6.3,"45,890",71.7
48353,2.9,"46,389",72.4
48355,4.1,"56,079",87.6
48357,2.7,"62,567",97.7
48359,2.8,"59,404",92.8
48361,5.2,"62,976",98.3
48363,3.1,"50,159",78.3
48365,4,"56,882",88.8
48367,2.9,"82,501",128.8
48369,2.2,"50,607",79
48371,3.3,"52,763",82.4
48373,4.7,"50,416",78.7
48375,2.7,"41,138",64.2
48377,6.5,"33,499",52.3
48379,3,"65,657",102.5
48381,2.4,"70,694",110.4
48383,2.5,"67,384",105.2
48385,4,"40,834",63.8
48387,4.6,"41,325",64.5
48389,1.7,"48,990",76.5
48391,3.7,"46,883",73.2
48393,3.1,"70,705",110.4
48395,3.6,"47,016",73.4
48397,3.1,"105,763",165.1
48399,2.8,"48,650",76
48401,3.6,"56,036",87.5
48403,6.6,"43,778",68.4
48405,4.8,"40,094",62.6
48407,4.6,"42,633",66.6
48409,5.4,"57,302",89.5
48411,2.9,"46,061",71.9
48413,2.9,"53,286",83.2
48415,3.2,"56,299",87.9
48417,2.2,"65,095",101.6
48419,3.9,"39,708",62
48421,2.3,"55,473",86.6
48423,3.3,"59,538",93
48425,3.6,"67,897",106
48427,9.8,"32,516",50.8
48429,3.1,"46,658",72.9
48431,3.1,"66,790",104.3
48433,2.9,"48,267",75.4
48435,3.7,"63,427",99
48437,3.7,"44,388",69.3
48439,3.3,"70,130",109.5
48441,2.9,"54,465",85
48443,3.4,"45,677",71.3
48445,3.7,"42,953",67.1
48447,3.8,"42,746",66.7
48449,4.2,"49,924",78
48451,3,"54,774",85.5
48453,2.6,"80,690",126
48455,4.8,"43,788",68.4
48457,5.8,"48,254",75.3
48459,3.7,"53,078",82.9
48461,2.9,"58,908",92
48463,3.8,"44,690",69.8
48465,3.4,"45,034",70.3
48467,3.3,"55,554",86.7
48469,3.4,"57,344",89.5
48471,3.9,"47,519",74.2
48473,3.7,"61,822",96.5
48475,2.3,"61,396",95.9
48477,3.3,"59,039",92.2
48479,3.7,"52,576",82.1
48481,3.4,"49,901",77.9
48483,3,"58,544",91.4
48485,3.2,"51,535",80.5
48487,3.6,"42,570",66.5
48489,8.2,"35,821",55.9
48491,2.8,"92,661",144.7
48493,2.8,"76,905",120.1
48495,2.8,"64,894",101.3
48497,3.2,"70,468",110
48499,3.9,"56,945",88.9
48501,2.9,"62,636",97.8
48503,3,"52,643",82.2
48505,5.1,"36,069",56.3
48507,8.5,"32,538",50.8
49000,2.6,"75,705",100
49001,3,"58,309",77
49003,2.6,"69,380",91.6
49005,2.2,"63,180",83.5
49007,3.7,"52,110",68.8
49009,3.8,"63,433",83.8
49011,2.4,"87,610",115.7
49013,3.9,"59,437",78.5
49015,4,"61,893",81.8
49017,6.2,"54,625",72.2
49019,3.9,"53,535",70.7
49021,2.9,"58,307",77
49023,2.5,"66,056",87.3
49025,2.9,"55,887",73.8
49027,2.8,"59,069",78
49029,2.4,"101,943",134.7
49031,4.8,"42,196",55.7
49033,3.1,"64,583",85.3
49035,2.5,"79,941",105.6
49037,5.1,"49,438",65.3
49039,3.2,"54,648",72.2
49041,3.1,"58,983",77.9
49043,2.4,"112,482",148.6
49045,2.9,"80,196",105.9
49047,4.2,"62,541",82.6
49049,2.4,"79,505",105
49051,2.7,"92,136",121.7
49053,3,"64,388",85.1
49055,5.5,"50,555",66.8
49057,3,"71,835",94.9
50000,2.4,"63,293",100
50001,2.3,"73,574",116.2
50003,2.9,"56,948",90
50005,3,"50,942",80.5
50007,1.8,"76,483",120.8
50009,3.2,"45,796",72.4
50011,2.3,"65,056",102.8
50013,2.9,"68,364",108
50015,3.1,"60,555",95.7
50017,2.4,"59,758",94.4
50019,4.2,"48,826",77.1
50021,2.8,"51,903",82
50023,2.3,"65,879",104.1
50025,2.6,"52,068",82.3
50027,2.1,"61,843",97.7
51000,2.8,"76,471",100
51001,3.5,"47,335",61.9
51003,2.5,"86,332",112.9
51005,3.4,"53,341",69.8
51007,3.2,"60,096",78.6
51009,3.2,"56,218",73.5
51011,3.5,"54,609",71.4
51013,1.9,"118,986",155.6
51015,2.4,"63,621",83.2
51017,2.5,"54,385",71.1
51019,2.9,"66,591",87.1
51021,2.8,"49,023",64.1
51023,2.5,"74,178",97
51025,4.7,"43,835",57.3
51027,5.6,"36,881",48.2
51029,4.2,"47,202",61.7
51031,3.1,"48,984",64.1
51033,3.2,"64,647",84.5
51035,3.6,"45,698",59.8
51036,3.4,"56,465",73.8
51037,3.5,"43,001",56.2
51041,2.7,"81,641",106.8
51043,2.5,"85,567",111.9
51045,3.2,"53,319",69.7
51047,2.6,"79,739",104.3
51049,3,"52,005",68
51051,4.9,"37,161",48.6
51053,3.3,"58,474",76.5
51057,3.5,"53,538",70
51059,2.3,"127,898",167.3
51061,2.4,"103,827",135.8
51063,2.6,"52,277",68.4
51065,2.3,"75,089",98.2
51067,2.9,"61,878",80.9
51069,2.4,"83,672",109.4
51071,3.3,"53,111",69.5
51073,2.6,"71,715",93.8
51075,2.8,"100,444",131.3
51077,2.9,"41,312",54
51079,2.3,"73,345",95.9
51081,3.4,"47,315",61.9
51083,3.9,"42,619",55.7
51085,2.4,"90,824",118.8
51087,2.8,"68,975",90.2
51089,3.3,"41,908",54.8
51091,2.7,"45,917",60
51093,2.8,"78,749",103
51095,2.7,"92,773",121.3
51097,2.8,"54,185",70.9
51099,2.6,"85,657",112
51101,2.7,"73,035",95.5
51103,4.3,"55,072",72
51105,4.1,"35,878",46.9
51107,2.3,"151,806",198.5
51109,2.7,"64,135",83.9
51111,3.2,"44,860",58.7
51113,2.2,"66,397",86.8
51115,2.9,"69,112",90.4
51117,4,"43,128",56.4
51119,2.6,"58,834",76.9
51121,2.8,"58,740",76.8
51125,2.8,"55,804",73
51127,2.4,"102,619",134.2
51131,4.4,"45,235",59.2
51133,4.3,"60,385",79
51135,2.8,"45,913",60
51137,3,"71,691",93.7
51139,3.8,"52,877",69.1
51141,3.5,"43,568",57
51143,3.4,"51,682",67.6
51145,2.5,"94,293",123.3
51147,3.8,"44,586",58.3
51149,3.4,"74,518",97.4
51153,2.5,"106,208",138.9
51155,3.4,"54,086",70.7
51157,2.5,"79,086",103.4
51159,3,"49,758",65.1
51161,2.5,"71,742",93.8
51163,2.7,"58,501",76.5
51165,2.4,"67,242",87.9
51167,4.2,"40,345",52.8
51169,3.1,"41,288",54
51171,2.5,"59,087",77.3
51173,3.7,"41,964",54.9
51175,2.7,"62,327",81.5
51177,2.9,"90,262",118
51179,2.8,"109,090",142.7
51181,3.4,"59,069",77.2
51183,4.5,"45,134",59
51185,4.4,"43,619",57
51187,2.8,"69,878",91.4
51191,3.3,"52,387",68.5
51193,3.5,"54,885",71.8
51195,4.6,"42,372",55.4
51197,3.6,"48,543",63.5
51199,2.7,"91,535",119.7
51510,2.1,"102,589",134.2
51520,3.8,"37,678",49.3
51530,2.7,"44,752",58.5
51540,2.4,"58,717",76.8
51550,2.9,"77,361",101.2
51570,3.2,"57,688",75.4
51580,4.2,"41,842",54.7
51590,5,"36,073",47.2
51595,5,"38,631",50.5
51600,2.1,"106,430",139.2
51610,2,"137,849",180.3
51620,4,"45,433",59.4
51630,3.4,"62,121",81.2
51640,3.3,"37,229",48.7
51650,3.8,"55,816",73
51660,3.2,"48,189",63
51670,4.3,"38,293",50.1
51678,4.7,"54,204",70.9
51680,3.7,"50,612",66.2
51683,2.5,"84,405",110.4
51685,2.5,"83,145",108.7
51690,4.1,"37,814",49.4
51700,3.5,"53,022",69.3
51710,3.5,"52,437",68.6
51720,3.7,"38,062",49.8
51730,5.6,"40,240",52.6
51735,2.4,"98,217",128.4
51740,3.9,"50,411",65.9
51750,3.6,"41,530",54.3
51760,3.3,"50,949",66.6
51770,3,"45,534",59.5
51775,2.8,"54,888",71.8
51790,2.7,"54,296",71
51800,3,"77,847",101.8
51810,2.7,"78,491",102.6
51820,2.9,"44,619",58.3
51830,3.9,"56,569",74
51840,2.8,"60,254",78.8
53000,4.3,"78,674",100
53001,5.7,"53,535",68
53003,4.1,"54,776",69.6
53005,5.2,"72,847",92.6
53007,4.9,"59,838",76.1
53009,6.6,"57,571",73.2
53011,4.7,"80,407",102.2
53013,5.5,"56,338",71.6
53015,6,"57,316",72.9
53017,5.6,"63,086",80.2
53019,11.3,"47,463",60.3
53021,6.4,"63,575",80.8
53023,5.4,"54,555",69.3
53025,6.9,"57,152",72.6
53027,7.1,"59,346",75.4
53029,5,"72,173",91.7
53031,5.6,"60,556",77
53033,2.8,"102,338",130.1
53035,4.6,"79,268",100.8
53037,5.5,"59,172",75.2
53039,5.8,"60,567",77
53041,6.2,"58,525",74.4
53043,5,"60,849",77.3
53045,6.3,"63,689",81
53047,6.8,"44,777",56.9
53049,6.9,"50,521",64.2
53051,7.9,"51,950",66
53053,5.1,"78,779",100.1
53055,3.7,"69,113",87.8
53057,5.4,"67,551",85.9
53059,5.5,"69,163",87.9
53061,3,"89,119",113.3
53063,5.2,"59,976",76.2
53065,7,"55,000",69.9
53067,4.8,"77,890",99
53069,6.7,"61,123",77.7
53071,4.9,"60,202",76.5
53073,5,"68,656",87.3
53075,4.3,"45,906",58.3
53077,7,"55,674",70.8
54000,4.9,"48,659",100
54001,6,"39,710",81.6
54003,3.5,"63,012",129.5
54005,5.5,"43,697",89.8
54007,7.4,"39,651",81.5
54009,5.2,"50,900",104.6
54011,4.2,"42,125",86.6
54013,13,"37,307",76.7
54015,8.5,"41,923",86.2
54017,4.4,"50,642",104.1
54019,5.7,"41,430",85.1
54021,6.8,"40,373",83
54023,5.5,"47,400",97.4
54025,4.6,"43,564",89.5
54027,3.8,"54,811",112.6
54029,5.2,"51,017",104.8
54031,5.1,"46,658",95.9
54033,4.4,"53,909",110.8
54035,5,"50,808",104.4
54037,3.1,"75,225",154.6
54039,4.6,"48,334",99.3
54041,6.2,"46,895",96.4
54043,6.3,"43,198",88.8
54045,6,"38,533",79.2
54047,9.2,"29,106",59.8
54049,5.1,"51,300",105.4
54051,6.3,"53,145",109.2
54053,6,"47,753",98.1
54055,5.7,"41,794",85.9
54057,5.7,"49,704",102.1
54059,6.8,"34,698",71.3
54061,3.6,"55,652",114.4
54063,4.4,"44,655",91.8
54065,3.9,"50,660",104.1
54067,6.3,"40,023",82.3
54069,4.5,"50,390",103.6
54071,3.8,"43,451",89.3
54073,6.8,"54,972",113
54075,5.7,"39,454",81.1
54077,4.6,"50,821",104.4
54079,4.3,"66,991",137.7
54081,4.7,"45,386",93.3
54083,6,"46,285",95.1
54085,5.7,"46,131",94.8
54087,9.5,"41,671",85.6
54089,5.5,"37,000",76
54091,4.8,"48,294",99.2
54093,5.2,"47,222",97
54095,7.8,"48,345",99.4
54097,6,"45,074",92.6
54099,5.4,"42,095",86.5
54101,6.3,"34,385",70.7
54103,7.2,"46,824",96.2
54105,7.9,"48,627",99.9
54107,5.1,"49,209",101.1
54109,6.9,"42,761",87.9
55000,3.3,"64,177",100
55001,5.2,"53,156",82.8
55003,4.8,"47,202",73.5
55005,4,"54,372",84.7
55007,5.6,"58,065",90.5
55009,3.1,"65,494",102.1
55011,4.2,"58,407",91
55013,5.3,"51,519",80.3
55015,2.8,"80,354",125.2
55017,3.8,"60,713",94.6
55019,3.3,"54,296",84.6
55021,3.1,"69,219",107.9
55023,4.3,"51,919",80.9
55025,2.4,"77,828",121.3
55027,3,"61,730",96.2
55029,3.8,"64,217",100.1
55031,4.2,"55,651",86.7
55033,3.5,"61,506",95.8
55035,3.1,"64,972",101.2
55037,4.8,"58,270",90.8
55039,2.9,"65,905",102.7
55041,5.2,"48,964",76.3
55043,3.2,"56,418",87.9
55045,2.9,"64,319",100.2
55047,3.9,"59,458",92.6
55049,2.9,"67,390",105
55051,6.1,"48,813",76.1
55053,3.9,"57,247",89.2
55055,3.1,"71,098",110.8
55057,3.3,"55,787",86.9
55059,4,"66,460",103.6
55061,3.2,"65,879",102.7
55063,2.9,"59,758",93.1
55065,2.7,"59,128",92.1
55067,4.2,"49,597",77.3
55069,3.7,"60,728",94.6
55071,3.4,"61,326",95.6
55073,2.9,"66,092",103
55075,4.6,"54,404",84.8
55077,4,"56,790",88.5
55078,8,"40,300",62.8
55079,4,"53,505",83.4
55081,3,"60,296",94
55083,3.6,"66,401",103.5
55085,4.3,"62,765",97.8
55087,3,"66,994",104.4
55089,2.9,"90,446",140.9
55091,3.8,"62,675",97.7
55093,3.4,"75,368",117.4
55095,4.1,"63,910",99.6
55097,3.3,"58,248",90.8
55099,4.4,"48,761",76
55101,4.1,"61,691",96.1
55103,3.2,"51,295",79.9
55105,3.7,"61,624",96
55107,4.9,"49,860",77.7
55109,3.4,"87,098",135.7
55111,2.9,"63,752",99.3
55113,4.8,"53,908",84
55115,3.2,"58,982",91.9
55117,2.7,"62,108",96.8
55119,3.7,"52,419",81.7
55121,3.6,"61,687",96.1
55123,3.3,"56,272",87.7
55125,4.3,"55,576",86.6
55127,3.3,"64,682",100.8
55129,4.1,"52,735",82.2
55131,2.9,"81,928",127.7
55133,2.9,"91,070",141.9
55135,3.3,"61,773",96.3
55137,4.1,"55,476",86.4
55139,3,"59,643",92.9
55141,3.8,"57,325",89.3
56000,3.6,"66,152",100
56001,3.1,"52,216",78.9
56003,4.2,"53,018",80.1
56005,3.7,"83,997",127
56007,3.3,"61,626",93.2
56009,2.7,"72,481",109.6
56011,3.2,"64,120",96.9
56013,4.4,"57,953",87.6
56015,3.6,"55,540",84
56017,3.5,"52,344",79.1
56019,3.6,"57,224",86.5
56021,3.5,"69,613",105.2
56023,3.3,"71,269",107.7
56025,3.9,"66,104",99.9
56027,2.7,"48,513",73.3
56029,4,"59,494",89.9
56031,3.4,"57,425",86.8
56033,3.5,"64,030",96.8
56035,4.4,"78,055",118
56037,3.9,"80,639",121.9
56039,2.7,"98,837",149.4
56041,3.9,"70,756",107
56043,3.9,"55,122",83.3
56045,2.9,"59,410",89.8
72000,8.3,,
72001,15.3,,
72003,10.1,,
72005,10.2,,
72007,9.1,,
72009,10.5,,
72011,8.5,,
72013,9.5,,
72015,13.5,,
72017,11.3,,
72019,8.7,,
72021,6.3,,
72023,8.7,,
72025,6.8,,
72027,8.6,,
72029,6.6,,
72031,5.9,,
72033,7.2,,
72035,7,,
72037,10.4,,
72039,11,,
72041,6.8,,
72043,12.2,,
72045,8.9,,
72047,9.1,,
72049,3,,
72051,5.7,,
72053,10.7,,
72054,10.9,,
72055,14.8,,
72057,12.1,,
72059,13.8,,
72061,4.1,,
72063,5.7,,
72065,12.2,,
72067,8.6,,
72069,10.1,,
72071,9.1,,
72073,14.1,,
72075,10,,
72077,8.3,,
72079,12.8,,
72081,14.7,,
72083,11.6,,
72085,8.9,,
72087,7.6,,
72089,9.5,,
72091,8,,
72093,13.7,,
72095,15.1,,
72097,10.5,,
72099,10.4,,
72101,9.1,,
72103,8.9,,
72105,8.5,,
72107,10.3,,
72109,15.7,,
72111,14.1,,
72113,9.7,,
72115,11.6,,
72117,13.8,,
72119,7.3,,
72121,13,,
72123,14.5,,
72125,11.2,,
72127,5.5,,
72129,8.8,,
72131,13.6,,
72133,10.9,,
72135,5.7,,
72137,5.8,,
72139,4.8,,
72141,11.3,,
72143,8.1,,
72145,9.6,,
72147,6.9,,
72149,15.9,,
72151,13.1,,
72153,14.6,,