fips,pct_overall_pov_19,med_inc_19
1001,12.1,"58,233"
1003,10.1,"59,871"
1005,27.1,"35,972"
1007,20.3,"47,918"
1009,16.3,"52,902"
1011,30,"31,906"
1013,21.6,"39,944"
1015,17.2,"47,747"
1017,19.6,"42,015"
1019,15.9,"45,982"
1021,16,"49,692"
1023,22.6,"39,808"
1025,18.4,"43,822"
1027,16.6,"40,562"
1029,13.3,"51,276"
1031,15,"57,299"
1033,14.6,"46,683"
1035,22.2,"41,539"
1037,17.1,"42,024"
1039,17.2,"44,836"
1041,16.8,"43,309"
1043,12.2,"50,897"
1045,18.1,"45,120"
1047,26,"34,034"
1049,18.2,"44,277"
1051,11.4,"62,310"
1053,20.5,"42,712"
1055,18.8,"43,047"
1057,17,"44,212"
1059,16.1,"44,874"
1061,16.1,"43,089"
1063,31.7,"28,699"
1065,20.5,"40,745"
1067,17.2,"48,597"
1069,19.4,"50,138"
1071,14.7,"44,322"
1073,16.2,"54,127"
1075,15.3,"42,686"
1077,15.7,"48,188"
1079,17.7,"47,797"
1081,15.5,"54,160"
1083,12,"64,729"
1085,26.6,"33,930"
1087,29.3,"34,281"
1089,11.5,"68,609"
1091,24.8,"38,838"
1093,16.9,"44,675"
1095,15.7,"48,913"
1097,17.7,"49,492"
1099,23.3,"40,005"
1101,15.8,"52,711"
1103,13.7,"54,355"
1105,33.9,"29,572"
1107,24.3,"40,249"
1109,21.8,"41,271"
1111,17.5,"42,922"
1113,18.9,"43,670"
1115,11.2,"65,403"
1117,6.2,"77,801"
1119,36.4,"29,209"
1121,17.4,"47,719"
1123,16,"47,100"
1125,16.2,"52,307"
1127,17.3,"45,991"
1129,18.6,"48,864"
1131,32.5,"30,998"
1133,16.7,"40,827"
2013,14.8,"66,923"
2016,7.6,"84,726"
2020,9.5,"82,512"
2050,23.5,"48,262"
2060,9.8,"87,950"
2068,6.6,"78,434"
2070,18.1,"57,436"
2090,7.2,"74,076"
2100,9.8,"62,548"
2105,15.7,"53,141"
2110,6.3,"85,419"
2122,10.4,"68,625"
2130,9.4,"75,706"
2150,7.1,"79,669"
2158,26.8,"35,369"
2164,17.4,"51,693"
2170,9.6,"75,856"
2180,20.7,"58,464"
2185,11.4,"84,784"
2188,24,"61,660"
2195,6.7,"71,296"
2198,17.6,"50,049"
2220,8.1,"80,660"
2230,4,"74,898"
2240,12,"69,646"
2261,8.6,"74,574"
2275,9.7,"62,496"
2282,14.7,"61,587"
2290,24.4,"42,063"
4001,33.4,"35,386"
4003,16.6,"48,650"
4005,15.9,"58,301"
4007,21.1,"45,980"
4009,20.1,"50,685"
4011,9.3,"68,066"
4012,22.1,"39,407"
4013,12.2,"68,634"
4015,16,"49,712"
4017,25.2,"40,676"
4019,14,"56,150"
4021,12.1,"62,067"
4023,18.8,"47,779"
4025,12,"54,242"
4027,20.4,"47,024"
5001,15.8,"52,539"
5003,18.5,"47,744"
5005,12.7,"41,950"
5007,8.9,"70,775"
5009,15.1,"50,083"
5011,22.9,"39,982"
5013,15.4,"48,415"
5015,14.7,"43,841"
5017,31,"37,014"
5019,20.6,"44,105"
5021,18.7,"40,686"
5023,14.1,"46,214"
5025,13.7,"53,773"
5027,21.2,"42,964"
5029,15.6,"46,924"
5031,16.9,"47,766"
5033,18.3,"44,600"
5035,22.4,"41,976"
5037,17.8,"45,273"
5039,18.8,"41,314"
5041,25.4,"37,005"
5043,18.5,"44,162"
5045,14.4,"58,482"
5047,16.2,"45,670"
5049,17.7,"32,926"
5051,16.9,"45,786"
5053,12.1,"58,566"
5055,15.5,"47,098"
5057,18.5,"40,867"
5059,20.2,"45,860"
5061,16.8,"41,427"
5063,15.9,"47,903"
5065,15.9,"40,233"
5067,22.9,"38,636"
5069,24.4,"40,555"
5071,17.5,"40,396"
5073,25.5,"37,164"
5075,18.4,"39,604"
5077,35.4,"30,421"
5079,27.1,"44,272"
5081,17.8,"43,257"
5083,17.4,"42,249"
5085,10.7,"62,782"
5087,16.4,"48,016"
5089,16.3,"38,760"
5091,14.1,"50,905"
5093,23,"39,990"
5095,25.5,"34,289"
5097,19.9,"39,591"
5099,24.1,"36,528"
5101,18.1,"37,648"
5103,17.3,"46,393"
5105,16.5,"50,560"
5107,33.3,"31,521"
5109,16.9,"44,426"
5111,23.1,"40,536"
5113,20.2,"39,722"
5115,16.9,"47,519"
5117,15,"46,205"
5119,14.6,"52,684"
5121,17.3,"42,875"
5123,32,"34,389"
5125,9.6,"66,944"
5127,19.6,"38,065"
5129,22.4,"34,712"
5131,15.9,"48,945"
5133,17.7,"43,493"
5135,23.3,"37,591"
5137,19.3,"36,930"
5139,18.9,"46,602"
5141,19.9,"38,096"
5143,15.1,"52,158"
5145,15.4,"46,388"
5147,27.1,"36,568"
5149,15.6,"44,469"
6001,8.9,"107,589"
6003,17.2,"58,112"
6005,9.8,"62,640"
6007,16.1,"58,394"
6009,12.1,"68,248"
6011,12,"59,048"
6013,7.9,"106,555"
6015,17.9,"48,979"
6017,8.7,"86,202"
6019,20.5,"56,926"
6021,12.1,"55,682"
6023,19.1,"51,134"
6025,22,"48,102"
6027,11.7,"59,605"
6029,19,"53,245"
6031,16,"57,297"
6033,18.3,"46,897"
6035,16.5,"53,613"
6037,13.4,"72,721"
6039,17.6,"61,105"
6041,6.9,"112,069"
6043,15.1,"52,760"
6045,14,"52,309"
6047,17,"59,733"
6049,20.5,"45,311"
6051,10.1,"66,226"
6053,12.6,"76,509"
6055,7.4,"90,230"
6057,9.4,"69,550"
6059,9.5,"95,761"
6061,6.6,"97,688"
6063,13.2,"59,376"
6065,11.3,"72,905"
6067,12.6,"71,891"
6069,10.4,"84,209"
6071,13.3,"67,398"
6073,10.3,"83,576"
6075,9.5,"121,795"
6077,13.6,"68,458"
6079,11.6,"76,599"
6081,6.1,"135,234"
6083,12,"74,530"
6085,6.1,"132,444"
6087,10.6,"85,770"
6089,13.3,"61,464"
6091,12.7,"55,862"
6093,17.4,"45,954"
6095,9,"85,704"
6097,7.2,"87,084"
6099,13,"62,761"
6101,12.8,"60,910"
6103,16.3,"51,672"
6105,16.5,"43,881"
6107,18.9,"56,776"
6109,11.3,"64,729"
6111,8.2,"91,446"
6113,16.9,"70,951"
6115,15.2,"56,607"
8001,9.3,"75,341"
8003,19.6,"38,213"
8005,7.2,"82,364"
8007,10.8,"57,604"
8009,19.3,"38,945"
8011,34.4,"35,764"
8013,10.7,"88,341"
8014,4.1,"106,892"
8015,11,"60,331"
8017,13.7,"52,337"
8019,7.4,"79,900"
8021,19.9,"40,944"
8023,24.6,"34,731"
8025,40,"38,224"
8027,11.8,"57,381"
8029,15.1,"51,525"
8031,12.1,"75,456"
8033,12.8,"50,232"
8035,2.7,"123,697"
8037,7.9,"89,268"
8039,5.7,"101,733"
8041,8.8,"72,675"
8043,16.1,"52,239"
8045,9.6,"73,788"
8047,6.8,"74,806"
8049,8.1,"71,029"
8051,11.6,"60,408"
8053,8.9,"61,391"
8055,20,"39,955"
8057,12.6,"53,577"
8059,7.2,"89,696"
8061,13.5,"46,901"
8063,13.2,"42,951"
8065,11.4,"56,850"
8067,11.3,"77,829"
8069,10.3,"75,332"
8071,17.6,"43,452"
8073,17,"43,077"
8075,12.9,"58,429"
8077,11.2,"60,249"
8079,9.4,"63,015"
8081,12.2,"63,232"
8083,14.9,"52,641"
8085,13.2,"50,707"
8087,11.9,"57,535"
8089,24.2,"43,723"
8091,6.9,"72,836"
8093,8.6,"77,221"
8095,10.4,"53,432"
8097,6.2,"92,820"
8099,18.2,"47,051"
8101,17.8,"51,075"
8103,10.3,"65,960"
8105,14.4,"48,496"
8107,7.2,"87,691"
8109,25.4,"37,004"
8111,13.7,"50,524"
8113,9.9,"77,209"
8115,14.6,"42,808"
8117,6.4,"86,570"
8119,7.9,"70,599"
8121,11.8,"53,263"
8123,8.4,"78,160"
8125,12.8,"52,841"
9001,9,"96,966"
9003,10.8,"75,336"
9005,7.1,"81,015"
9007,7,"81,721"
9009,12,"69,687"
9011,7.8,"75,226"
9013,7.8,"90,181"
9015,11.5,"63,309"
10001,12.7,"58,804"
10003,10.4,"76,076"
10005,12.1,"64,839"
11001,14.1,"90,395"
12001,18.4,"49,880"
12003,14.9,"60,454"
12005,12.1,"58,376"
12007,21,"47,509"
12009,9.4,"57,582"
12011,12.3,"61,429"
12013,20.3,"41,399"
12015,11.4,"54,756"
12017,15.2,"49,762"
12019,8.3,"75,776"
12021,9.4,"76,415"
12023,15.6,"47,087"
12027,21.8,"41,673"
12029,22.2,"39,793"
12031,13.5,"58,339"
12033,15.5,"52,822"
12035,9.7,"62,831"
12037,19.2,"47,504"
12039,19.7,"42,975"
12041,15,"46,171"
12043,19.3,"45,412"
12045,14,"53,228"
12047,32.5,"39,241"
12049,22.1,"41,430"
12051,19.5,"45,107"
12053,12.4,"50,705"
12055,15.8,"45,723"
12057,13.5,"61,133"
12059,20.1,"38,874"
12061,11.5,"61,173"
12063,19.4,"40,543"
12065,17.6,"47,192"
12067,18,"45,480"
12069,10.9,"57,660"
12071,11.2,"62,364"
12073,20.8,"55,081"
12075,18.2,"41,405"
12077,23,"44,236"
12079,22.7,"37,919"
12081,11.3,"64,151"
12083,14.9,"49,079"
12085,8.9,"70,806"
12086,15.7,"54,991"
12087,9.9,"67,528"
12089,9,"72,818"
12091,10.6,"63,520"
12093,18.4,"45,225"
12095,12.6,"63,133"
12097,13.4,"52,270"
12099,11.4,"66,621"
12101,11.3,"55,745"
12103,11.4,"56,708"
12105,14,"51,817"
12107,22.4,"41,986"
12109,6.4,"90,839"
12111,10.5,"57,292"
12113,9.8,"66,139"
12115,7.8,"66,258"
12117,9.3,"69,954"
12119,8.9,"63,464"
12121,17.1,"49,453"
12123,19.9,"42,987"
12125,19.9,"50,893"
12127,13.1,"53,554"
12129,12,"58,640"
12131,10.8,"62,600"
12133,20.1,"42,518"
13001,20.9,"43,821"
13003,23.2,"38,581"
13005,19.2,"41,807"
13007,24.8,"39,515"
13009,22.9,"44,429"
13011,12.8,"53,481"
13013,9.7,"68,924"
13015,12.5,"60,254"
13017,22.8,"35,931"
13019,20.1,"42,058"
13021,23.2,"43,066"
13023,18.5,"48,115"
13025,16.1,"44,680"
13027,21.9,"39,554"
13029,7.8,"79,296"
13031,21.9,"48,788"
13033,23.6,"42,632"
13035,14.7,"47,410"
13037,35.9,"34,960"
13039,13.8,"58,552"
13043,23.1,"41,665"
13045,14.9,"59,193"
13047,10,"60,753"
13049,25.9,"42,891"
13051,14.8,"57,122"
13053,18.5,"46,106"
13055,17.4,"41,561"
13057,6.5,"88,635"
13059,25.7,"41,036"
13061,28.8,"24,732"
13063,16,"50,737"
13065,22,"42,928"
13067,8.3,"79,622"
13069,20.2,"41,675"
13071,21.9,"41,899"
13073,5.6,"88,285"
13075,21.4,"40,670"
13077,9,"79,232"
13079,15.3,"50,411"
13081,26.7,"40,482"
13083,13.5,"45,986"
13085,8.8,"69,155"
13087,23.4,"40,473"
13089,12.9,"63,606"
13091,20.6,"41,118"
13093,28.2,"37,109"
13095,27.6,"36,894"
13097,10.9,"62,915"
13099,27.3,"40,011"
13101,21.6,"40,408"
13103,9.1,"71,628"
13105,20.6,"40,962"
13107,20.9,"38,529"
13109,24.1,"41,425"
13111,12.1,"47,980"
13113,5.4,"94,563"
13115,16.4,"50,520"
13117,4.5,"113,332"
13119,17.3,"47,691"
13121,13.8,"79,235"
13123,14.6,"57,007"
13125,16.9,"49,350"
13127,15.4,"58,017"
13129,12.3,"53,373"
13131,21.7,"42,603"
13133,15,"60,973"
13135,9.2,"72,225"
13137,15.2,"51,296"
13139,13.5,"66,698"
13141,31.2,"31,715"
13143,14.4,"49,020"
13145,6.5,"74,052"
13147,14.6,"50,647"
13149,16.7,"48,984"
13151,8.1,"72,927"
13153,11,"65,641"
13155,20.5,"42,317"
13157,10.3,"66,645"
13159,12.4,"59,207"
13161,21.2,"40,603"
13163,25.1,"35,379"
13165,29,"32,808"
13167,24.2,"37,771"
13169,12.8,"56,819"
13171,14.8,"57,402"
13173,18.5,"42,667"
13175,23.9,"42,018"
13177,9.3,"72,425"
13179,14.5,"51,410"
13181,17.3,"45,299"
13183,14.2,"52,051"
13185,20.4,"46,450"
13187,14.5,"57,078"
13189,18,"44,473"
13191,18.7,"46,682"
13193,29.4,"34,634"
13195,15.6,"52,326"
13197,21.1,"41,190"
13199,22.2,"43,571"
13201,21.3,"41,769"
13205,30.7,"37,383"
13207,10.6,"70,488"
13209,19.4,"43,657"
13211,11.1,"67,089"
13213,14.5,"50,061"
13215,18.4,"47,035"
13217,11.2,"58,222"
13219,5.6,"100,878"
13221,12.8,"54,346"
13223,6.8,"76,580"
13225,19.8,"49,815"
13227,10.3,"66,183"
13229,16.4,"46,701"
13231,8.7,"74,905"
13233,16.2,"47,896"
13235,20.7,"42,274"
13237,15.1,"62,282"
13239,22.8,"35,522"
13241,13,"46,639"
13243,25.3,"33,505"
13245,21.7,"44,810"
13247,12.1,"60,281"
13249,15.9,"51,129"
13251,24.1,"42,331"
13253,22.6,"38,618"
13255,17.7,"49,237"
13257,15,"45,416"
13259,34.7,"34,566"
13261,26.7,"40,250"
13263,19.6,"41,045"
13265,22.5,"37,046"
13267,26.5,"41,457"
13269,22.9,"28,234"
13271,27.7,"36,264"
13273,28.2,"37,122"
13275,18,"47,978"
13277,21.5,"47,764"
13279,19.2,"41,442"
13281,12.7,"49,023"
13283,31.6,"37,478"
13285,19.2,"47,296"
13287,28,"35,400"
13289,19,"44,079"
13291,11.6,"57,049"
13293,19.1,"40,926"
13295,14.7,"47,548"
13297,10.8,"67,007"
13299,26.3,"37,642"
13301,26.5,"37,313"
13303,21.4,"41,674"
13305,18.4,"47,382"
13307,18.4,"41,547"
13309,34.2,"35,927"
13311,10.9,"54,786"
13313,12.7,"53,115"
13315,29.4,"38,261"
13317,19.6,"39,716"
13319,17,"43,902"
13321,20.3,"43,142"
15001,13.1,"64,929"
15003,7.9,"86,946"
15007,9.3,"73,029"
15009,10.7,"77,375"
16001,9.4,"72,295"
16003,12.7,"50,042"
16005,13.5,"53,306"
16007,11.8,"54,550"
16009,15.4,"49,303"
16011,11.1,"59,959"
16013,7.2,"75,778"
16015,11.6,"64,443"
16017,12.6,"56,729"
16019,9.3,"65,165"
16021,14.8,"50,709"
16023,14.6,"51,742"
16025,9,"56,014"
16027,10.1,"58,670"
16029,10.1,"61,518"
16031,12,"53,284"
16033,14.5,"48,726"
16035,13.5,"49,816"
16037,13,"49,055"
16039,14.1,"47,796"
16041,8.2,"55,421"
16043,12.7,"56,162"
16045,12.7,"53,733"
16047,15.1,"50,205"
16049,13.8,"48,866"
16051,9.2,"63,078"
16053,14.2,"56,320"
16055,10,"62,764"
16057,11.7,"54,999"
16059,13.5,"46,062"
16061,13.2,"45,342"
16063,11.2,"50,608"
16065,27.4,"46,177"
16067,11.3,"56,173"
16069,11.1,"67,645"
16071,11.3,"55,833"
16073,14.9,"48,395"
16075,11,"53,643"
16077,13.1,"50,981"
16079,19.1,"39,239"
16081,7.7,"73,637"
16083,11,"56,141"
16085,8.8,"64,041"
16087,13.4,"45,813"
17001,12.3,"55,942"
17003,24,"37,408"
17005,13,"53,447"
17007,8.9,"72,426"
17009,14.8,"60,254"
17011,11.2,"57,935"
17013,9.7,"63,373"
17015,11.1,"56,468"
17017,13,"51,011"
17019,19.9,"53,485"
17021,12.3,"51,573"
17023,10.8,"58,323"
17025,13.8,"49,377"
17027,7.5,"67,201"
17029,16.8,"50,467"
17031,13,"69,375"
17033,12.6,"50,352"
17035,10.1,"53,991"
17037,13,"64,676"
17039,11,"59,521"
17041,8,"64,283"
17043,6,"96,354"
17045,13.2,"51,333"
17047,11.8,"54,930"
17049,9.2,"58,943"
17051,15.1,"48,913"
17053,10,"55,369"
17055,16.4,"43,695"
17057,13.3,"50,461"
17059,19,"46,515"
17061,13.7,"52,116"
17063,5.6,"83,135"
17065,12.7,"51,031"
17067,12.3,"53,724"
17069,18,"44,573"
17071,11,"55,535"
17073,8.7,"61,680"
17075,11.6,"51,542"
17077,25.4,"37,308"
17079,9.9,"59,980"
17081,14.9,"50,531"
17083,10.4,"63,351"
17085,9.3,"62,522"
17087,12.9,"55,022"
17089,8.2,"84,311"
17091,12.7,"60,763"
17093,4,"105,586"
17095,18.6,"43,404"
17097,7.2,"92,638"
17099,12.2,"59,528"
17101,18.4,"47,114"
17103,12,"57,619"
17105,13,"54,422"
17107,12.8,"53,806"
17109,23.3,"49,048"
17111,5.4,"89,379"
17113,14.3,"69,230"
17115,16.7,"52,259"
17117,13.5,"54,174"
17119,10.9,"66,591"
17121,15,"52,291"
17123,9,"63,628"
17125,12.1,"51,967"
17127,15.9,"54,159"
17129,8.2,"77,306"
17131,8.1,"62,241"
17133,4.2,"90,904"
17135,16,"51,665"
17137,13.8,"55,937"
17139,8.6,"65,472"
17141,9.4,"63,565"
17143,14.8,"57,717"
17145,14.4,"56,880"
17147,6.5,"72,265"
17149,14.4,"54,309"
17151,16.9,"46,478"
17153,22,"38,506"
17155,7.6,"74,367"
17157,12.7,"58,444"
17159,13.1,"49,775"
17161,13.6,"57,772"
17163,13.3,"57,726"
17165,15.7,"48,547"
17167,12.2,"61,768"
17169,11.3,"56,015"
17171,11.2,"61,231"
17173,9.4,"61,376"
17175,11.2,"54,804"
17177,11.5,"51,786"
17179,8.2,"66,206"
17181,17.2,"51,575"
17183,16.8,"46,295"
17185,13.5,"54,249"
17187,11.4,"53,621"
17189,8.1,"64,297"
17191,13.1,"51,829"
17193,14.5,"51,388"
17195,11.4,"50,880"
17197,6.5,"90,249"
17199,13.4,"56,958"
17201,16.1,"59,510"
17203,6.1,"77,117"
18001,12.6,"53,532"
18003,10.5,"56,838"
18005,11.2,"71,181"
18007,8.7,"55,016"
18009,12.8,"46,811"
18011,6.9,"84,137"
18013,10.5,"59,617"
18015,8.7,"58,965"
18017,12.6,"51,777"
18019,9.7,"59,441"
18021,11.3,"54,349"
18023,11.3,"55,336"
18025,16.5,"44,332"
18027,11.3,"56,611"
18029,9.3,"71,351"
18031,9.6,"60,891"
18033,9.5,"59,714"
18035,21.5,"45,912"
18037,5.9,"63,869"
18039,9.6,"55,782"
18041,13.5,"48,499"
18043,10.6,"64,614"
18045,12.5,"55,337"
18047,9.2,"67,315"
18049,9.6,"55,011"
18051,9.3,"61,872"
18053,16,"47,509"
18055,13.5,"51,918"
18057,4.2,"107,710"
18059,5.2,"77,905"
18061,8.2,"64,270"
18063,4.9,"85,827"
18065,12.9,"49,293"
18067,12.2,"54,048"
18069,9.7,"54,565"
18071,10.1,"59,472"
18073,8.8,"65,352"
18075,12.5,"49,447"
18077,11.6,"53,378"
18079,11.6,"55,022"
18081,6,"74,427"
18083,12.7,"48,760"
18085,9,"64,677"
18087,7.5,"70,746"
18089,14.5,"57,280"
18091,13.4,"56,427"
18093,10.5,"56,261"
18095,13.1,"54,145"
18097,15.2,"50,707"
18099,10.9,"53,695"
18101,10.9,"56,735"
18103,13,"53,658"
18105,20.8,"53,113"
18107,12.1,"54,366"
18109,8.9,"63,414"
18111,9.5,"61,457"
18113,7.8,"60,980"
18115,9.6,"58,294"
18117,14.1,"47,931"
18119,12,"53,387"
18121,15.1,"51,554"
18123,12.1,"53,908"
18125,9.4,"52,378"
18127,8.1,"74,064"
18129,8.6,"68,435"
18131,11.2,"52,432"
18133,10.5,"64,098"
18135,13.3,"50,496"
18137,9.1,"61,219"
18139,11,"54,371"
18141,15.3,"53,881"
18143,13.6,"50,571"
18145,10.1,"59,798"
18147,8.7,"59,183"
18149,13.3,"54,001"
18151,8.6,"59,444"
18153,14.4,"53,375"
18155,14.5,"52,482"
18157,16.1,"51,228"
18159,7.8,"69,960"
18161,9.6,"53,866"
18163,14.4,"51,603"
18165,12.2,"50,723"
18167,20.8,"48,082"
18169,10.9,"59,874"
18171,9.4,"64,109"
18173,6.3,"79,644"
18175,12.1,"51,948"
18177,15.2,"47,885"
18179,7.4,"61,636"
18181,10.3,"58,295"
18183,7.7,"67,347"
19001,10.7,"57,977"
19003,12.5,"53,385"
19005,13,"56,240"
19007,19.3,"41,672"
19009,10.9,"53,197"
19011,7.8,"70,023"
19013,13.7,"60,010"
19015,8.7,"63,975"
19017,6.7,"67,229"
19019,9.5,"67,906"
19021,10.2,"57,048"
19023,10.5,"57,080"
19025,11.5,"57,007"
19027,8.2,"61,379"
19029,14.3,"53,692"
19031,7.8,"71,029"
19033,8.5,"54,589"
19035,10.2,"59,901"
19037,8.5,"60,111"
19039,11.7,"57,708"
19041,10.3,"57,174"
19043,11,"53,223"
19045,13.1,"56,865"
19047,12.5,"58,077"
19049,4.3,"97,535"
19051,11.5,"57,150"
19053,18.3,"44,873"
19055,8.6,"70,091"
19057,14.9,"53,547"
19059,7,"66,211"
19061,10.7,"62,481"
19063,11.4,"55,635"
19065,13.2,"53,142"
19067,11.7,"55,369"
19069,11.2,"55,847"
19071,11.6,"60,498"
19073,11.2,"55,562"
19075,5.5,"73,683"
19077,8.8,"64,965"
19079,9.1,"63,234"
19081,9,"62,030"
19083,10.6,"57,103"
19085,8.7,"63,901"
19087,11.7,"57,747"
19089,9.6,"58,028"
19091,10.8,"56,695"
19093,10.5,"58,249"
19095,6.7,"66,861"
19097,12.3,"57,687"
19099,8.4,"67,317"
19101,14.2,"51,741"
19103,16,"67,295"
19105,9.5,"63,399"
19107,11.4,"54,937"
19109,10.3,"59,568"
19111,15,"51,089"
19113,11.1,"64,783"
19115,9.2,"60,544"
19117,14.9,"53,085"
19119,7.4,"66,139"
19121,6.9,"72,578"
19123,10.8,"59,242"
19125,8.2,"66,381"
19127,13,"55,631"
19129,8.8,"72,679"
19131,9.3,"61,247"
19133,12.3,"53,104"
19135,10.7,"56,397"
19137,13.2,"52,715"
19139,10.1,"61,767"
19141,10.1,"60,298"
19143,9.3,"60,702"
19145,14.9,"52,179"
19147,11.1,"55,074"
19149,7.2,"69,165"
19151,10.1,"56,146"
19153,10.1,"67,331"
19155,11,"60,322"
19157,11.6,"57,741"
19159,15.1,"50,890"
19161,9.5,"59,392"
19163,11.8,"65,724"
19165,8.7,"60,498"
19167,7,"71,566"
19169,15.8,"64,151"
19171,13.1,"56,281"
19173,12.5,"51,510"
19175,12.1,"52,914"
19177,12.8,"50,425"
19179,14.2,"50,533"
19181,7.3,"79,557"
19183,9.1,"63,230"
19185,19.1,"49,962"
19187,12.1,"53,344"
19189,10.2,"50,258"
19191,8.6,"65,482"
19193,12.8,"58,419"
19195,9.8,"60,139"
19197,11,"54,251"
20001,17.3,"46,690"
20003,12.7,"51,352"
20005,13.8,"51,860"
20007,13.6,"50,660"
20009,13.4,"50,754"
20011,15.6,"47,452"
20013,15.4,"47,558"
20015,8.5,"66,199"
20017,11.4,"51,022"
20019,16.4,"43,664"
20021,15.4,"47,682"
20023,11.6,"47,323"
20025,12.4,"59,085"
20027,10,"52,781"
20029,13.5,"46,299"
20031,11.2,"62,715"
20033,11.6,"47,854"
20035,13.5,"51,537"
20037,18.5,"42,723"
20039,13.2,"46,878"
20041,9.8,"58,066"
20043,11.4,"52,596"
20045,15.1,"62,559"
20047,11.7,"49,047"
20049,19.4,"41,930"
20051,13.1,"51,237"
20053,9.6,"56,988"
20055,13,"57,412"
20057,13.8,"54,604"
20059,10.4,"55,984"
20061,11.7,"58,978"
20063,9.6,"52,986"
20065,11.8,"48,912"
20067,10.5,"65,178"
20069,7.6,"69,077"
20071,10.9,"58,492"
20073,14.9,"44,876"
20075,13.1,"55,857"
20077,14.2,"47,540"
20079,9.3,"62,961"
20081,9.7,"62,477"
20083,10.4,"58,360"
20085,10.9,"60,615"
20087,7.8,"68,549"
20089,13,"46,017"
20091,5.3,"91,913"
20093,10.4,"67,301"
20095,11.3,"56,907"
20097,12.1,"49,588"
20099,15.8,"44,170"
20101,10.3,"60,315"
20103,8.3,"75,840"
20105,12.1,"47,557"
20107,12,"62,876"
20109,10,"53,538"
20111,15.1,"49,840"
20113,7.2,"65,834"
20115,10.7,"51,771"
20117,9.4,"55,858"
20119,9.7,"64,640"
20121,6.8,"74,428"
20123,11.1,"51,979"
20125,15.7,"44,240"
20127,10.5,"54,775"
20129,11.7,"56,175"
20131,8.8,"63,373"
20133,15.7,"49,533"
20135,10.6,"54,727"
20137,11.6,"49,739"
20139,14.2,"55,655"
20141,13.5,"46,351"
20143,9.9,"58,729"
20145,14,"65,141"
20147,11,"51,546"
20149,7.2,"73,685"
20151,11.2,"53,980"
20153,14.2,"50,768"
20155,13.4,"53,371"
20157,12.2,"47,082"
20159,11.8,"56,350"
20161,20.9,"51,996"
20163,10.5,"49,485"
20165,12.2,"53,189"
20167,14.4,"46,112"
20169,12.3,"56,741"
20171,7.9,"62,914"
20173,12.6,"60,014"
20175,14.2,"55,727"
20177,9.8,"59,451"
20179,11.8,"54,627"
20181,12.5,"54,000"
20183,11.6,"45,915"
20185,13.7,"51,007"
20187,10.6,"63,401"
20189,9.7,"61,264"
20191,11.4,"53,618"
20193,9.1,"58,652"
20195,10.8,"52,597"
20197,6.9,"66,168"
20199,12.1,"54,714"
20201,9.5,"46,263"
20203,11,"54,009"
20205,13.3,"46,243"
20207,14.3,"43,751"
20209,20.6,"47,292"
21001,21.4,"37,650"
21003,16.8,"47,307"
21005,10.2,"61,308"
21007,15.5,"48,053"
21009,20.1,"44,859"
21011,19.4,"42,248"
21013,30.3,"30,940"
21015,7.1,"78,806"
21017,14.1,"47,046"
21019,20.6,"50,017"
21021,15.5,"53,644"
21023,14.1,"53,289"
21025,29.2,"33,407"
21027,18.3,"46,069"
21029,7.8,"66,335"
21031,18,"46,305"
21033,15.8,"44,144"
21035,16.5,"45,574"
21037,10.9,"66,520"
21039,15.5,"49,659"
21041,15.2,"51,672"
21043,20,"43,492"
21045,25.2,"34,751"
21047,18.9,"46,390"
21049,13,"55,428"
21051,32.6,"30,175"
21053,23.4,"34,005"
21055,19.2,"44,595"
21057,23,"34,897"
21059,15.4,"52,620"
21061,16,"47,482"
21063,27.7,"34,262"
21065,22.7,"35,004"
21067,15.4,"58,981"
21069,21.1,"43,943"
21071,27.4,"35,828"
21073,11.5,"58,917"
21075,25.6,"34,376"
21077,13.3,"55,273"
21079,15.7,"51,757"
21081,13.3,"55,210"
21083,17.9,"48,038"
21085,20.3,"43,771"
21087,18.6,"38,896"
21089,15.9,"52,179"
21091,12.2,"60,626"
21093,10.7,"57,711"
21095,31.1,"30,050"
21097,15.3,"51,475"
21099,20.1,"42,718"
21101,16.3,"53,199"
21103,14.7,"51,806"
21105,16.9,"52,331"
21107,18.1,"48,769"
21109,27.8,"34,940"
21111,14.2,"59,025"
21113,11,"62,533"
21115,25.8,"31,202"
21117,11.2,"68,692"
21119,30.5,"32,613"
21121,31.5,"31,634"
21123,15.4,"49,785"
21125,21.4,"44,033"
21127,23.4,"38,055"
21129,34.9,"30,905"
21131,32.3,"32,202"
21133,28.9,"32,435"
21135,23.2,"37,410"
21137,19.7,"43,220"
21139,12.2,"50,521"
21141,15.3,"48,902"
21143,14.5,"52,978"
21145,15.5,"48,219"
21147,34.5,"32,701"
21149,14,"51,184"
21151,17.7,"50,316"
21153,29.4,"32,045"
21155,16.8,"48,062"
21157,11.8,"57,945"
21159,34.4,"34,291"
21161,15.7,"47,861"
21163,11.4,"54,946"
21165,26.1,"37,457"
21167,13.8,"55,267"
21169,22.6,"38,978"
21171,21.7,"36,512"
21173,15.8,"52,903"
21175,26.5,"37,433"
21177,18.8,"45,049"
21179,10.5,"64,795"
21181,17.3,"38,084"
21183,15.6,"47,542"
21185,4.9,"101,152"
21187,15.7,"51,494"
21189,35.5,"28,727"
21191,12.4,"58,962"
21193,24.2,"38,000"
21195,24,"36,875"
21197,21.5,"41,760"
21199,22.5,"43,568"
21201,22,"47,017"
21203,21,"40,790"
21205,23.3,"44,068"
21207,22.6,"44,056"
21209,8.6,"74,719"
21211,9.4,"71,737"
21213,12.5,"52,931"
21215,7.3,"79,863"
21217,16.4,"48,485"
21219,17.1,"47,742"
21221,14.6,"49,955"
21223,11.9,"58,998"
21225,17.3,"49,870"
21227,15.4,"53,238"
21229,14.4,"51,286"
21231,23.8,"34,449"
21233,16.3,"49,079"
21235,22.6,"38,191"
21237,30.1,"32,773"
21239,8.3,"67,815"
22001,20.3,"44,728"
22003,21.6,"47,111"
22005,9.6,"83,072"
22007,18.8,"51,763"
22009,24.4,"38,316"
22011,14.3,"55,343"
22013,24.4,"37,198"
22015,16.4,"54,080"
22017,24.1,"45,613"
22019,18.9,"53,050"
22021,19.5,"44,007"
22023,13.7,"60,317"
22025,26.4,"36,794"
22027,32.5,"36,497"
22029,27.5,"36,276"
22031,18,"47,347"
22033,17.7,"56,303"
22035,38.4,"29,943"
22037,18.7,"50,041"
22039,28.6,"35,146"
22041,25.8,"35,484"
22043,18.6,"49,544"
22045,21.9,"47,731"
22047,18.7,"55,198"
22049,19.2,"43,232"
22051,14.6,"55,909"
22053,19.1,"47,988"
22055,16.6,"60,053"
22057,17.5,"54,145"
22059,16.9,"51,014"
22061,29.5,"41,608"
22063,12,"63,852"
22065,41.1,"32,229"
22067,31,"34,922"
22069,19.6,"49,536"
22071,23.5,"45,092"
22073,23.9,"43,235"
22075,15.1,"60,795"
22077,20,"48,011"
22079,18.3,"49,687"
22081,23.9,"39,806"
22083,25.1,"39,586"
22085,18.4,"45,486"
22087,19.2,"45,806"
22089,11.1,"71,579"
22091,19.6,"43,376"
22093,16.6,"57,250"
22095,16,"54,944"
22097,22.6,"39,599"
22099,18.7,"47,247"
22101,23.8,"40,918"
22103,11.5,"71,526"
22105,21.7,"47,860"
22107,28.9,"31,436"
22109,19,"51,719"
22111,19.4,"44,617"
22113,17,"50,193"
22115,15.3,"51,652"
22117,24.9,"35,505"
22119,29.6,"38,386"
22121,14.4,"65,344"
22123,21,"42,614"
22125,22.1,"65,296"
22127,23.4,"43,166"
23001,10.4,"58,958"
23003,15.5,"40,675"
23005,7.8,"75,254"
23007,12.6,"51,136"
23009,10.6,"58,926"
23011,11.5,"55,358"
23013,10.9,"55,910"
23015,11,"58,619"
23017,13,"50,344"
23019,12.4,"50,702"
23021,16.5,"43,509"
23023,8.6,"65,841"
23025,18.3,"45,333"
23027,13.7,"51,073"
23029,19.6,"39,068"
23031,7.9,"66,803"
24003,5.8,"100,916"
24005,8.9,"76,972"
24009,5.7,"111,056"
24011,12.1,"60,143"
24013,5.1,"101,810"
24015,10.3,"75,307"
24017,6.4,"102,510"
24019,16.4,"48,709"
24021,5.7,"102,951"
24023,12.8,"59,253"
24025,6.7,"91,492"
24027,5,"121,329"
24029,12.4,"65,615"
24031,7.3,"110,012"
24033,8.7,"85,357"
24035,6,"101,350"
24037,7.7,"89,123"
24039,23.6,"38,731"
24041,8.7,"75,714"
24043,12.3,"59,785"
24045,16,"54,351"
24047,9.9,"65,821"
24510,20.4,"49,780"
25001,6.5,"82,686"
25003,11.2,"58,805"
25005,11.3,"69,857"
25007,7.3,"76,036"
25009,8.8,"83,253"
25011,9.3,"60,143"
25013,13.8,"59,918"
25015,11.1,"74,142"
25017,6.9,"106,543"
25019,5.5,"96,030"
25021,5.8,"106,851"
25023,7.4,"90,584"
25025,16.7,"75,843"
25027,9.4,"77,795"
26001,18,"41,491"
26003,12.6,"52,285"
26005,10.8,"66,568"
26007,13.9,"43,676"
26009,9.6,"58,317"
26011,17.2,"44,017"
26013,13.7,"48,371"
26015,7.8,"67,703"
26017,13.4,"50,130"
26019,9.6,"56,934"
26021,15.9,"50,659"
26023,13.2,"52,255"
26025,13.9,"50,205"
26027,14.8,"55,029"
26029,9.7,"58,831"
26031,14.9,"47,876"
26033,18.3,"49,610"
26035,19.6,"42,480"
26037,7.8,"72,666"
26039,14,"49,114"
26041,13.8,"48,880"
26043,9.9,"53,751"
26045,7.5,"65,891"
26047,9.2,"59,456"
26049,16.6,"50,554"
26051,13.5,"46,458"
26053,17.1,"39,030"
26055,7.2,"65,041"
26057,14.3,"51,046"
26059,15.3,"50,015"
26061,14.7,"45,006"
26063,13.7,"49,126"
26065,17.3,"54,704"
26067,11.5,"59,582"
26069,14.2,"43,605"
26071,13.7,"46,814"
26073,22.9,"46,677"
26075,13.7,"56,001"
26077,13.3,"56,739"
26079,13.9,"47,620"
26081,11.2,"66,560"
26083,10.3,"47,318"
26085,20.2,"38,044"
26087,10.1,"66,415"
26089,7.1,"72,888"
26091,11.8,"55,466"
26093,4.4,"87,827"
26095,19.2,"45,464"
26097,14.1,"44,986"
26099,8.6,"65,051"
26101,12.3,"50,047"
26103,11.8,"54,913"
26105,13.9,"49,869"
26107,19.9,"47,705"
26109,13.5,"49,189"
26111,9.7,"69,859"
26113,10.9,"51,317"
26115,10.2,"64,341"
26117,12.4,"52,089"
26119,14.4,"40,126"
26121,13.5,"50,730"
26123,15.7,"51,772"
26125,7.8,"81,257"
26127,14.8,"52,319"
26129,18.2,"41,347"
26131,13.3,"45,531"
26133,14.6,"47,343"
26135,15.4,"44,594"
26137,10,"52,392"
26139,7.8,"69,827"
26141,10.8,"47,339"
26143,15.3,"42,546"
26145,18.6,"48,471"
26147,10.4,"60,208"
26149,12.9,"54,024"
26151,13.6,"49,917"
26153,14.3,"50,256"
26155,10.9,"55,633"
26157,11.6,"52,342"
26159,13,"58,733"
26161,13,"76,728"
26163,19.8,"50,753"
26165,12.4,"53,146"
27001,12.5,"51,936"
27003,6.2,"83,363"
27005,10.2,"61,311"
27007,16.3,"54,638"
27009,8.6,"63,395"
27011,11,"52,692"
27013,15.2,"60,408"
27015,7.4,"62,904"
27017,9.1,"65,749"
27019,4.3,"101,891"
27021,11.4,"54,267"
27023,10.4,"54,984"
27025,6.2,"84,811"
27027,11.9,"64,874"
27029,11.5,"54,896"
27031,8.9,"58,664"
27033,10.8,"53,725"
27035,10.5,"60,384"
27037,6.3,"89,075"
27039,5.6,"86,436"
27041,6.3,"67,592"
27043,12.2,"54,193"
27045,9.4,"62,716"
27047,9.6,"56,716"
27049,7.1,"71,497"
27051,8.8,"55,247"
27053,9.7,"82,323"
27055,7.8,"64,920"
27057,11.2,"56,064"
27059,6.9,"77,963"
27061,11.2,"58,660"
27063,9.8,"57,915"
27065,10.1,"63,595"
27067,9.8,"64,129"
27069,9.2,"62,762"
27071,13,"52,545"
27073,9.5,"56,825"
27075,9,"61,082"
27077,9.2,"56,244"
27079,7.1,"75,519"
27081,10.1,"55,328"
27083,10.6,"63,849"
27085,6.3,"64,380"
27087,21.3,"46,702"
27089,7.5,"59,793"
27091,10.5,"54,602"
27093,7.9,"63,812"
27095,11.4,"59,262"
27097,8.9,"61,847"
27099,11.5,"55,276"
27101,8.5,"61,007"
27103,9.9,"71,067"
27105,11,"57,300"
27107,10.4,"53,961"
27109,6.7,"80,631"
27111,11,"59,901"
27113,9.8,"55,870"
27115,11.6,"55,684"
27117,11.1,"55,405"
27119,10.8,"60,582"
27121,8.9,"59,442"
27123,12.4,"68,652"
27125,9.9,"58,384"
27127,9.7,"60,097"
27129,10,"59,110"
27131,8.2,"72,438"
27133,8.7,"63,451"
27135,6,"62,924"
27137,12.8,"60,228"
27139,4.2,"108,718"
27141,5.5,"95,323"
27143,10.7,"66,757"
27145,11.2,"66,449"
27147,6.3,"68,603"
27149,11.9,"59,045"
27151,9.5,"60,127"
27153,11.8,"51,746"
27155,11.9,"57,602"
27157,8.4,"63,435"
27159,12.5,"50,663"
27161,8.9,"63,907"
27163,4.6,"100,857"
27165,10.1,"57,290"
27167,9.1,"69,890"
27169,11,"64,219"
27171,5.2,"91,374"
27173,9.6,"61,074"
28001,27.9,"34,583"
28003,17.3,"43,496"
28005,20.9,"41,575"
28007,24.1,"36,905"
28009,20.7,"37,875"
28011,36.6,"30,309"
28013,17.2,"38,648"
28015,17.2,"44,885"
28017,22.7,"37,533"
28019,20.9,"41,146"
28021,37.5,"31,221"
28023,23.2,"42,826"
28025,29.7,"33,653"
28027,38.2,"30,242"
28029,22.1,"42,299"
28031,21.3,"42,076"
28033,9.4,"67,450"
28035,23.3,"40,224"
28037,19.6,"41,420"
28039,16.6,"51,858"
28041,21.8,"48,641"
28043,20.3,"40,561"
28045,16.7,"50,401"
28047,17.5,"49,619"
28049,20.1,"44,773"
28051,33.8,"26,348"
28053,37.1,"28,464"
28055,35.8,"30,944"
28057,12.8,"49,214"
28059,15.1,"53,414"
28061,20.5,"40,923"
28063,28.9,"30,871"
28065,24.3,"32,077"
28067,23.8,"41,733"
28069,28,"33,472"
28071,17.5,"54,034"
28073,16,"62,606"
28075,21.5,"41,604"
28077,19.7,"43,668"
28079,23.8,"41,007"
28081,14.6,"50,803"
28083,35.7,"29,687"
28085,19.6,"45,062"
28087,17.2,"49,251"
28089,10.1,"70,824"
28091,23.8,"38,402"
28093,20.3,"43,107"
28095,17.9,"42,464"
28097,23.7,"38,475"
28099,21.7,"41,795"
28101,20.3,"42,962"
28103,29.2,"32,916"
28105,31.1,"41,631"
28107,22.8,"40,655"
28109,18.1,"45,874"
28111,19.9,"43,106"
28113,26.2,"35,044"
28115,15.9,"48,910"
28117,15.7,"43,465"
28119,35,"29,318"
28121,11.1,"67,284"
28123,19.7,"41,532"
28125,33.4,"31,138"
28127,17.8,"47,664"
28129,18.9,"46,296"
28131,18.5,"47,187"
28133,34,"32,948"
28135,37.9,"31,915"
28137,15.1,"50,188"
28139,16.2,"44,696"
28141,17,"43,341"
28143,28.1,"33,993"
28145,13,"49,320"
28147,21.7,"35,465"
28149,20.1,"46,606"
28151,33.7,"31,018"
28153,22.2,"39,036"
28155,17,"46,110"
28157,31.2,"32,612"
28159,25.4,"37,596"
28161,24.4,"40,515"
28163,36.4,"34,817"
29001,19.2,"43,044"
29003,8.9,"62,823"
29005,12.9,"50,516"
29007,16.3,"45,609"
29009,18.6,"47,155"
29011,15,"46,397"
29013,16.9,"48,442"
29015,16.7,"42,144"
29017,14.5,"45,868"
29019,17.2,"58,029"
29021,15.8,"49,216"
29023,22.5,"41,327"
29025,13.6,"52,872"
29027,11.6,"58,720"
29029,13.5,"51,460"
29031,14.6,"57,618"
29033,13.8,"50,628"
29035,19.8,"36,383"
29037,7.9,"73,882"
29039,17.9,"38,427"
29041,12.5,"50,589"
29043,10.4,"63,400"
29045,14.2,"46,001"
29047,9.1,"70,705"
29049,9.9,"64,541"
29051,10.6,"61,847"
29053,11.8,"56,957"
29055,15.6,"48,315"
29057,15.9,"42,421"
29059,17.8,"42,389"
29061,17.6,"48,197"
29063,14.6,"53,997"
29065,19,"45,540"
29067,18.7,"39,773"
29069,26.7,"38,880"
29071,9.3,"61,428"
29073,11.6,"53,751"
29075,11.5,"53,663"
29077,14.4,"45,313"
29079,18.7,"44,323"
29081,15.4,"43,016"
29083,17.3,"46,995"
29085,18.2,"32,934"
29087,11.8,"47,429"
29089,13,"49,923"
29091,20.8,"40,177"
29093,20.8,"39,292"
29095,13.7,"57,907"
29097,18.8,"46,021"
29099,8.4,"68,779"
29101,11.4,"58,396"
29103,16.7,"41,755"
29105,15.8,"43,969"
29107,10.7,"62,264"
29109,16.1,"45,746"
29111,16.6,"40,782"
29113,9.4,"69,178"
29115,18.9,"45,774"
29117,15,"49,065"
29119,18.5,"39,615"
29121,12.5,"45,717"
29123,16.7,"43,919"
29125,14.3,"49,712"
29127,13.9,"50,803"
29129,12.7,"44,343"
29131,15.1,"49,252"
29133,27.7,"36,802"
29135,11,"57,321"
29137,13.4,"48,399"
29139,13.3,"50,282"
29141,17.8,"44,473"
29143,22.5,"42,115"
29145,13.2,"53,251"
29147,17.8,"47,419"
29149,20.6,"35,356"
29151,9.1,"60,728"
29153,22.7,"36,019"
29155,26.9,"34,280"
29157,9.1,"57,032"
29159,12.9,"48,516"
29161,17,"46,573"
29163,17.6,"49,089"
29165,5.3,"84,456"
29167,19.6,"44,837"
29169,14.6,"55,620"
29171,15.7,"42,434"
29173,10,"63,419"
29175,16.5,"48,043"
29177,9.2,"61,678"
29179,21.7,"37,415"
29181,19.7,"35,788"
29183,4.6,"89,236"
29185,19.3,"39,319"
29186,9.7,"61,662"
29187,17,"43,886"
29189,9.3,"70,161"
29195,15.7,"47,324"
29197,20.8,"43,183"
29199,14.4,"46,871"
29201,17.9,"44,924"
29203,22.6,"36,477"
29205,15.8,"45,939"
29207,18.4,"42,363"
29209,15.4,"50,262"
29211,15.6,"43,421"
29213,12.6,"49,314"
29215,21,"38,914"
29217,17.1,"46,182"
29219,10,"63,726"
29221,22.4,"41,198"
29223,20.6,"35,397"
29225,16.2,"54,844"
29227,14.9,"45,023"
29229,19.6,"39,384"
29510,20.4,"46,309"
30001,14.5,"49,771"
30003,26.1,"43,718"
30005,21.3,"44,090"
30007,9,"60,622"
30009,10.1,"57,585"
30011,14.2,"49,057"
30013,14.2,"51,732"
30015,15.4,"48,017"
30017,13,"49,379"
30019,11,"50,001"
30021,11.8,"56,677"
30023,15.9,"41,780"
30025,9.7,"65,651"
30027,13.2,"48,703"
30029,9.4,"61,334"
30031,10.3,"73,731"
30033,16.4,"43,106"
30035,25.7,"41,808"
30037,19.7,"40,469"
30039,12.5,"49,646"
30041,15.7,"51,881"
30043,8,"70,929"
30045,14.5,"49,401"
30047,17.2,"49,019"
30049,9.4,"66,075"
30051,19,"41,240"
30053,17.4,"43,669"
30055,14.5,"48,551"
30057,9.7,"56,579"
30059,15.7,"43,946"
30061,15.6,"43,928"
30063,11.8,"57,279"
30065,16.5,"48,290"
30067,11.8,"51,740"
30069,14.8,"42,081"
30071,14.3,"47,679"
30073,17.5,"48,542"
30075,13.8,"47,843"
30077,16.3,"49,387"
30079,13.1,"46,663"
30081,11.2,"57,209"
30083,8.8,"69,095"
30085,24.3,"38,409"
30087,16.3,"58,139"
30089,16.7,"45,193"
30091,12.3,"51,111"
30093,15.3,"49,249"
30095,9.3,"68,186"
30097,10.3,"55,259"
30099,13.5,"54,458"
30101,15.8,"49,448"
30103,12.2,"51,754"
30105,12.8,"51,869"
30107,18.3,"42,059"
30109,11.3,"51,145"
30111,11.3,"61,435"
31001,10.6,"55,182"
31003,12.2,"50,771"
31005,13.6,"46,417"
31007,11.3,"54,706"
31009,15.9,"45,411"
31011,10,"58,204"
31013,10.3,"61,522"
31015,14.1,"46,548"
31017,11.6,"48,843"
31019,11.6,"64,759"
31021,10.1,"54,554"
31023,8.2,"63,310"
31025,5.3,"72,915"
31027,8.6,"60,400"
31029,9.1,"57,656"
31031,10.7,"50,677"
31033,10.1,"56,229"
31035,10.6,"63,829"
31037,8.2,"62,472"
31039,8.9,"59,505"
31041,11.8,"51,004"
31043,10.6,"61,010"
31045,16.4,"46,377"
31047,11.9,"56,839"
31049,11.2,"48,793"
31051,8.7,"57,324"
31053,9.5,"60,853"
31055,10.2,"67,264"
31057,13.4,"45,446"
31059,8.5,"60,440"
31061,14.3,"49,659"
31063,12.9,"55,712"
31065,12.2,"50,705"
31067,11.2,"56,817"
31069,15,"41,158"
31071,12.1,"52,707"
31073,8.9,"64,870"
31075,9.6,"60,773"
31077,12.5,"48,178"
31079,10.2,"57,371"
31081,6.5,"68,236"
31083,11,"53,362"
31085,15,"46,399"
31087,11.3,"49,451"
31089,11.1,"54,474"
31091,8.2,"50,093"
31093,10.1,"56,881"
31095,9.5,"56,740"
31097,11.2,"54,567"
31099,7.7,"64,461"
31101,11.1,"51,478"
31103,18.9,"46,010"
31105,12.2,"52,284"
31107,12.2,"53,676"
31109,10.7,"61,383"
31111,10.8,"60,924"
31113,8.9,"53,108"
31115,15.2,"51,559"
31117,12.6,"52,033"
31119,10.2,"58,275"
31121,11,"53,411"
31123,13.2,"49,982"
31125,10.3,"55,853"
31127,11.8,"55,343"
31129,11.2,"48,624"
31131,8.3,"66,293"
31133,13.1,"47,006"
31135,9.5,"63,443"
31137,10,"61,420"
31139,9.3,"67,465"
31141,9,"62,804"
31143,6.9,"66,462"
31145,12,"50,260"
31147,12.3,"50,207"
31149,13.9,"53,905"
31151,9.2,"59,937"
31153,5.9,"84,016"
31155,6.9,"71,086"
31157,13,"50,263"
31159,7.2,"72,291"
31161,14.5,"46,159"
31163,12.4,"48,735"
31165,15.9,"47,983"
31167,7,"62,045"
31169,10.8,"52,439"
31171,13.9,"51,401"
31173,24.9,"48,891"
31175,10.4,"47,981"
31177,6.8,"75,197"
31179,11.8,"57,655"
31181,12.3,"49,518"
31183,12.3,"50,207"
31185,9.4,"59,749"
32001,11.7,"56,335"
32003,13.3,"62,131"
32005,8.1,"76,296"
32007,11,"83,287"
32009,13.8,"50,675"
32011,9.9,"71,541"
32013,11,"73,106"
32015,10.9,"81,239"
32017,13.8,"58,782"
32019,10.2,"59,406"
32021,15.9,"43,771"
32023,16.1,"48,490"
32027,17.6,"58,562"
32029,7,"88,003"
32031,10.7,"71,733"
32033,13.7,"60,086"
32510,12.2,"58,126"
33001,8.6,"68,752"
33003,9,"64,495"
33005,9.7,"65,326"
33007,13.9,"49,156"
33009,9.2,"62,468"
33011,7.5,"82,862"
33013,6.4,"75,800"
33015,5.1,"91,416"
33017,8.8,"71,486"
33019,10.1,"63,518"
34001,11.3,"62,678"
34003,5.7,"107,971"
34005,5.7,"88,443"
34007,10.7,"73,168"
34009,9.8,"66,565"
34011,13.8,"54,179"
34013,13.8,"64,522"
34015,7.5,"87,996"
34017,13.7,"77,738"
34019,4,"117,275"
34021,11.9,"79,475"
34023,8.5,"92,770"
34025,6.2,"102,579"
34027,5.3,"116,328"
34029,9,"75,627"
34031,13.3,"76,039"
34033,11.4,"68,146"
34035,5.4,"112,722"
34037,5.2,"100,281"
34039,9.1,"79,953"
34041,7.1,"83,998"
35001,15.5,"56,148"
35003,20.6,"37,190"
35005,18.1,"43,687"
35006,25.5,"40,436"
35007,17,"42,754"
35009,18.7,"45,623"
35011,18.6,"34,746"
35013,23.8,"43,618"
35015,11.2,"63,671"
35017,18.1,"43,175"
35019,23.5,"36,554"
35021,15.4,"38,162"
35023,22.9,"37,322"
35025,15.1,"63,012"
35027,13.7,"47,254"
35028,3.5,"122,001"
35029,23.8,"32,544"
35031,30.1,"36,404"
35033,21.2,"36,968"
35035,20.1,"43,135"
35037,21.7,"34,596"
35039,22.2,"44,579"
35041,18.8,"44,928"
35043,10,"71,118"
35045,19.9,"46,201"
35047,23.8,"36,986"
35049,12.4,"61,791"
35051,27.6,"33,661"
35053,26,"39,582"
35055,18.2,"43,032"
35057,21.6,"39,532"
35059,20.3,"38,221"
35061,17.6,"54,867"
36001,11.7,"69,408"
36003,17.9,"49,411"
36005,26.2,"41,470"
36007,17.8,"52,179"
36009,14.7,"50,783"
36011,13.8,"58,055"
36013,16.3,"50,143"
36015,14.1,"58,400"
36017,13.7,"51,894"
36019,14.8,"59,069"
36021,10.1,"71,563"
36023,17.3,"55,143"
36025,12.6,"51,038"
36027,8.6,"84,564"
36029,13.3,"60,620"
36031,12.4,"55,091"
36033,18.1,"48,943"
36035,16.4,"50,061"
36037,10.5,"62,570"
36039,12.6,"54,746"
36041,9.8,"60,148"
36043,13.7,"55,778"
36045,14.6,"53,829"
36047,17.7,"66,501"
36049,12.4,"56,599"
36051,13.8,"60,268"
36053,9.8,"61,713"
36055,12.7,"62,159"
36057,15.9,"52,092"
36059,5.6,"117,767"
36061,14.1,"93,007"
36063,12.4,"56,371"
36065,14.6,"56,516"
36067,13.8,"61,597"
36069,8.1,"66,754"
36071,12.3,"83,188"
36073,13.2,"53,115"
36075,15.6,"57,640"
36077,16.2,"52,414"
36079,5.2,"105,600"
36081,11,"72,975"
36083,11.5,"70,688"
36085,9.1,"86,624"
36087,12.5,"99,831"
36089,18.9,"51,742"
36091,6,"89,071"
36093,12.1,"64,960"
36095,12.1,"58,927"
36097,15.7,"52,215"
36099,13.7,"51,064"
36101,15,"53,167"
36103,6.8,"105,241"
36105,16.1,"58,851"
36107,9.4,"60,699"
36109,16.9,"59,176"
36111,12,"64,090"
36113,10.1,"63,240"
36115,11.9,"56,897"
36117,11.4,"61,989"
36119,8.4,"101,741"
36121,9.9,"58,214"
36123,13.9,"60,612"
37001,14.6,"57,963"
37003,11.7,"54,960"
37005,16.9,"41,420"
37007,21.4,"40,826"
37009,14.6,"41,542"
37011,16.4,"45,823"
37013,17.6,"49,410"
37015,24.2,"37,899"
37017,21.2,"42,260"
37019,10.2,"63,712"
37021,12.2,"55,448"
37023,18.4,"47,890"
37025,7.9,"72,071"
37027,12,"48,512"
37029,7.6,"69,610"
37031,10.4,"60,058"
37033,16.2,"51,240"
37035,13.3,"53,688"
37037,8.7,"70,258"
37039,17.7,"42,764"
37041,18.5,"47,126"
37043,14,"47,116"
37045,19,"46,012"
37047,22.3,"39,531"
37049,13.8,"53,372"
37051,18,"46,599"
37053,8.8,"70,699"
37055,8.9,"63,033"
37057,15.2,"53,924"
37059,10.9,"63,828"
37061,17.7,"44,929"
37063,14,"65,541"
37065,21,"40,784"
37067,15.2,"53,054"
37069,11.6,"57,371"
37071,11.6,"56,542"
37073,14.7,"54,204"
37075,16.8,"45,813"
37077,14.6,"54,300"
37079,20.2,"44,648"
37081,16,"55,820"
37083,23.8,"38,727"
37085,15.6,"55,619"
37087,10.6,"51,612"
37089,10.6,"61,651"
37091,23,"42,374"
37093,16.9,"48,420"
37095,19.2,"43,112"
37097,8.2,"68,308"
37099,19.3,"47,759"
37101,12.5,"62,835"
37103,18.8,"46,275"
37105,14.2,"53,114"
37107,23.1,"39,947"
37109,9,"70,479"
37111,13.6,"46,370"
37113,14.3,"46,279"
37115,14.6,"50,062"
37117,20.6,"39,413"
37119,10.3,"69,455"
37121,14.8,"47,675"
37123,16.1,"46,497"
37125,11.3,"63,942"
37127,16.4,"50,902"
37129,13,"57,252"
37131,21.6,"39,777"
37133,12.5,"50,645"
37135,13.4,"74,314"
37137,15.9,"52,522"
37139,14.3,"51,245"
37141,11.5,"60,405"
37143,15,"50,804"
37145,15.4,"54,553"
37147,19.2,"52,961"
37149,12.1,"53,405"
37151,14.1,"50,129"
37153,25.8,"40,518"
37155,31.5,"36,366"
37157,18.4,"44,686"
37159,13.9,"52,051"
37161,18.5,"44,547"
37163,16.8,"45,997"
37165,28.5,"39,197"
37167,10.7,"58,303"
37169,13,"52,356"
37171,16,"48,637"
37173,16.1,"46,075"
37175,13.1,"55,628"
37177,25.4,"37,680"
37179,7.3,"86,138"
37181,18.5,"40,450"
37183,8,"84,377"
37185,21.7,"37,027"
37187,21.3,"40,157"
37189,21.4,"51,630"
37191,18.6,"45,634"
37193,15.2,"45,250"
37195,21.5,"42,414"
37197,13.9,"50,929"
37199,14.2,"47,664"
38001,10.7,"55,880"
38003,9.9,"60,689"
38005,23.3,"45,709"
38007,9.7,"69,528"
38009,9.7,"62,904"
38011,8,"65,411"
38013,8.8,"67,545"
38015,6.9,"73,565"
38017,11.4,"63,977"
38019,9.1,"63,484"
38021,10.6,"57,490"
38023,10.8,"61,506"
38025,9.8,"75,723"
38027,10,"54,465"
38029,13.7,"53,073"
38031,8.8,"54,917"
38033,12.1,"58,370"
38035,13.2,"57,388"
38037,14.9,"41,841"
38039,9.5,"56,527"
38041,12.5,"54,600"
38043,14.1,"50,570"
38045,12.2,"56,059"
38047,13.2,"51,496"
38049,12.1,"59,661"
38051,13.9,"47,349"
38053,7.4,"86,890"
38055,9.4,"67,453"
38057,7.7,"83,341"
38059,7.9,"68,051"
38061,9.5,"69,040"
38063,11.2,"56,098"
38065,10.6,"72,919"
38067,8.8,"59,970"
38069,11.6,"56,753"
38071,12.3,"60,710"
38073,8.7,"66,422"
38075,8.9,"84,986"
38077,12.4,"62,837"
38079,25.9,"45,296"
38081,7.5,"67,551"
38083,16.7,"58,725"
38085,32.1,"37,133"
38087,13.5,"52,695"
38089,8.5,"68,759"
38091,7.4,"67,661"
38093,10.8,"60,297"
38095,10.7,"53,024"
38097,8,"69,443"
38099,11.7,"59,153"
38101,9,"68,634"
38103,12.4,"56,167"
38105,6.4,"84,606"
39001,19.1,"43,145"
39003,12.9,"58,271"
39005,12.6,"52,554"
39007,18.7,"47,388"
39009,26.6,"43,621"
39011,7.3,"64,227"
39013,11.6,"50,166"
39015,12.1,"58,441"
39017,11.7,"68,611"
39019,11.3,"56,999"
39021,7.7,"62,077"
39023,14.6,"50,832"
39025,8.2,"68,724"
39027,14.8,"52,870"
39029,13.2,"52,693"
39031,12.5,"49,679"
39033,14.7,"49,484"
39035,16.2,"52,503"
39037,12.1,"56,824"
39039,8.8,"60,918"
39041,4.8,"110,252"
39043,11.6,"60,790"
39045,8.1,"71,782"
39047,13.6,"51,023"
39049,13.5,"64,648"
39051,6.9,"64,334"
39053,16.5,"48,094"
39055,5.5,"79,865"
39057,9.9,"69,709"
39059,15.5,"48,283"
39061,14.6,"60,251"
39063,9.3,"62,720"
39065,13.9,"51,155"
39067,14.5,"50,137"
39069,7.5,"61,351"
39071,15.6,"47,126"
39073,15,"51,016"
39075,9.2,"62,596"
39077,10,"56,704"
39079,17.2,"50,671"
39081,17.1,"47,652"
39083,11.3,"59,957"
39085,8.3,"65,040"
39087,16.2,"46,433"
39089,9.3,"66,321"
39091,10.5,"60,624"
39093,13.9,"59,201"
39095,18,"49,924"
39097,9.6,"65,696"
39099,18.4,"48,018"
39101,14.8,"51,479"
39103,5.5,"78,540"
39105,15.8,"43,754"
39107,6.7,"67,075"
39109,8.8,"63,524"
39111,14,"48,231"
39113,15.3,"54,704"
39115,15.7,"46,883"
39117,8.5,"59,498"
39119,15.3,"52,105"
39121,14.2,"50,788"
39123,8.1,"63,352"
39125,9.8,"58,100"
39127,15,"51,875"
39129,11.5,"63,931"
39131,19.1,"46,255"
39133,11.9,"57,439"
39135,8.9,"62,128"
39137,7.2,"73,454"
39139,13.5,"51,883"
39141,15.2,"54,728"
39143,9.6,"58,415"
39145,21.9,"45,410"
39147,12.1,"55,664"
39149,9.1,"64,304"
39151,13,"55,623"
39153,14.2,"57,753"
39155,15.4,"47,966"
39157,11.2,"54,150"
39159,5.4,"91,597"
39161,8.5,"55,361"
39163,18.7,"46,301"
39165,4.5,"91,645"
39167,11,"52,565"
39169,9.9,"58,747"
39171,9.3,"54,239"
39173,11.2,"64,723"
39175,7.5,"61,733"
40001,23.6,"39,589"
40003,15.8,"57,497"
40005,19.2,"41,872"
40007,10.6,"55,397"
40009,20.8,"50,512"
40011,14.9,"50,574"
40013,17.3,"44,074"
40015,20.6,"45,755"
40017,8.1,"75,111"
40019,14.3,"51,895"
40021,21.4,"45,544"
40023,22.5,"37,131"
40025,17.8,"47,602"
40027,11.7,"64,706"
40029,18.1,"41,273"
40031,17.6,"51,184"
40033,18.6,"46,450"
40035,18.2,"42,978"
40037,13.7,"54,737"
40039,15.8,"51,803"
40041,17.5,"44,602"
40043,11.6,"56,316"
40045,13,"54,013"
40047,12.7,"58,381"
40049,15.6,"46,786"
40051,12.1,"63,647"
40053,11.2,"60,303"
40055,24.1,"38,641"
40057,23.7,"37,988"
40059,11.1,"40,265"
40061,20.2,"41,643"
40063,21.4,"37,631"
40065,17.3,"48,430"
40067,20.8,"39,785"
40069,21,"41,805"
40071,16.1,"48,522"
40073,8.9,"68,839"
40075,21.9,"39,788"
40077,18.5,"42,014"
40079,20.5,"42,378"
40081,13.9,"51,012"
40083,12.4,"66,625"
40085,13.4,"51,481"
40087,7.1,"75,009"
40089,21.9,"40,803"
40091,19.7,"40,614"
40093,13.4,"59,690"
40095,18.2,"45,005"
40097,17.7,"49,293"
40099,14.9,"50,965"
40101,22.7,"43,392"
40103,12.3,"56,307"
40105,15,"47,456"
40107,27.4,"39,265"
40109,14.9,"56,272"
40111,18.7,"41,725"
40113,14.9,"50,667"
40115,18.5,"41,530"
40117,15.2,"47,646"
40119,23,"43,025"
40121,19.7,"47,215"
40123,13.9,"49,510"
40125,14.8,"52,747"
40127,23.9,"37,718"
40129,13.4,"59,286"
40131,10.4,"67,054"
40133,22,"40,725"
40135,21.6,"43,038"
40137,14.8,"47,826"
40139,14.7,"56,014"
40141,20.4,"41,251"
40143,14.3,"57,668"
40145,8.2,"65,191"
40147,12.9,"62,515"
40149,12.6,"50,823"
40151,15.2,"40,684"
40153,12.2,"73,253"
41001,13.6,"48,530"
41003,16.5,"69,148"
41005,7.2,"80,539"
41007,12,"59,339"
41009,8.6,"72,285"
41011,15.6,"49,504"
41013,10.9,"58,739"
41015,13.4,"51,267"
41017,9.2,"71,880"
41019,11.8,"48,940"
41021,10.9,"61,205"
41023,15.3,"49,792"
41025,14.2,"39,874"
41027,8.4,"68,835"
41029,13.6,"56,367"
41031,15,"52,543"
41033,15.9,"47,533"
41035,16.7,"53,030"
41037,17,"47,867"
41039,13.9,"57,212"
41041,14.6,"52,276"
41043,12.6,"61,084"
41045,21,"42,019"
41047,12.2,"64,058"
41049,12.7,"59,781"
41051,12,"72,469"
41053,9.4,"69,757"
41055,12.5,"60,035"
41057,12,"52,298"
41059,13.9,"58,286"
41061,13.6,"54,264"
41063,12.3,"52,106"
41065,12.2,"56,993"
41067,8.2,"85,665"
41069,17.7,"42,747"
41071,10.6,"71,815"
42001,7.6,"67,706"
42003,10.8,"64,799"
42005,11.1,"56,259"
42007,11.7,"60,323"
42009,10.4,"54,251"
42011,10.2,"67,418"
42013,14.9,"51,004"
42015,14.3,"51,356"
42017,5.7,"93,587"
42019,7.8,"72,576"
42021,14.9,"48,798"
42023,14,"43,704"
42025,9.8,"59,985"
42027,15.9,"61,036"
42029,5.9,"102,233"
42031,14.1,"49,173"
42033,13.7,"46,967"
42035,13.4,"50,777"
42037,14.7,"54,377"
42039,12.6,"49,741"
42041,7.2,"75,269"
42043,11.3,"60,763"
42045,9.9,"76,783"
42047,9.8,"55,462"
42049,16.6,"51,923"
42051,17.5,"48,055"
42053,26,"41,267"
42055,8.1,"62,699"
42057,12.2,"56,357"
42059,14.2,"56,599"
42061,13,"54,323"
42063,14,"51,299"
42065,16.4,"50,789"
42067,10.4,"57,837"
42069,14.2,"53,655"
42071,10.5,"67,515"
42073,12.3,"50,979"
42075,10.4,"61,560"
42077,11.5,"65,436"
42079,15.2,"53,439"
42081,13.6,"53,762"
42083,14.6,"53,266"
42085,13.1,"54,099"
42087,13.3,"50,571"
42089,12.2,"63,012"
42091,6,"92,340"
42093,9.1,"65,534"
42095,7.9,"73,780"
42097,13.3,"47,967"
42099,8.9,"65,401"
42101,23,"47,598"
42103,9.2,"66,595"
42105,11.7,"49,054"
42107,11.7,"55,951"
42109,10.3,"56,873"
42111,12.5,"49,082"
42113,12.9,"51,718"
42115,11.3,"60,235"
42117,13.4,"51,324"
42119,12,"61,306"
42121,12.5,"53,619"
42123,13.5,"52,592"
42125,9.9,"65,558"
42127,12.4,"56,265"
42129,10.5,"59,407"
42131,9.9,"60,419"
42133,9.2,"69,101"
44001,6.8,"87,926"
44003,8.1,"74,230"
44005,8.5,"80,862"
44007,14,"62,165"
44009,8,"86,450"
45001,14.8,"46,499"
45003,12.5,"56,824"
45005,30.2,"32,147"
45007,12.9,"54,496"
45009,24.2,"35,364"
45011,24.9,"36,675"
45013,10.2,"73,890"
45015,10.7,"68,690"
45017,18.2,"47,090"
45019,11.7,"70,980"
45021,16,"46,905"
45023,17.7,"45,400"
45025,19.9,"42,441"
45027,25.1,"39,900"
45029,21,"40,808"
45031,19.6,"44,007"
45033,26.8,"35,483"
45035,9.3,"68,051"
45037,15.7,"52,591"
45039,19.1,"42,496"
45041,17,"49,770"
45043,17.5,"53,747"
45045,10.7,"64,399"
45047,18,"43,958"
45049,23.2,"37,560"
45051,12.7,"53,648"
45053,17.2,"50,790"
45055,13.8,"56,318"
45057,11.8,"63,842"
45059,19.1,"47,038"
45061,25.4,"37,710"
45063,11.9,"62,059"
45065,18.1,"48,645"
45067,24.9,"35,138"
45069,28.9,"34,532"
45071,14,"50,773"
45073,13.1,"52,240"
45075,26.3,"38,736"
45077,15.3,"52,949"
45079,16.2,"52,905"
45081,16.1,"49,493"
45083,12.9,"55,588"
45085,17.8,"49,611"
45087,19.9,"42,851"
45089,27.8,"34,409"
45091,8.6,"68,468"
46003,10.2,"56,360"
46005,12.9,"51,844"
46007,31.6,"36,345"
46009,14.1,"52,660"
46011,11.9,"59,036"
46013,9.4,"61,447"
46015,12.6,"65,008"
46017,39.8,"26,671"
46019,12.9,"50,105"
46021,10.5,"56,043"
46023,21.2,"51,340"
46025,12.1,"54,158"
46027,19,"51,039"
46029,9.7,"63,442"
46031,40.3,"32,848"
46033,9.6,"63,665"
46035,11.7,"57,367"
46037,13.2,"51,516"
46039,8.7,"65,217"
46041,27.6,"47,640"
46043,11.2,"56,030"
46045,10.7,"59,905"
46047,13.9,"49,965"
46049,15.7,"49,198"
46051,9.1,"60,057"
46053,15.5,"42,868"
46055,11.4,"50,747"
46057,8.9,"60,864"
46059,10.3,"56,239"
46061,7.9,"78,478"
46063,11.9,"55,482"
46065,8.9,"66,952"
46067,10.5,"59,336"
46069,11.5,"63,454"
46071,29.9,"37,879"
46073,16.3,"52,162"
46075,12.9,"52,650"
46077,8.5,"61,992"
46079,9.5,"63,946"
46081,12.4,"53,902"
46083,3.8,"86,235"
46085,21.1,"47,813"
46087,9.2,"62,535"
46089,19.5,"43,243"
46091,11.8,"59,103"
46093,8.7,"59,981"
46095,33.3,"36,489"
46097,10.5,"52,230"
46099,8.7,"63,162"
46101,8.7,"61,029"
46102,40.1,"34,078"
46103,12,"58,919"
46105,14.5,"49,999"
46107,10.4,"58,012"
46109,19.6,"49,088"
46111,12.6,"56,507"
46115,11.5,"54,666"
46117,7.7,"70,472"
46119,8.2,"61,791"
46121,43.4,"34,015"
46123,18.8,"50,503"
46125,10.1,"63,852"
46127,6.3,"83,910"
46129,15.1,"51,472"
46135,10.1,"60,868"
46137,47.7,"33,508"
47001,15.3,"50,973"
47003,13.9,"50,539"
47005,17.6,"42,322"
47007,27.3,"42,730"
47009,10.5,"59,368"
47011,14.5,"52,534"
47013,21.9,"42,500"
47015,13,"52,960"
47017,16.8,"43,258"
47019,19.3,"39,964"
47021,9.6,"62,786"
47023,14.8,"50,769"
47025,19.7,"40,116"
47027,20.1,"36,694"
47029,22.8,"40,528"
47031,14.4,"54,931"
47033,15.8,"45,642"
47035,13.3,"49,142"
47037,12.6,"63,846"
47039,16,"45,215"
47041,18,"46,407"
47043,10.1,"59,126"
47045,17.3,"48,770"
47047,11.2,"67,345"
47049,20.9,"38,608"
47051,13.9,"54,319"
47053,14.3,"46,384"
47055,13.4,"50,847"
47057,17.1,"44,929"
47059,15.9,"44,975"
47061,21.4,"38,447"
47063,14.4,"46,842"
47065,12.7,"57,802"
47067,26.4,"31,938"
47069,19.2,"40,989"
47071,17.5,"44,510"
47073,18.1,"46,602"
47075,20.7,"38,950"
47077,15.8,"46,826"
47079,18.3,"43,159"
47081,16.3,"46,176"
47083,17.8,"40,915"
47085,13.1,"52,121"
47087,17.1,"41,749"
47089,12.5,"50,332"
47091,25.2,"40,219"
47093,13.4,"60,316"
47095,35.5,"34,059"
47097,19.3,"43,545"
47099,16.7,"43,448"
47101,15.2,"45,874"
47103,12.8,"54,558"
47105,9.7,"65,226"
47107,14.5,"49,836"
47109,17,"45,469"
47111,15.5,"44,334"
47113,17.6,"50,401"
47115,15.3,"47,675"
47117,13.1,"58,151"
47119,8.5,"66,434"
47121,16.1,"48,334"
47123,16.5,"50,506"
47125,12,"57,606"
47127,10,"61,804"
47129,22,"43,952"
47131,14.6,"44,061"
47133,17.1,"43,636"
47135,14.4,"42,939"
47137,17.8,"41,860"
47139,15.3,"45,922"
47141,16.1,"49,083"
47143,15.4,"47,599"
47145,14.6,"50,561"
47147,10.5,"65,790"
47149,10,"69,614"
47151,22,"38,750"
47153,17.4,"46,876"
47155,12.9,"54,476"
47157,17.2,"52,659"
47159,15.3,"54,570"
47161,12.9,"52,177"
47163,15.1,"51,303"
47165,8.6,"69,391"
47167,10.5,"61,436"
47169,15.8,"51,982"
47171,15.8,"44,548"
47173,18.3,"48,106"
47175,15.5,"44,451"
47177,15.9,"46,144"
47179,15.8,"51,879"
47181,17.3,"45,091"
47183,17.7,"42,506"
47185,16,"43,583"
47187,4.3,"119,637"
47189,7.4,"80,080"
48001,19.8,"48,461"
48003,10.2,"74,918"
48005,15.6,"51,750"
48007,18.7,"53,085"
48009,10.3,"63,731"
48011,10.6,"64,424"
48013,14.7,"57,309"
48015,11.1,"68,311"
48017,15.9,"46,174"
48019,12.9,"59,604"
48021,14,"62,627"
48023,15.9,"41,539"
48025,24,"44,171"
48027,13.8,"54,831"
48029,15.2,"58,956"
48031,8.6,"68,404"
48033,10.6,"71,926"
48035,13.7,"55,179"
48037,16.8,"51,207"
48039,8.6,"83,704"
48041,20,"54,471"
48043,13.1,"48,581"
48045,15,"44,259"
48047,29.6,"31,410"
48049,13.7,"56,040"
48051,13.8,"61,745"
48053,10.5,"62,827"
48055,14.4,"55,301"
48057,14.7,"55,909"
48059,12.1,"50,812"
48061,25.5,"40,893"
48063,16.6,"47,091"
48065,8.5,"69,760"
48067,17.3,"44,529"
48069,15.3,"51,736"
48071,8.6,"93,351"
48073,16.5,"46,576"
48075,21.9,"44,095"
48077,11.5,"59,983"
48079,19.5,"43,742"
48081,13.1,"48,435"
48083,17.7,"44,834"
48085,6.1,"96,847"
48087,19.8,"40,314"
48089,13.6,"55,607"
48091,6.7,"87,976"
48093,13.5,"54,122"
48095,15.1,"43,321"
48097,12.7,"61,186"
48099,11.8,"53,083"
48101,18.9,"40,449"
48103,9.6,"68,626"
48105,13.8,"54,165"
48107,22.1,"38,871"
48109,19.7,"44,462"
48111,11.4,"55,793"
48113,14,"61,807"
48115,20.6,"48,165"
48117,17,"46,178"
48119,16,"51,348"
48121,6.5,"90,910"
48123,17.1,"52,544"
48125,19.4,"41,973"
48127,25.3,"40,315"
48129,16.4,"41,093"
48131,23.9,"37,100"
48133,16.7,"46,991"
48135,12.1,"65,564"
48137,20.7,"40,424"
48139,8.7,"78,341"
48141,18.8,"48,629"
48143,15.2,"53,044"
48145,21.6,"41,484"
48147,13.2,"56,123"
48149,10.9,"62,195"
48151,13.3,"51,053"
48153,17.3,"45,022"
48155,17,"38,615"
48157,6.6,"101,361"
48159,14.4,"50,630"
48161,15.5,"52,511"
48163,27.7,"40,360"
48165,13.2,"67,171"
48167,11.3,"73,214"
48169,24.2,"48,975"
48171,8.5,"62,143"
48173,7.9,"93,759"
48175,13.4,"56,758"
48177,16.2,"48,425"
48179,14.5,"52,543"
48181,11.6,"57,439"
48183,16.5,"53,137"
48185,15.9,"51,651"
48187,7.4,"78,801"
48189,17.9,"49,187"
48191,25.4,"35,940"
48193,14.3,"52,505"
48195,11.7,"58,703"
48197,19.2,"40,057"
48199,12.1,"62,616"
48201,15,"61,638"
48203,17.8,"55,171"
48205,8.6,"72,796"
48207,20.7,"38,613"
48209,11.2,"72,890"
48211,9.1,"71,299"
48213,17.5,"49,896"
48215,26.9,"41,656"
48217,13.1,"53,210"
48219,15.5,"51,149"
48221,9.2,"74,534"
48223,14.7,"50,332"
48225,20.9,"43,601"
48227,17,"61,112"
48229,28,"39,309"
48231,14.8,"57,513"
48233,11.4,"57,936"
48235,7.4,"68,630"
48237,15.6,"55,358"
48239,13.8,"55,800"
48241,19.5,"47,252"
48243,12.7,"53,362"
48245,16.9,"55,173"
48247,22.8,"38,788"
48249,21,"44,444"
48251,11,"66,538"
48253,20.4,"51,094"
48255,21,"54,843"
48257,9.8,"75,009"
48259,7.4,"94,899"
48261,14.2,"46,132"
48263,11.5,"52,591"
48265,12.5,"57,789"
48267,17,"44,757"
48269,11,"71,256"
48271,18.9,"47,076"
48273,23.3,"47,169"
48275,19.1,"40,808"
48277,18.4,"47,061"
48279,18.5,"42,719"
48281,12.4,"58,817"
48283,26.6,"41,683"
48285,11,"52,632"
48287,10.7,"59,250"
48289,14.4,"50,522"
48291,14.4,"53,274"
48293,19.2,"43,644"
48295,12.4,"65,388"
48297,16.5,"54,163"
48299,10.8,"55,617"
48301,7.1,"88,487"
48303,17.9,"54,733"
48305,16,"45,737"
48307,17.6,"43,262"
48309,18,"51,078"
48311,10.5,"68,349"
48313,17.8,"46,274"
48315,21.4,"37,876"
48317,12.1,"68,745"
48319,11.7,"54,914"
48321,17.5,"49,276"
48323,26.9,"40,017"
48325,12.2,"60,695"
48327,20.7,"38,425"
48329,9.9,"85,811"
48331,16.3,"48,989"
48333,13.2,"46,876"
48335,19.5,"44,457"
48337,12.9,"53,649"
48339,8.9,"88,833"
48341,11.9,"55,099"
48343,18.1,"43,304"
48345,17.6,"40,217"
48347,20.9,"46,207"
48349,13.4,"48,649"
48351,22.8,"45,890"
48353,17.5,"46,389"
48355,16.5,"56,079"
48357,11.4,"62,567"
48359,13.1,"59,404"
48361,12.5,"62,976"
48363,17.2,"50,159"
48365,14.3,"56,882"
48367,8.2,"82,501"
48369,11.8,"50,607"
48371,18.7,"52,763"
48373,16.7,"50,416"
48375,20.3,"41,138"
48377,19.2,"33,499"
48379,13.4,"65,657"
48381,9,"70,694"
48383,8.9,"67,384"
48385,17.7,"40,834"
48387,19.6,"41,325"
48389,22.1,"48,990"
48391,18,"46,883"
48393,7.4,"70,705"
48395,20.7,"47,016"
48397,4.8,"105,763"
48399,17.2,"48,650"
48401,15.4,"56,036"
48403,17.6,"43,778"
48405,22.5,"40,094"
48407,16.8,"42,633"
48409,14.4,"57,302"
48411,20.7,"46,061"
48413,15,"53,286"
48415,14.7,"56,299"
48417,12.7,"65,095"
48419,21.4,"39,708"
48421,11.1,"55,473"
48423,12.9,"59,538"
48425,9.4,"67,897"
48427,32.5,"32,516"
48429,17,"46,658"
48431,10.7,"66,790"
48433,15.1,"48,267"
48435,13.1,"63,427"
48437,20.6,"44,388"
48439,10.2,"70,130"
48441,14,"54,465"
48443,17.5,"45,677"
48445,21.6,"42,953"
48447,13.9,"42,746"
48449,16.3,"49,924"
48451,12.9,"54,774"
48453,10.8,"80,690"
48455,17.9,"43,788"
48457,17.2,"48,254"
48459,14.9,"53,078"
48461,13.8,"58,908"
48463,19.8,"44,690"
48465,20.8,"45,034"
48467,13.6,"55,554"
48469,14.3,"57,344"
48471,21.4,"47,519"
48473,13.2,"61,822"
48475,12.4,"61,396"
48477,10.6,"59,039"
48479,20.9,"52,576"
48481,16.4,"49,901"
48483,11.6,"58,544"
48485,13.9,"51,535"
48487,14.9,"42,570"
48489,30.5,"35,821"
48491,5.4,"92,661"
48493,8.3,"76,905"
48495,12.5,"64,894"
48497,8.3,"70,468"
48499,14.3,"56,945"
48501,10.6,"62,636"
48503,13.6,"52,643"
48505,30.1,"36,069"
48507,29.6,"32,538"
49001,8.9,"58,309"
49003,7.5,"69,380"
49005,13.1,"63,180"
49007,16.4,"52,110"
49009,6.7,"63,433"
49011,5.5,"87,610"
49013,14.2,"59,437"
49015,10.9,"61,893"
49017,9.4,"54,625"
49019,12.2,"53,535"
49021,13.1,"58,307"
49023,9,"66,056"
49025,9.4,"55,887"
49027,11.8,"59,069"
49029,4,"101,943"
49031,15.7,"42,196"
49033,9.3,"64,583"
49035,9,"79,941"
49037,21.9,"49,438"
49039,13.1,"54,648"
49041,12.1,"58,983"
49043,4.7,"112,482"
49045,5.3,"80,196"
49047,11.1,"62,541"
49049,9.7,"79,505"
49051,5,"92,136"
49053,9.5,"64,388"
49055,11.8,"50,555"
49057,6.9,"71,835"
50001,7.9,"73,574"
50003,10,"56,948"
50005,12.3,"50,942"
50007,10.5,"76,483"
50009,14.8,"45,796"
50011,9.6,"65,056"
50013,8.1,"68,364"
50015,9.1,"60,555"
50017,9.4,"59,758"
50019,12.7,"48,826"
50021,10.8,"51,903"
50023,8.4,"65,879"
50025,11.6,"52,068"
50027,9.2,"61,843"
51001,16.4,"47,335"
51003,6.7,"86,332"
51005,11.5,"53,341"
51007,9.3,"60,096"
51009,12,"56,218"
51011,12.6,"54,609"
51013,7.6,"118,986"
51015,7.3,"63,621"
51017,9.9,"54,385"
51019,8.6,"66,591"
51021,13.4,"49,023"
51023,5.7,"74,178"
51025,20.9,"43,835"
51027,21.7,"36,881"
51029,16.8,"47,202"
51031,10.8,"48,984"
51033,9.6,"64,647"
51035,13.9,"45,698"
51036,12.5,"56,465"
51037,19.3,"43,001"
51041,6.6,"81,641"
51043,6.3,"85,567"
51045,11.2,"53,319"
51047,9.2,"79,739"
51049,13.8,"52,005"
51051,24.2,"37,161"
51053,10.7,"58,474"
51057,16.2,"53,538"
51059,6,"127,898"
51061,6.1,"103,827"
51063,11.4,"52,277"
51065,7.3,"75,089"
51067,11.5,"61,878"
51069,6.5,"83,672"
51071,11.4,"53,111"
51073,8.6,"71,715"
51075,6.2,"100,444"
51077,18.8,"41,312"
51079,7.6,"73,345"
51081,24.5,"47,315"
51083,17.1,"42,619"
51085,5.1,"90,824"
51087,8.7,"68,975"
51089,14.6,"41,908"
51091,12.4,"45,917"
51093,9.1,"78,749"
51095,5.8,"92,773"
51097,11.7,"54,185"
51099,5.9,"85,657"
51101,6.9,"73,035"
51103,13.3,"55,072"
51105,27.1,"35,878"
51107,3.1,"151,806"
51109,9.5,"64,135"
51111,19.2,"44,860"
51113,9.3,"66,397"
51115,8.8,"69,112"
51117,17.3,"43,128"
51119,13.8,"58,834"
51121,20.5,"58,740"
51125,11.8,"55,804"
51127,5,"102,619"
51131,18.1,"45,235"
51133,12.7,"60,385"
51135,21.5,"45,913"
51137,9.7,"71,691"
51139,11.3,"52,877"
51141,15.5,"43,568"
51143,15.1,"51,682"
51145,5.4,"94,293"
51147,20.6,"44,586"
51149,8.3,"74,518"
51153,6.1,"106,208"
51155,14.6,"54,086"
51157,8.5,"79,086"
51159,17.8,"49,758"
51161,6.5,"71,742"
51163,11.5,"58,501"
51165,8.1,"67,242"
51167,20,"40,345"
51169,14.8,"41,288"
51171,10.3,"59,087"
51173,16.5,"41,964"
51175,13.3,"62,327"
51177,6.6,"90,262"
51179,5.4,"109,090"
51181,11.9,"59,069"
51183,21.6,"45,134"
51185,21.7,"43,619"
51187,9.7,"69,878"
51191,12.3,"52,387"
51193,15.9,"54,885"
51195,20.4,"42,372"
51197,12.8,"48,543"
51199,5.1,"91,535"
51510,8.6,"102,589"
51520,21.8,"37,678"
51530,17.2,"44,752"
51540,22.1,"58,717"
51550,8.3,"77,361"
51570,9.4,"57,688"
51580,14.5,"41,842"
51590,23.5,"36,073"
51595,20.5,"38,631"
51600,7.1,"106,430"
51610,3.5,"137,849"
51620,19.2,"45,433"
51630,16.9,"62,121"
51640,19,"37,229"
51650,13.8,"55,816"
51660,24.9,"48,189"
51670,19.3,"38,293"
51678,22.9,"54,204"
51680,16.8,"50,612"
51683,7.4,"84,405"
51685,6.3,"83,145"
51690,19.5,"37,814"
51700,15.1,"53,022"
51710,19,"52,437"
51720,19.3,"38,062"
51730,21.6,"40,240"
51735,5.3,"98,217"
51740,18.5,"50,411"
51750,30.5,"41,530"
51760,19.2,"50,949"
51770,19.5,"45,534"
51775,9.4,"54,888"
51790,11.3,"54,296"
51800,9.8,"77,847"
51810,7.3,"78,491"
51820,12.3,"44,619"
51830,18.2,"56,569"
51840,13.3,"60,254"
53001,16.8,"53,535"
53003,13.8,"54,776"
53005,10.6,"72,847"
53007,12.2,"59,838"
53009,11.2,"57,571"
53011,9.2,"80,407"
53013,12.3,"56,338"
53015,12.6,"57,316"
53017,10.9,"63,086"
53019,18,"47,463"
53021,13.5,"63,575"
53023,12.9,"54,555"
53025,13.9,"57,152"
53027,13.1,"59,346"
53029,7.3,"72,173"
53031,12.6,"60,556"
53033,7.7,"102,338"
53035,7.5,"79,268"
53037,14,"59,172"
53039,13.5,"60,567"
53041,12.2,"58,525"
53043,9.1,"60,849"
53045,12.8,"63,689"
53047,16.4,"44,777"
53049,13.5,"50,521"
53051,16.1,"51,950"
53053,9.4,"78,779"
53055,8.1,"69,113"
53057,11.2,"67,551"
53059,10.4,"69,163"
53061,7,"89,119"
53063,12.9,"59,976"
53065,14.9,"55,000"
53067,9.1,"77,890"
53069,10.8,"61,123"
53071,12.7,"60,202"
53073,12.7,"68,656"
53075,26.3,"45,906"
53077,16.7,"55,674"
54001,18.4,"39,710"
54003,11,"63,012"
54005,18.9,"43,697"
54007,18.3,"39,651"
54009,12,"50,900"
54011,18.5,"42,125"
54013,21.6,"37,307"
54015,22.5,"41,923"
54017,18.8,"50,642"
54019,20.6,"41,430"
54021,25.5,"40,373"
54023,13.2,"47,400"
54025,17.2,"43,564"
54027,14.6,"54,811"
54029,12.5,"51,017"
54031,14.2,"46,658"
54033,11.1,"53,909"
54035,16.7,"50,808"
54037,9.9,"75,225"
54039,16.3,"48,334"
54041,19.5,"46,895"
54043,19.7,"43,198"
54045,21.9,"38,533"
54047,33.8,"29,106"
54049,14.6,"51,300"
54051,13.7,"53,145"
54053,15.5,"47,753"
54055,18.7,"41,794"
54057,12.5,"49,704"
54059,27.3,"34,698"
54061,19.1,"55,652"
54063,15.7,"44,655"
54065,10.5,"50,660"
54067,18.8,"40,023"
54069,14.1,"50,390"
54071,13.5,"43,451"
54073,13,"54,972"
54075,16.1,"39,454"
54077,14.3,"50,821"
54079,8.9,"66,991"
54081,17.4,"45,386"
54083,16.8,"46,285"
54085,17.9,"46,131"
54087,19.4,"41,671"
54089,23.5,"37,000"
54091,16.7,"48,294"
54093,15.3,"47,222"
54095,15.4,"48,345"
54097,17.5,"45,074"
54099,19.6,"42,095"
54101,21.8,"34,385"
54103,16.3,"46,824"
54105,17.5,"48,627"
54107,14.1,"49,209"
54109,22.9,"42,761"
55001,11.6,"53,156"
55003,17.8,"47,202"
55005,8.9,"54,372"
55007,10.3,"58,065"
55009,9.9,"65,494"
55011,9.5,"58,407"
55013,12.6,"51,519"
55015,5.4,"80,354"
55017,8.8,"60,713"
55019,13.5,"54,296"
55021,6.7,"69,219"
55023,11.6,"51,919"
55025,9.4,"77,828"
55027,8,"61,730"
55029,9.3,"64,217"
55031,11.5,"55,651"
55033,11.7,"61,506"
55035,10.6,"64,972"
55037,10.9,"58,270"
55039,7.3,"65,905"
55041,16.3,"48,964"
55043,13.4,"56,418"
55045,6.4,"64,319"
55047,11.7,"59,458"
55049,9.5,"67,390"
55051,12.7,"48,813"
55053,12.4,"57,247"
55055,7.1,"71,098"
55057,13.4,"55,787"
55059,9.8,"66,460"
55061,7.4,"65,879"
55063,11.8,"59,758"
55065,11.3,"59,128"
55067,13,"49,597"
55069,9.1,"60,728"
55071,8.8,"61,326"
55073,8.2,"66,092"
55075,11.5,"54,404"
55077,10,"56,790"
55078,25.3,"40,300"
55079,16.9,"53,505"
55081,10.9,"60,296"
55083,9.3,"66,401"
55085,8.9,"62,765"
55087,7.1,"66,994"
55089,4.5,"90,446"
55091,9,"62,675"
55093,9.8,"75,368"
55095,8.6,"63,910"
55097,11.8,"58,248"
55099,14.9,"48,761"
55101,12.4,"61,691"
55103,12.5,"51,295"
55105,12.3,"61,624"
55107,12.3,"49,860"
55109,5.9,"87,098"
55111,10.2,"63,752"
55113,12.7,"53,908"
55115,9.6,"58,982"
55117,8.1,"62,108"
55119,9.7,"52,419"
55121,8.9,"61,687"
55123,14.1,"56,272"
55125,11.2,"55,576"
55127,9.5,"64,682"
55129,12.8,"52,735"
55131,5.1,"81,928"
55133,4.7,"91,070"
55135,8.8,"61,773"
55137,12.4,"55,476"
55139,9.7,"59,643"
55141,10.7,"57,325"
56001,16,"52,216"
56003,12.1,"53,018"
56005,7.7,"83,997"
56007,11.7,"61,626"
56009,9.2,"72,481"
56011,8,"64,120"
56013,12.9,"57,953"
56015,13,"55,540"
56017,10.9,"52,344"
56019,9,"57,224"
56021,9.5,"69,613"
56023,7,"71,269"
56025,9.9,"66,104"
56027,15.1,"48,513"
56029,10.3,"59,494"
56031,11.5,"57,425"
56033,8.5,"64,030"
56035,7.2,"78,055"
56037,8.3,"80,639"
56039,6,"98,837"
56041,8.5,"70,756"
56043,11.1,"55,122"
56045,10.5,"59,410"