,Year,State,Prophet ForecastValue Future,Prophet ForecastValue Validation,fi
0,2010-01-01,Alabama,19.88881588902954,19.968676183700754,
1,2011-01-01,Alabama,19.745302791137554,19.760710051929927,
2,2012-01-01,Alabama,19.556978095082542,19.38460640776992,
3,2013-01-01,Alabama,18.883796736215817,18.76632510630895,
4,2014-01-01,Alabama,18.784931924219805,18.858405447076308,
5,2015-01-01,Alabama,18.64142326920008,18.7788437995667,
6,2016-01-01,Alabama,18.45310168132735,18.527457352886685,
7,2017-01-01,Alabama,17.779923437392583,18.031666648534532,
8,2017-12-31,Alabama,0.0,17.510763533101162,
9,2018-01-01,Alabama,17.681058622910317,0.0,
10,2018-12-31,Alabama,0.0,16.746961873360878,
11,2019-01-01,Alabama,17.53754996671785,0.0,
12,2019-12-31,Alabama,17.250787659229907,15.8143441090928,
13,2020-12-31,Alabama,17.115995668284906,17.37010847988946,
14,2021-12-31,Alabama,16.837824673441705,16.776310548129267,
15,2022-12-31,Alabama,16.514759286933362,16.012508888390876,
16,2023-12-31,Alabama,16.146914357580627,15.079891124118769,
17,2024-12-31,Alabama,16.01212236663658,0.0,
18,2025-12-31,Alabama,15.733951371793744,0.0,
19,2010-01-01,Alaska,14.626724183114431,14.414765757004567,
20,2011-01-01,Alaska,14.847820913925768,14.796077060470862,
21,2012-01-01,Alaska,15.022669806355477,14.937241272007974,
22,2013-01-01,Alaska,14.410765941527789,14.254566669465804,
23,2014-01-01,Alaska,14.677855031536609,14.876058873371383,
24,2015-01-01,Alaska,14.898951762967336,15.257758518016669,
25,2016-01-01,Alaska,15.073800654336912,15.39931106286338,
26,2017-01-01,Alaska,14.461350135149026,14.716667179176493,
27,2017-12-31,Alaska,0.0,14.962661168558805,
28,2018-01-01,Alaska,14.727893962604785,0.0,
29,2018-12-31,Alaska,0.0,14.38583565889258,
30,2019-01-01,Alaska,14.948445432341783,0.0,
31,2019-12-31,Alaska,15.306067576371275,13.571614481585527,
32,2020-12-31,Alaska,15.250624680942357,15.76289373226426,
33,2021-12-31,Alaska,15.331967688844047,15.424770277744235,
34,2022-12-31,Alaska,15.366749166627768,14.847944768079996,
35,2023-12-31,Alaska,15.355015880805661,14.033723590768128,
36,2024-12-31,Alaska,15.299572985377393,0.0,
37,2025-12-31,Alaska,15.380915993279574,0.0,
38,2010-01-01,Arizona,20.418042194984054,20.65573064759058,
39,2011-01-01,Arizona,19.826201340401315,19.674365455666983,
40,2012-01-01,Arizona,19.13169035305021,19.03255021090717,
41,2013-01-01,Arizona,17.910581085205678,17.851514102439488,
42,2014-01-01,Arizona,17.705292526056994,17.69672780606434,
43,2015-01-01,Arizona,17.397988952343038,17.430801873106674,
44,2016-01-01,Arizona,16.987824864512177,17.05058688952169,
45,2017-01-01,Arizona,16.049863642532166,16.13147619198609,
46,2017-12-31,Arizona,0.0,15.947046204994898,
47,2018-01-01,Arizona,15.84511759372766,0.0,
48,2018-12-31,Arizona,0.0,15.224079129618893,
49,2019-01-01,Arizona,15.537814020612812,0.0,
50,2019-12-31,Arizona,14.318529793261014,14.387539707950022,
51,2020-12-31,Arizona,14.614494433043339,14.838784373582367,
52,2021-12-31,Arizona,13.998388951507055,14.22985666594177,
53,2022-12-31,Arizona,13.279547205045553,13.506889590566546,
54,2023-12-31,Arizona,12.458354862600748,12.670350168895773,
55,2024-12-31,Arizona,12.754319502385725,0.0,
56,2025-12-31,Arizona,12.138214020850079,0.0,
57,2010-01-01,Arkansas,19.11799601751644,19.25733333333352,
58,2011-01-01,Arkansas,19.427783127162993,18.98133333332888,
59,2012-01-01,Arkansas,19.694013595685423,19.714232130320774,
60,2013-01-01,Arkansas,19.249945028020104,19.430469517978917,
61,2014-01-01,Arkansas,19.6028089741765,19.7430334060651,
62,2015-01-01,Arkansas,19.431249724414368,19.75466666666032,
63,2016-01-01,Arkansas,19.214243066178874,19.143999999993504,
64,2017-01-01,Arkansas,18.28561343274215,18.138666666672382,
65,2017-12-31,Arkansas,0.0,17.054351775201447,
66,2018-01-01,Arkansas,18.155440097308993,0.0,
67,2018-12-31,Arkansas,0.0,15.581489840036273,
68,2019-01-01,Arkansas,17.981990083292583,0.0,
69,2019-12-31,Arkansas,17.907471226471394,13.82818569156035,
70,2020-12-31,Arkansas,17.504209140633257,16.285412063137493,
71,2021-12-31,Arkansas,17.199525558185957,15.096804421018177,
72,2022-12-31,Arkansas,16.850860540343408,13.623942485835734,
73,2023-12-31,Arkansas,16.458211587512253,11.870638337335386,
74,2024-12-31,Arkansas,16.05494950167411,0.0,
75,2025-12-31,Arkansas,15.75026591922714,0.0,
76,2010-01-01,California,18.265214494991053,18.233704454406112,
77,2011-01-01,California,17.62253759946923,17.60775186833545,
78,2012-01-01,California,17.184952143511268,17.25736703428816,
79,2013-01-01,California,16.04620624157295,16.172575194796256,
80,2014-01-01,California,15.197421470284462,15.183444966338808,
81,2015-01-01,California,14.554106841266467,14.47070347330849,
82,2016-01-01,California,14.115889646002376,14.033998575071625,
83,2017-01-01,California,13.082501461667787,12.948606154984358,
84,2017-12-31,California,0.0,13.98484742378593,
85,2018-01-01,California,12.338786954828361,0.0,
86,2018-12-31,California,0.0,14.369259757792808,
87,2019-01-01,California,11.800542502801282,0.0,
88,2019-12-31,California,14.814083463175955,15.023431363248864,
89,2020-12-31,California,11.338608386718992,10.64852027447919,
90,2021-12-31,California,11.413080039835904,10.760878393345468,
91,2022-12-31,California,11.689347657978946,11.145290727348264,
92,2023-12-31,California,12.165589349190917,11.799462332811807,
93,2024-12-31,California,8.690114272719175,0.0,
94,2025-12-31,California,8.764585925834048,0.0,
95,2010-01-01,Colorado,15.157833487036864,15.183480100193133,
96,2011-01-01,Colorado,14.80043191676859,14.791192843647025,
97,2012-01-01,Colorado,14.580907252172754,14.509784322117806,
98,2013-01-01,Colorado,13.593965127331021,13.653980585566845,
99,2014-01-01,Colorado,13.09816684149408,13.150674634155372,
100,2015-01-01,Colorado,12.740439436891709,12.758385399957481,
101,2016-01-01,Colorado,12.520588901997957,12.476974904728106,
102,2017-01-01,Colorado,11.533319899963617,11.621171104592472,
103,2017-12-31,Colorado,0.0,12.245242244823622,
104,2018-01-01,Colorado,11.037515043937887,0.0,
105,2018-12-31,Colorado,0.0,12.293650116265725,
106,2019-01-01,Colorado,10.679787595327628,0.0,
107,2019-12-31,Colorado,13.007336671511563,12.450398890022855,
108,2020-12-31,Colorado,10.37751630219324,10.273296334750713,
109,2021-12-31,Colorado,10.43183275111155,10.212432712420474,
110,2022-12-31,Colorado,10.621949040172073,10.260840583860608,
111,2023-12-31,Colorado,10.94668479876883,10.41758935762069,
112,2024-12-31,Colorado,8.31686442944159,0.0,
113,2025-12-31,Colorado,8.37118087835887,0.0,
114,2010-01-01,Connecticut,13.313618490977959,13.19022190564929,
115,2011-01-01,Connecticut,13.103207987840673,13.029161089021198,
116,2012-01-01,Connecticut,13.007811027731009,12.936655365357693,
117,2013-01-01,Connecticut,12.479321727624884,12.510978132109269,
118,2014-01-01,Connecticut,12.153803311683651,12.281286844633748,
119,2015-01-01,Connecticut,11.94324537936202,12.120226010131042,
120,2016-01-01,Connecticut,11.847700990709086,12.027720264533881,
121,2017-01-01,Connecticut,11.319063852648718,11.60204301248648,
122,2017-12-31,Connecticut,0.0,12.047449794985006,
123,2018-01-01,Connecticut,10.99339802554549,0.0,
124,2018-12-31,Connecticut,0.0,12.158912727632112,
125,2019-01-01,Connecticut,10.782840081324016,0.0,
126,2019-12-31,Connecticut,12.606581464781877,12.337387334296569,
127,2020-12-31,Connecticut,10.706464690152455,11.0946344842652,
128,2021-12-31,Connecticut,10.839841630839178,11.138514657395682,
129,2022-12-31,Connecticut,11.086716544658646,11.249977590041619,
130,2023-12-31,Connecticut,11.446176155303991,11.42845219670791,
131,2024-12-31,Connecticut,9.546059380667593,0.0,
132,2025-12-31,Connecticut,9.679436321353403,0.0,
133,2010-01-01,District of Columbia,16.641257984317072,16.547063483323818,
134,2011-01-01,District of Columbia,16.120320944684508,16.090872464372996,
135,2012-01-01,District of Columbia,15.531075610586178,15.486777372148865,
136,2013-01-01,District of Columbia,14.507715545593843,14.455330532589375,
137,2014-01-01,District of Columbia,14.054899296985761,14.146097024189048,
138,2015-01-01,District of Columbia,13.53242867102356,13.68845068988708,
139,2016-01-01,District of Columbia,12.94154309985214,13.082900343474453,
140,2017-01-01,District of Columbia,11.916537790360898,12.050064614557408,
141,2017-12-31,District of Columbia,0.0,11.428637014319342,
142,2018-01-01,District of Columbia,11.462115078441961,0.0,
143,2018-12-31,District of Columbia,0.0,10.380828247477776,
144,2019-01-01,District of Columbia,10.939537594582893,0.0,
145,2019-12-31,District of Columbia,9.89579764809756,9.186922288079597,
146,2020-12-31,District of Columbia,9.689416425061426,9.923567858102476,
147,2021-12-31,District of Columbia,8.961904672993878,9.02268455011473,
148,2022-12-31,District of Columbia,8.166301901588364,7.974875783274541,
149,2023-12-31,District of Columbia,7.302906369439878,6.780969823873379,
150,2024-12-31,District of Columbia,7.096525146406142,0.0,
151,2025-12-31,District of Columbia,6.369013394339188,0.0,
152,2010-01-01,Delaware,12.893342665215247,12.879629634719679,
153,2011-01-01,Delaware,12.672898919841124,12.669023664886549,
154,2012-01-01,Delaware,12.554248983330247,12.529492773359147,
155,2013-01-01,Delaware,12.559155169678561,12.555767968614692,
156,2014-01-01,Delaware,12.23685372772098,12.273831244925702,
157,2015-01-01,Delaware,12.016007119044843,12.062338961451214,
158,2016-01-01,Delaware,11.896951732370294,11.921921756720007,
159,2017-01-01,Delaware,11.901451702556777,11.947308214126277,
160,2017-12-31,Delaware,0.0,11.854044649052131,
161,2018-01-01,Delaware,11.578901824328813,0.0,
162,2018-12-31,Delaware,0.0,11.926129086661934,
163,2019-01-01,Delaware,11.358052625337407,0.0,
164,2019-12-31,Delaware,12.434148117221351,12.068378069056783,
165,2020-12-31,Delaware,11.221646268000338,11.243548545449443,
166,2021-12-31,Delaware,11.30572796550155,11.24504835009569,
167,2022-12-31,Delaware,11.4907886752664,11.317132787704844,
168,2023-12-31,Delaware,11.776193618232679,11.459381770101249,
169,2024-12-31,Delaware,10.563691769006667,0.0,
170,2025-12-31,Delaware,10.647773466507012,0.0,
171,2010-01-01,Florida,17.605970149254354,17.60597014925313,
172,2011-01-01,Florida,17.788059701486443,17.788059701503933,
173,2012-01-01,Florida,18.67454890036825,18.67454890041246,
174,2013-01-01,Florida,17.85017658538255,17.85017658539155,
175,2014-01-01,Florida,16.956854393692186,16.956854393685624,
176,2015-01-01,Florida,16.491044776121782,16.491044776156038,
177,2016-01-01,Florida,16.226865671630264,16.22686567166631,
178,2017-01-01,Florida,15.507462686569564,15.507462686545551,
179,2017-12-31,Florida,0.0,16.581793044876854,
180,2018-01-01,Florida,14.641791044777023,0.0,
181,2018-12-31,Florida,0.0,17.197328675670093,
182,2019-01-01,Florida,13.944776119406864,0.0,
183,2019-12-31,Florida,15.887985133999688,18.101456623499352,
184,2020-12-31,Florida,13.054025330983524,13.858325346298855,
185,2021-12-31,Florida,12.85821928968122,14.182516106552626,
186,2022-12-31,Florida,12.826937047307469,14.79805173734983,
187,2023-12-31,Florida,12.95843639243598,15.70217968518643,
188,2024-12-31,Florida,10.124476589419697,0.0,
189,2025-12-31,Florida,9.928670548044733,0.0,
190,2010-01-01,Georgia,19.825303468967366,19.949798011931268,
191,2011-01-01,Georgia,19.73691055595271,19.70085656982981,
192,2012-01-01,Georgia,19.696686878116797,19.5969043531356,
193,2013-01-01,Georgia,19.05936617689478,18.992364631454098,
194,2014-01-01,Georgia,18.56019635585269,18.526536041859313,
195,2015-01-01,Georgia,17.873667795498193,17.871844007165375,
196,2016-01-01,Georgia,17.234897337481424,17.36213092770612,
197,2017-01-01,Georgia,16.360071053277686,16.352988297431096,
198,2017-12-31,Georgia,0.0,16.776109573399708,
199,2018-01-01,Georgia,15.62511388323077,0.0,
200,2018-12-31,Georgia,0.0,16.69837052126737,
201,2019-01-01,Georgia,14.938174190209196,0.0,
202,2019-12-31,Georgia,15.161337103819061,16.762761471167096,
203,2020-12-31,Georgia,13.708862774140549,14.023766763684218,
204,2021-12-31,Georgia,13.16651985890638,13.802794952580236,
205,2022-12-31,Georgia,12.672251745373837,13.725055900445627,
206,2023-12-31,Georgia,12.225843498692388,13.789446850349005,
207,2024-12-31,Georgia,10.773369169013023,0.0,
208,2025-12-31,Georgia,10.231026253778882,0.0,
209,2010-01-01,Hawaii,14.715748671033225,14.560411802113588,
210,2011-01-01,Hawaii,14.378233561713259,14.299620797288584,
211,2012-01-01,Hawaii,14.189687917693574,14.071349647114364,
212,2013-01-01,Hawaii,13.468060405606968,13.475461027959701,
213,2014-01-01,Hawaii,12.980996502704482,13.180785777122024,
214,2015-01-01,Hawaii,12.642894990500931,12.918695895229808,
215,2016-01-01,Hawaii,12.453743707309998,12.689125865934555,
216,2017-01-01,Hawaii,11.731532385470167,12.091943038478815,
217,2017-12-31,Hawaii,0.0,12.32686072679143,
218,2018-01-01,Hawaii,11.244317045952869,0.0,
219,2018-12-31,Hawaii,0.0,12.193668756375551,
220,2019-01-01,Hawaii,10.906196294559653,0.0,
221,2019-12-31,Hawaii,13.175050088354299,12.092003712366733,
222,2020-12-31,Hawaii,10.676472429525944,11.108374056667063,
223,2021-12-31,Hawaii,10.783822805530319,10.943314765170946,
224,2022-12-31,Hawaii,11.038176472356483,10.810122794754296,
225,2023-12-31,Hawaii,11.43835138904073,10.708457750746513,
226,2024-12-31,Hawaii,8.939773730203367,0.0,
227,2025-12-31,Hawaii,9.047124106206551,0.0,
228,2010-01-01,Idaho,17.171143144880457,17.042991110366618,
229,2011-01-01,Idaho,16.70083869731343,16.66928121358115,
230,2012-01-01,Idaho,16.469458299621973,16.427712767781923,
231,2013-01-01,Idaho,15.539837978652637,15.44787065907965,
232,2014-01-01,Idaho,14.829631342086628,14.941299510393314,
233,2015-01-01,Idaho,14.358460321202475,14.56663005581374,
234,2016-01-01,Idaho,14.12534785367655,14.324101815558071,
235,2017-01-01,Idaho,13.194739045850072,13.343374399538611,
236,2017-12-31,Idaho,0.0,14.233538864646427,
237,2018-01-01,Idaho,12.483647326154653,0.0,
238,2018-12-31,Idaho,0.0,14.3839488964258,
239,2019-01-01,Idaho,12.011610805764152,0.0,
240,2019-12-31,Idaho,15.56471116751868,14.663392279956412,
241,2020-12-31,Idaho,11.783755092777517,12.108368935372138,
242,2021-12-31,Idaho,12.026403514833959,12.128616400807816,
243,2022-12-31,Idaho,12.505044879022229,12.279026432584777,
244,2023-12-31,Idaho,13.2178616458861,12.558469816118988,
245,2024-12-31,Idaho,9.436905571131035,0.0,
246,2025-12-31,Idaho,9.679553993185696,0.0,
247,2010-01-01,Illinois,14.896869114583497,14.944679607162099,
248,2011-01-01,Illinois,14.438160227178955,14.455907081154303,
249,2012-01-01,Illinois,14.213562925435903,14.182487865237723,
250,2013-01-01,Illinois,13.726801485953683,13.743057047026891,
251,2014-01-01,Illinois,13.034000893945393,13.038974319158662,
252,2015-01-01,Illinois,12.575291949361297,12.55015551841017,
253,2016-01-01,Illinois,12.350694591697643,12.276690028504724,
254,2017-01-01,Illinois,11.863933097540066,11.837212810565113,
255,2017-12-31,Illinois,0.0,12.374087474446714,
256,2018-01-01,Illinois,11.171132503520868,0.0,
257,2018-12-31,Illinois,0.0,12.743133177655146,
258,2019-01-01,Illinois,10.712423559662136,0.0,
259,2019-12-31,Illinois,13.779334795029552,13.323900775669555,
260,2020-12-31,Illinois,10.496945983010551,10.312350639944881,
261,2021-12-31,Illinois,10.738974716154694,10.468197873314052,
262,2022-12-31,Illinois,11.212691828954132,10.837243576519729,
263,2023-12-31,Illinois,11.91646640576522,11.418011174539181,
264,2024-12-31,Illinois,8.634077593733686,0.0,
265,2025-12-31,Illinois,8.876106326875881,0.0,
266,2010-01-01,Indiana,16.301785130013258,16.43656159218272,
267,2011-01-01,Indiana,15.772239446974378,15.800183063176283,
268,2012-01-01,Indiana,15.332019866351487,15.278429488097228,
269,2013-01-01,Indiana,14.981621510444239,15.100323773698168,
270,2014-01-01,Indiana,14.362767732900991,14.348798106090463,
271,2015-01-01,Indiana,13.833168565307094,13.71172526288833,
272,2016-01-01,Indiana,13.392895500197024,13.189277402508527,
273,2017-01-01,Indiana,13.04244351460116,13.011171348706993,
274,2017-12-31,Indiana,0.0,12.487912571694018,
275,2018-01-01,Indiana,12.423589735448859,0.0,
276,2018-12-31,Indiana,0.0,12.308308849544776,
277,2019-01-01,Indiana,11.893990567019816,0.0,
278,2019-12-31,Indiana,12.520829385628915,12.241957682506717,
279,2020-12-31,Indiana,11.10268003161968,10.692267642557603,
280,2021-12-31,Indiana,10.840625808027612,10.398760201769367,
281,2022-12-31,Indiana,10.667141076552756,10.219156479619185,
282,2023-12-31,Indiana,10.581651387007394,10.152805312583515,
283,2024-12-31,Indiana,9.163502032993561,0.0,
284,2025-12-31,Indiana,8.901447809400722,0.0,
285,2010-01-01,Iowa,13.491300833986752,12.91612163717756,
286,2011-01-01,Iowa,12.999958801745748,12.76999614469001,
287,2012-01-01,Iowa,12.66069144255274,12.739492027217675,
288,2013-01-01,Iowa,12.58916181871962,12.740344210788576,
289,2014-01-01,Iowa,11.945822990974946,12.478455720153871,
290,2015-01-01,Iowa,11.454187224483164,11.90040998877978,
291,2016-01-01,Iowa,11.114513299142132,11.437985582090018,
292,2017-01-01,Iowa,11.042305015157659,11.006046586731046,
293,2017-12-31,Iowa,0.0,10.859723027309101,
294,2018-01-01,Iowa,10.398370406450447,0.0,
295,2018-12-31,Iowa,0.0,10.743229456988487,
296,2019-01-01,Iowa,9.906350634177421,0.0,
297,2019-12-31,Iowa,11.269217227159505,10.74104734916631,
298,2020-12-31,Iowa,9.37842468167821,8.925277534174684,
299,2021-12-31,Iowa,9.342026888380714,8.693835802079604,
300,2022-12-31,Iowa,9.456561566682353,8.577342231757694,
301,2023-12-31,Iowa,9.721109493038579,8.575160123937883,
302,2024-12-31,Iowa,7.830316947550038,0.0,
303,2025-12-31,Iowa,7.79391915425124,0.0,
304,2010-01-01,Kansas,14.323392715387389,14.341300332636319,
305,2011-01-01,Kansas,14.01980584447918,14.010544966057168,
306,2012-01-01,Kansas,13.83923368444232,13.775216351953437,
307,2013-01-01,Kansas,13.732708777573125,13.786078431859416,
308,2014-01-01,Kansas,13.306037342659554,13.359916098598026,
309,2015-01-01,Kansas,13.00231379213999,13.02906465003347,
310,2016-01-01,Kansas,12.821604951636065,12.793639953458898,
311,2017-01-01,Kansas,12.714942990141743,12.804405689927467,
312,2017-12-31,Kansas,0.0,12.608674805076639,
313,2018-01-01,Kansas,12.288271551837106,0.0,
314,2018-12-31,Kansas,0.0,12.658507249728585,
315,2019-01-01,Kansas,11.984547999680581,0.0,
316,2019-12-31,Kansas,13.322557715948303,12.802513344744089,
317,2020-12-31,Kansas,11.745991744042405,11.671913215544812,
318,2021-12-31,Kansas,11.810632637524296,11.62700206407225,
319,2022-12-31,Kansas,11.997169526646385,11.67683450872331,
320,2023-12-31,Kansas,12.304791922891727,11.82084060374094,
321,2024-12-31,Kansas,10.728225950979368,0.0,
322,2025-12-31,Kansas,10.792866844460216,0.0,
323,2010-01-01,Kentucky,17.99300615055273,18.28940548205546,
324,2011-01-01,Kentucky,17.661214875176178,17.517869292740322,
325,2012-01-01,Kentucky,17.168407031766396,17.04060116408076,
326,2013-01-01,Kentucky,16.684112001144026,16.73971031522284,
327,2014-01-01,Kentucky,16.513720028557625,16.465457111073206,
328,2015-01-01,Kentucky,16.23603732997197,16.15858018702512,
329,2016-01-01,Kentucky,15.798613254675788,15.817359657112881,
330,2017-01-01,Kentucky,15.6720993943454,15.652889153978261,
331,2017-12-31,Kentucky,0.0,15.03259190102758,
332,2018-01-01,Kentucky,15.85979572194765,0.0,
333,2018-12-31,Kentucky,0.0,14.589528738109733,
334,2019-01-01,Kentucky,15.886593318067892,0.0,
335,2019-12-31,Kentucky,13.65710035532779,14.113089250683725,
336,2020-12-31,Kentucky,15.457295574494454,14.356966571499315,
337,2021-12-31,Kentucky,15.001788152887487,13.947600159035051,
338,2022-12-31,Kentucky,14.386556914193392,13.504536996117867,
339,2023-12-31,Kentucky,13.612579231840252,13.028097508690937,
340,2024-12-31,Kentucky,15.412774451014048,0.0,
341,2025-12-31,Kentucky,14.957267029408202,0.0,
342,2010-01-01,Louisiana,16.00034026595293,15.99665294910813,
343,2011-01-01,Louisiana,16.329671353345447,16.33469777100329,
344,2012-01-01,Louisiana,17.028802762767487,17.028158346037706,
345,2013-01-01,Louisiana,16.94085673544941,16.937029070860934,
346,2014-01-01,Louisiana,16.799585370774423,16.806842588177723,
347,2015-01-01,Louisiana,17.02603145907821,17.027508644533864,
348,2016-01-01,Louisiana,17.350015140823867,17.34393802829357,
349,2017-01-01,Louisiana,16.987442136445225,16.993435920099287,
350,2017-12-31,Louisiana,0.0,19.032128162377113,
351,2018-01-01,Louisiana,16.572416823437877,0.0,
352,2018-12-31,Louisiana,0.0,20.40097245803015,
353,2019-01-01,Louisiana,16.526849458137253,0.0,
354,2019-12-31,Louisiana,22.320547469334688,22.116675831396403,
355,2020-12-31,Louisiana,17.543809549823745,17.553346075980652,
356,2021-12-31,Louisiana,18.604569763399734,18.57294685792702,
357,2022-12-31,Louisiana,20.031256167769868,19.941791153575167,
358,2023-12-31,Louisiana,21.821365468772974,21.657494526949503,
359,2024-12-31,Louisiana,17.04462754924359,0.0,
360,2025-12-31,Louisiana,18.10538776281706,0.0,
361,2010-01-01,Maine,15.928820088917826,15.915415501908967,
362,2011-01-01,Maine,15.80821077490048,15.808873317546134,
363,2012-01-01,Maine,15.702312516635407,15.619899364277174,
364,2013-01-01,Maine,15.435765772494706,15.428250835834,
365,2014-01-01,Maine,15.300329432411791,15.40404627526966,
366,2015-01-01,Maine,15.12167778263658,15.199245933492879,
367,2016-01-01,Maine,14.732476009942685,14.751238045719603,
368,2017-01-01,Maine,14.181702857845618,14.299845873756128,
369,2017-12-31,Maine,0.0,13.608972286541821,
370,2018-01-01,Maine,13.762896233367679,0.0,
371,2018-12-31,Maine,0.0,12.915580843522369,
372,2019-01-01,Maine,13.358837081955274,0.0,
373,2019-12-31,Maine,13.320363454517159,12.141488669764886,
374,2020-12-31,Maine,12.59478396321325,12.672994462769203,
375,2021-12-31,Maine,12.234622554392194,12.060941497738419,
376,2022-12-31,Maine,11.888873997310295,11.367550054720066,
377,2023-12-31,Maine,11.557376434039998,10.593457880960527,
378,2024-12-31,Maine,10.831796942734819,0.0,
379,2025-12-31,Maine,10.471635533913624,0.0,
380,2010-01-01,Maryland,12.569732184124437,12.575316744770674,
381,2011-01-01,Maryland,12.410854144758783,12.37945676578925,
382,2012-01-01,Maryland,12.34361079879388,12.259112584082594,
383,2013-01-01,Maryland,11.936437976682756,12.01713685960479,
384,2014-01-01,Maryland,11.685852679739764,11.745757479077895,
385,2015-01-01,Maryland,11.52697441154588,11.549849657116582,
386,2016-01-01,Maryland,11.459730837625758,11.429457631550424,
387,2017-01-01,Maryland,11.052557787378673,11.187433932686968,
388,2017-12-31,Maryland,0.0,11.414524153539466,
389,2018-01-01,Maryland,10.801972489960933,0.0,
390,2018-12-31,Maryland,0.0,11.519294007375487,
391,2019-01-01,Maryland,10.643094221888134,0.0,
392,2019-12-31,Maryland,12.09990236688514,11.698203424324813,
393,2020-12-31,Maryland,10.600004735695121,10.554690504044052,
394,2021-12-31,Maryland,10.715155139378332,10.584773384463105,
395,2022-12-31,Maryland,10.920736858379513,10.68954323829811,
396,2023-12-31,Maryland,11.216022176896463,10.868452655249277,
397,2024-12-31,Maryland,9.716124545700898,0.0,
398,2025-12-31,Maryland,9.83127494938338,0.0,
399,2010-01-01,Massachusetts,11.999333883805404,11.77841366500051,
400,2011-01-01,Massachusetts,11.7290587540183,11.633600413712324,
401,2012-01-01,Massachusetts,11.615333772412495,11.561678513341654,
402,2013-01-01,Massachusetts,11.0314261260509,10.976963776164448,
403,2014-01-01,Massachusetts,10.604371259598647,10.75913268955309,
404,2015-01-01,Massachusetts,10.333833960226785,10.614319401133063,
405,2016-01-01,Massachusetts,10.219846782664707,10.542397467270227,
406,2017-01-01,Massachusetts,9.635676223050272,9.957682697839676,
407,2017-12-31,Massachusetts,0.0,10.61606385593037,
408,2018-01-01,Massachusetts,9.208501902784477,0.0,
409,2018-12-31,Massachusetts,0.0,10.76074268698897,
410,2019-01-01,Massachusetts,8.937964576884488,0.0,
411,2019-12-31,Massachusetts,11.317952778324077,10.97649535962967,
412,2020-12-31,Massachusetts,8.866175657266343,9.523827680416463,
413,2021-12-31,Massachusetts,9.063917344457558,9.596782779068432,
414,2022-12-31,Massachusetts,9.416284234353537,9.741461610125596,
415,2023-12-31,Massachusetts,9.922083397320339,9.95721428276836,
416,2024-12-31,Massachusetts,7.470306276253588,0.0,
417,2025-12-31,Massachusetts,7.668047963443602,0.0,
418,2010-01-01,Michigan,17.9930370895334,18.406416853394873,
419,2011-01-01,Michigan,17.327843066685503,17.47307758120735,
420,2012-01-01,Michigan,16.647960888994255,16.680522010477052,
421,2013-01-01,Michigan,16.188912467201728,16.37634570063981,
422,2014-01-01,Michigan,15.538490349751003,15.301979063301914,
423,2015-01-01,Michigan,14.873296326705756,14.36816407623444,
424,2016-01-01,Michigan,14.193414150250534,13.575132791879748,
425,2017-01-01,Michigan,13.734367185487633,13.270479470650296,
426,2017-12-31,Michigan,0.0,12.411086541884151,
427,2018-01-01,Michigan,13.083946520486016,0.0,
428,2018-12-31,Michigan,0.0,12.039273306604837,
429,2019-01-01,Michigan,12.418753949823266,0.0,
430,2019-12-31,Michigan,11.329347705040107,11.806648641688504,
431,2020-12-31,Michigan,11.044407144495068,9.816998423952604,
432,2021-12-31,Michigan,10.335477387594747,9.305220316607887,
433,2022-12-31,Michigan,9.6122243214587,8.933407081327429,
434,2023-12-31,Michigan,8.874806779309912,8.700782416414038,
435,2024-12-31,Michigan,8.589866218765922,0.0,
436,2025-12-31,Michigan,7.880936461865636,0.0,
437,2010-01-01,Minnesota,11.55744860998507,11.582096632360376,
438,2011-01-01,Minnesota,11.199349964848059,11.217277457770788,
439,2012-01-01,Minnesota,10.935873781476307,10.966602517077709,
440,2013-01-01,Minnesota,10.73382937127043,10.724073184487693,
441,2014-01-01,Minnesota,10.281233797511547,10.245203045328196,
442,2015-01-01,Minnesota,9.923135153120779,9.88038284266245,
443,2016-01-01,Minnesota,9.659658968839471,9.629706875621176,
444,2017-01-01,Minnesota,9.457614558080731,9.387176513530592,
445,2017-12-31,Minnesota,0.0,9.47014282561521,
446,2018-01-01,Minnesota,9.005018984819316,0.0,
447,2018-12-31,Minnesota,0.0,9.560424221617476,
448,2019-01-01,Minnesota,8.64692034038687,0.0,
449,2019-12-31,Minnesota,9.548563191156504,9.763190176632191,
450,2020-12-31,Minnesota,8.214546559146648,8.156167102874573,
451,2021-12-31,Minnesota,8.140014310299525,8.133245127954137,
452,2022-12-31,Minnesota,8.15946514327466,8.223526523955062,
453,2023-12-31,Minnesota,8.27234837996328,8.426292478972305,
454,2024-12-31,Minnesota,6.938331747949362,0.0,
455,2025-12-31,Minnesota,6.863799499101539,0.0,
456,2010-01-01,Mississippi,22.965684061994477,22.359816572044263,
457,2011-01-01,Mississippi,22.60498356601232,22.403579580730398,
458,2012-01-01,Mississippi,22.24896048926818,21.797538124694682,
459,2013-01-01,Mississippi,22.246931933467767,22.071987363530546,
460,2014-01-01,Mississippi,21.881644218410376,22.763402536717923,
461,2015-01-01,Mississippi,21.52074602677245,22.804312568082675,
462,2016-01-01,Mississippi,21.162275673100552,21.689424071670945,
463,2017-01-01,Mississippi,21.156936578851504,21.453632171872794,
464,2017-12-31,Mississippi,0.0,17.515639332146765,
465,2018-01-01,Mississippi,20.788352026933612,0.0,
466,2018-12-31,Mississippi,0.0,14.462254910537819,
467,2019-01-01,Mississippi,20.424349225005155,0.0,
468,2019-12-31,Mississippi,19.773080445569526,10.770080599500577,
469,2020-12-31,Mississippi,19.71045497940497,18.294700624406353,
470,2021-12-31,Mississippi,19.360705034884138,15.884538692647514,
471,2022-12-31,Mississippi,19.015819681446573,12.831154271047346,
472,2023-12-31,Mississippi,18.675827817132472,9.138979959995197,
473,2024-12-31,Mississippi,18.61320235096771,0.0,
474,2025-12-31,Mississippi,18.26345240644662,0.0,
475,2010-01-01,Missouri,17.543924882248035,17.46133659879901,
476,2011-01-01,Missouri,17.106290431853186,17.063066601480937,
477,2012-01-01,Missouri,16.795281892978625,16.68944067077967,
478,2013-01-01,Missouri,16.628252019415974,16.63129617787878,
479,2014-01-01,Missouri,16.063033003264856,16.20817844964679,
480,2015-01-01,Missouri,15.623957179088983,15.80834612394214,
481,2016-01-01,Missouri,15.310647936873448,15.433121103787663,
482,2017-01-01,Missouri,15.14133677997604,15.373373148891714,
483,2017-12-31,Missouri,0.0,14.756938694353925,
484,2018-01-01,Missouri,14.574880228794779,0.0,
485,2018-12-31,Missouri,0.0,14.456024937896824,
486,2019-01-01,Missouri,14.134945076347124,0.0,
487,2019-12-31,Missouri,15.317801736910331,14.179842464314877,
488,2020-12-31,Missouri,13.634829422383376,13.82342688877226,
489,2021-12-31,Missouri,13.5741753738623,13.497729173527102,
490,2022-12-31,Missouri,13.63909645273704,13.196815417070091,
491,2023-12-31,Missouri,13.828789636693006,12.920632943488538,
492,2024-12-31,Missouri,12.145817322159717,0.0,
493,2025-12-31,Missouri,12.085163273637514,0.0,
494,2010-01-01,Montana,14.817760587099611,14.552825613914283,
495,2011-01-01,Montana,14.428921561695486,14.336838161544485,
496,2012-01-01,Montana,14.318470472550995,14.275223946617444,
497,2013-01-01,Montana,14.085788572979338,13.966390398655987,
498,2014-01-01,Montana,13.41856905979463,13.595491819564256,
499,2015-01-01,Montana,13.028696294679031,13.378425492865828,
500,2016-01-01,Montana,12.917010874189685,13.315732400767352,
501,2017-01-01,Montana,12.683105448905678,13.00631383034312,
502,2017-12-31,Montana,0.0,13.651990131088656,
503,2018-01-01,Montana,12.014701678885258,0.0,
504,2018-12-31,Montana,0.0,14.049517799726306,
505,2019-01-01,Montana,11.624625462700621,0.0,
506,2019-12-31,Montana,15.238157783932483,14.598574791440317,
507,2020-12-31,Montana,11.679205567948785,12.446469318144837,
508,2021-12-31,Montana,12.122508398214356,12.691347230560883,
509,2022-12-31,Montana,12.841434094895957,13.088874899196433,
510,2023-12-31,Montana,13.834084094652315,13.637931890914206,
511,2024-12-31,Montana,10.275131878653841,0.0,
512,2025-12-31,Montana,10.718434708917172,0.0,
513,2010-01-01,Nebraska,12.458139989169936,12.433461180782789,
514,2011-01-01,Nebraska,12.438296264710864,12.408874280142447,
515,2012-01-01,Nebraska,12.545184595905766,12.473788222529897,
516,2013-01-01,Nebraska,12.278083730309469,12.330221505357283,
517,2014-01-01,Nebraska,12.131436417582343,12.21610783507602,
518,2015-01-01,Nebraska,12.11159136646522,12.191509689015618,
519,2016-01-01,Nebraska,12.21847837104601,12.256412377727855,
520,2017-01-01,Nebraska,11.951377298396105,12.11283437033157,
521,2017-12-31,Nebraska,0.0,12.653811665259795,
522,2018-01-01,Nebraska,11.804729778441127,0.0,
523,2018-12-31,Nebraska,0.0,12.98545310397662,
524,2019-01-01,Nebraska,11.784884725699929,0.0,
525,2019-12-31,Nebraska,13.904043080082236,13.404886430867428,
526,2020-12-31,Nebraska,12.125094422940954,12.193230541658224,
527,2021-12-31,Nebraska,12.484330967771992,12.43641331533302,
528,2022-12-31,Nebraska,12.968734912544052,12.768054754048554,
529,2023-12-31,Nebraska,13.577336437613988,13.187488080941595,
530,2024-12-31,Nebraska,11.79838778046531,0.0,
531,2025-12-31,Nebraska,12.157624325295306,0.0,
532,2010-01-01,Nevada,16.7383279282554,16.788636862933405,
533,2011-01-01,Nevada,16.250291197702314,16.23210427938814,
534,2012-01-01,Nevada,15.897133468075896,15.787733309938801,
535,2013-01-01,Nevada,15.092054700883487,15.216298924530399,
536,2014-01-01,Nevada,14.469018619395086,14.547602630778218,
537,2015-01-01,Nevada,13.980965597212464,13.991042631507408,
538,2016-01-01,Nevada,13.627791571519923,13.546644258451497,
539,2017-01-01,Nevada,12.822696461346846,12.975182392575562,
540,2017-12-31,Nevada,0.0,12.993314022886471,
541,2018-01-01,Nevada,12.199660377009048,0.0,
542,2018-12-31,Nevada,0.0,12.883369337930144,
543,2019-01-01,Nevada,11.711607352384306,0.0,
544,2019-12-31,Nevada,13.553357365416133,12.883562346590073,
545,2020-12-31,Nevada,11.139792480874245,10.973059423321056,
546,2021-12-31,Nevada,11.055097794956344,10.752170094465546,
547,2022-12-31,Nevada,11.103522033242148,10.64222540950778,
548,2023-12-31,Nevada,11.283999123034233,10.642418418170436,
549,2024-12-31,Nevada,8.87043423848412,0.0,
550,2025-12-31,Nevada,8.78573955256516,0.0,
551,2010-01-01,New Hampshire,10.755496394907322,10.663612222608982,
552,2011-01-01,New Hampshire,10.592027085462792,10.54241045332177,
553,2012-01-01,New Hampshire,10.50623080575517,10.426045318196165,
554,2013-01-01,New Hampshire,10.393879591786064,10.401129935719583,
555,2014-01-01,New Hampshire,10.152130180365933,10.274612774497411,
556,2015-01-01,New Hampshire,9.987686766871215,10.152872874477499,
557,2016-01-01,New Hampshire,9.900875607512877,10.035969606639222,
558,2017-01-01,New Hampshire,9.786991524885291,10.010514622065383,
559,2017-12-31,New Hampshire,0.0,9.816791092342969,
560,2018-01-01,New Hampshire,9.544340441755528,0.0,
561,2018-12-31,New Hampshire,0.0,9.714543816154952,
562,2019-01-01,New Hampshire,9.37934245165009,0.0,
563,2019-12-31,New Hampshire,10.323824212820266,9.617189078959795,
564,2020-12-31,New Hampshire,9.282245881497817,9.533305905994009,
565,2021-12-31,New Hampshire,9.349768533280235,9.426161389487712,
566,2022-12-31,New Hampshire,9.49418738824351,9.323914113299752,
567,2023-12-31,New Hampshire,9.714966096728208,9.226559376104683,
568,2024-12-31,New Hampshire,8.67338776540155,0.0,
569,2025-12-31,New Hampshire,8.740910417183297,0.0,
570,2010-01-01,New Jersey,13.664744932412521,13.561189638926002,
571,2011-01-01,New Jersey,13.167110742505374,13.137469504982214,
572,2012-01-01,New Jersey,12.865854350048924,12.843480501660272,
573,2013-01-01,New Jersey,12.322367525803095,12.25944628805071,
574,2014-01-01,New Jersey,11.628052706214184,11.705955656317826,
575,2015-01-01,New Jersey,11.129929771894936,11.282235427981018,
576,2016-01-01,New Jersey,10.828184628571357,10.988246326465966,
577,2017-01-01,New Jersey,10.284505511185795,10.404212010609614,
578,2017-12-31,New Jersey,0.0,10.788146960351689,
579,2018-01-01,New Jersey,9.590006297094998,0.0,
580,2018-12-31,New Jersey,0.0,10.880802365232196,
581,2019-01-01,New Jersey,9.09188335310098,0.0,
582,2019-12-31,New Jersey,11.572847792175036,11.100722304575303,
583,2020-12-31,New Jersey,8.684424346994355,8.968483205870259,
584,2021-12-31,New Jersey,8.77404783640316,8.932912659967169,
585,2022-12-31,New Jersey,9.057968434801012,9.02556806484584,
586,2023-12-31,New Jersey,9.534801365138113,9.245488004192104,
587,2024-12-31,New Jersey,6.6463779199467234,0.0,
588,2025-12-31,New Jersey,6.736001409354026,0.0,
589,2010-01-01,New Mexico,18.50477004163772,18.68580767617344,
590,2011-01-01,New Mexico,18.19817116592969,18.29973010930006,
591,2012-01-01,New Mexico,18.190855382465983,18.24473434858924,
592,2013-01-01,New Mexico,17.66211155222005,17.656873587925006,
593,2014-01-01,New Mexico,17.056162723857362,16.93963622706337,
594,2015-01-01,New Mexico,16.7495483710416,16.553533798293692,
595,2016-01-01,New Mexico,16.742217110974845,16.49851316732402,
596,2017-01-01,New Mexico,16.213473278315956,15.910636464047343,
597,2017-12-31,New Mexico,0.0,17.37858009108673,
598,2018-01-01,New Mexico,15.60752444677629,0.0,
599,2018-12-31,New Mexico,0.0,18.310640842481938,
600,2019-01-01,New Mexico,15.300910090777085,0.0,
601,2019-12-31,New Mexico,19.68618694627525,19.567734862990648,
602,2020-12-31,New Mexico,15.584949712396304,15.027698924880474,
603,2021-12-31,New Mexico,16.173913190381338,15.632342958800601,
604,2022-12-31,New Mexico,17.058832950358504,16.564403710191264,
605,2023-12-31,New Mexico,18.237548661990708,17.821497730707947,
606,2024-12-31,New Mexico,14.13631142809517,0.0,
607,2025-12-31,New Mexico,14.725274906077937,0.0,
608,2010-01-01,New York,13.874861088675821,13.825225278196314,
609,2011-01-01,New York,13.54945772008774,13.523818423156612,
610,2012-01-01,New York,13.358380854547491,13.311827171627865,
611,2013-01-01,New York,13.00045780627407,13.00984793848377,
612,2014-01-01,New York,12.540732334467965,12.619039333271031,
613,2015-01-01,New York,12.215328963638267,12.317611583610075,
614,2016-01-01,New York,12.024252096569647,12.105599440179962,
615,2017-01-01,New York,11.666329047303105,11.803599262130199,
616,2017-12-31,New York,0.0,11.949071344251742,
617,2018-01-01,New York,11.20660357584957,0.0,
618,2018-12-31,New York,0.0,12.003778054014704,
619,2019-01-01,New York,10.881200205058754,0.0,
620,2019-12-31,New York,12.59491843325795,12.14634699892661,
621,2020-12-31,New York,10.633137653757395,10.77658593953136,
622,2021-12-31,New York,10.709768500439692,10.74280178388922,
623,2022-12-31,New York,10.919302685035703,10.797508493651005,
624,2023-12-31,New York,11.260789673825629,10.940077438565075,
625,2024-12-31,New York,9.299008894317756,0.0,
626,2025-12-31,New York,9.375639740998905,0.0,
627,2010-01-01,North Carolina,19.334194995583857,19.203462731297762,
628,2011-01-01,North Carolina,19.049118184937075,18.92567558878517,
629,2012-01-01,North Carolina,18.932207830213237,19.032562215624907,
630,2013-01-01,North Carolina,18.444122759123168,18.6822814096713,
631,2014-01-01,North Carolina,17.794333072334183,18.019845251512002,
632,2015-01-01,North Carolina,17.27133989947731,17.223919297843608,
633,2016-01-01,North Carolina,16.91651318977358,16.81266706974566,
634,2017-01-01,North Carolina,16.1909960560806,15.943050231781026,
635,2017-12-31,North Carolina,0.0,17.14178322820121,
636,2018-01-01,North Carolina,15.4999059356584,0.0,
637,2018-12-31,North Carolina,0.0,17.87925702966715,
638,2019-01-01,North Carolina,14.976912765481874,0.0,
639,2019-12-31,North Carolina,17.16974047102153,18.995619949689114,
640,2020-12-31,North Carolina,14.435194444989042,13.528511868372469,
641,2021-12-31,North Carolina,14.415705988943886,13.884637069476687,
642,2022-12-31,North Carolina,14.562788995651152,14.622110870937604,
643,2023-12-31,North Carolina,14.87531334147804,15.738473790968028,
644,2024-12-31,North Carolina,12.140767315437351,0.0,
645,2025-12-31,North Carolina,12.121278859391115,0.0,
646,2010-01-01,North Dakota,8.159120341003833,8.14078810863878,
647,2011-01-01,North Dakota,7.868345730170184,7.866872532517918,
648,2012-01-01,North Dakota,7.534931844255014,7.444924931680715,
649,2013-01-01,North Dakota,7.751181852488708,7.710064735198156,
650,2014-01-01,North Dakota,7.503214046278716,7.584401936805959,
651,2015-01-01,North Dakota,7.187651410389799,7.309778003706962,
652,2016-01-01,North Dakota,6.829435310550832,6.887003792558976,
653,2017-01-01,North Dakota,7.020744899302596,7.151314721087743,
654,2017-12-31,North Dakota,0.0,5.5995659025321,
655,2018-01-01,North Dakota,6.747904817229962,0.0,
656,2018-12-31,North Dakota,0.0,4.736641203022684,
657,2019-01-01,North Dakota,6.432257929094574,0.0,
658,2019-12-31,North Dakota,4.975742865111533,3.729159523694187,
659,2020-12-31,North Dakota,5.673285369692877,5.757002259696426,
660,2021-12-31,North Dakota,5.2305089288009095,5.039882645996322,
661,2022-12-31,North Dakota,4.746023282674926,4.1769579464894555,
662,2023-12-31,North Dakota,4.2202793186736445,3.16947626715708,
663,2024-12-31,North Dakota,4.917821823258186,0.0,
664,2025-12-31,North Dakota,4.475045382366433,0.0,
665,2010-01-01,Ohio,17.952028213678897,18.12471075474013,
666,2011-01-01,Ohio,17.32829939244415,17.383951211840962,
667,2012-01-01,Ohio,16.793209781277568,16.79465575159499,
668,2013-01-01,Ohio,16.51667574676036,16.6103093269153,
669,2014-01-01,Ohio,15.804443250536522,15.718104448314325,
670,2015-01-01,Ohio,15.180703483218561,14.977148465544566,
671,2016-01-01,Ohio,14.645602927748183,14.387644091007695,
672,2017-01-01,Ohio,14.369057925216516,14.203144743610807,
673,2017-12-31,Ohio,0.0,13.66249398018298,
674,2018-01-01,Ohio,13.656814622922674,0.0,
675,2018-12-31,Ohio,0.0,13.525908654805065,
676,2019-01-01,Ohio,13.033074860778221,0.0,
677,2019-12-31,Ohio,13.38866068150418,13.538907063910157,
678,2020-12-31,Ohio,12.051487264396345,11.542348786510189,
679,2021-12-31,Ohio,11.69342665210827,11.255305313417455,
680,2022-12-31,Ohio,11.423444410804517,11.11871998803817,
681,2023-12-31,Ohio,11.241032071004382,11.131718397146477,
682,2024-12-31,Ohio,9.903858653892415,0.0,
683,2025-12-31,Ohio,9.545798041603527,0.0,
684,2010-01-01,Oklahoma,17.518849465936967,17.572430597379824,
685,2011-01-01,Oklahoma,17.087715779878117,17.09718541505372,
686,2012-01-01,Oklahoma,16.775579898449536,16.77765868281377,
687,2013-01-01,Oklahoma,16.901782570210393,16.95920520440012,
688,2014-01-01,Oklahoma,16.350744290377705,16.323138370558826,
689,2015-01-01,Oklahoma,15.918212536808507,15.84153599373402,
690,2016-01-01,Oklahoma,15.604678589688465,15.515626489280367,
691,2017-01-01,Oklahoma,15.72976130806795,15.692256878162164,
692,2017-12-31,Oklahoma,0.0,15.3306635479471,
693,2018-01-01,Oklahoma,15.17846112495749,0.0,
694,2018-12-31,Oklahoma,0.0,15.470765014004515,
695,2019-01-01,Oklahoma,14.745929373055883,0.0,
696,2019-12-31,Oklahoma,15.53761198573864,15.764896197007618,
697,2020-12-31,Oklahoma,14.237874414399565,14.077449883500782,
698,2021-12-31,Oklahoma,14.162167203849322,14.062683221858387,
699,2022-12-31,Oklahoma,14.204860752906773,14.20278468791454,
700,2023-12-31,Oklahoma,14.365328822434245,14.496915870920802,
701,2024-12-31,Oklahoma,13.065591251090213,0.0,
702,2025-12-31,Oklahoma,12.989884040538971,0.0,
703,2010-01-01,Oregon,17.67311782076058,17.723372011762287,
704,2011-01-01,Oregon,17.270007495482396,17.281454664181997,
705,2012-01-01,Oregon,17.137272114411903,17.095756785813457,
706,2013-01-01,Oregon,16.133216932113637,16.175708717453816,
707,2014-01-01,Oregon,15.459243018464798,15.477008864814717,
708,2015-01-01,Oregon,15.055734713685556,15.034634358112822,
709,2016-01-01,Oregon,14.922601372156157,14.848479275988154,
710,2017-01-01,Oregon,13.918149694452737,13.928159555895553,
711,2017-12-31,Oregon,0.0,15.242069257166861,
712,2018-01-01,Oregon,13.244088558981389,0.0,
713,2018-12-31,Oregon,0.0,15.81930400797295,
714,2019-01-01,Oregon,12.840579901652362,0.0,
715,2019-12-31,Oregon,17.073541573317982,16.64774174903483,
716,2020-12-31,Oregon,12.844031781069356,12.670401813352271,
717,2021-12-31,Oregon,13.249202292870294,12.994503685775793,
718,2022-12-31,Oregon,13.921348162677681,13.57173843657801,
719,2023-12-31,Oregon,14.85838647487403,14.400176177646209,
720,2024-12-31,Oregon,10.628876682609583,0.0,
721,2025-12-31,Oregon,11.034047194408409,0.0,
722,2010-01-01,Pennsylvania,14.593591478256105,14.503458054793132,
723,2011-01-01,Pennsylvania,14.10347650089922,14.074150939096967,
724,2012-01-01,Pennsylvania,13.81685177691309,13.776014438313087,
725,2013-01-01,Pennsylvania,13.774550905744485,13.7304179115385,
726,2014-01-01,Pennsylvania,13.080971220676023,13.170079029855422,
727,2015-01-01,Pennsylvania,12.59071759954466,12.74077183656033,
728,2016-01-01,Pennsylvania,12.303929809793008,12.442635264764034,
729,2017-01-01,Pennsylvania,12.261465439102375,12.397038662144602,
730,2017-12-31,Pennsylvania,0.0,12.239257763155909,
731,2018-01-01,Pennsylvania,11.56786124898965,0.0,
732,2018-12-31,Pennsylvania,0.0,12.333123745135495,
733,2019-01-01,Pennsylvania,11.077583159714003,0.0,
734,2019-12-31,Pennsylvania,13.182350233631226,12.556375713197287,
735,2020-12-31,Pennsylvania,10.707301220981657,10.942194566170773,
736,2021-12-31,Pennsylvania,10.826543828126932,10.905878515928272,
737,2022-12-31,Pennsylvania,11.147606760618837,10.999744497906583,
738,2023-12-31,Pennsylvania,11.669215749628618,11.2229964659713,
739,2024-12-31,Pennsylvania,9.194166736969002,0.0,
740,2025-12-31,Pennsylvania,9.313409344112536,0.0,
741,2010-01-01,Rhode Island,15.36147634521052,15.070354123914939,
742,2011-01-01,Rhode Island,14.693921921309569,14.57525660519111,
743,2012-01-01,Rhode Island,14.192599315282461,14.15423721093913,
744,2013-01-01,Rhode Island,13.81234466732461,13.74037057462525,
745,2014-01-01,Rhode Island,12.978655403134404,13.171228984834473,
746,2015-01-01,Rhode Island,12.311095591516366,12.676131434150706,
747,2016-01-01,Rhode Island,11.809767593599082,12.255112005216553,
748,2017-01-01,Rhode Island,11.429507541954797,11.841245338250978,
749,2017-12-31,Rhode Island,0.0,11.634769453878386,
750,2018-01-01,Rhode Island,10.595815421237106,0.0,
751,2018-12-31,Rhode Island,0.0,11.434840821155424,
752,2019-01-01,Rhode Island,9.928255592095045,0.0,
753,2019-12-31,Rhode Island,11.458416414007974,11.307780333370907,
754,2020-12-31,Rhode Island,9.091634960749778,10.008944619301122,
755,2021-12-31,Rhode Island,8.921885671877781,9.735644200597868,
756,2022-12-31,Rhode Island,8.916892897880967,9.53571556787405,
757,2023-12-31,Rhode Island,9.07557639932581,9.408655080091279,
758,2024-12-31,Rhode Island,6.708794946059101,0.0,
759,2025-12-31,Rhode Island,6.5390456571856115,0.0,
760,2010-01-01,South Carolina,20.906997707580945,20.618991284520845,
761,2011-01-01,South Carolina,20.145371036222247,20.08409941588748,
762,2012-01-01,South Carolina,19.368800298835744,19.336792814065298,
763,2013-01-01,South Carolina,18.596376257987746,18.341390277395323,
764,2014-01-01,South Carolina,17.849705487912765,18.02239350481691,
765,2015-01-01,South Carolina,17.088078821946226,17.49367622687467,
766,2016-01-01,South Carolina,16.311508086395605,16.75254424309711,
767,2017-01-01,South Carolina,15.539084015968484,15.762874528308284,
768,2017-12-31,South Carolina,0.0,14.634140225791377,
769,2018-01-01,South Carolina,14.792392020236768,0.0,
770,2018-12-31,South Carolina,0.0,13.258326983194396,
771,2019-01-01,South Carolina,14.030744130891637,0.0,
772,2019-12-31,South Carolina,13.05660017334626,11.673014130858876,
773,2020-12-31,South Carolina,12.462646384060598,13.223183231625198,
774,2021-12-31,South Carolina,11.656275336476341,12.058140658127307,
775,2022-12-31,South Carolina,10.835105878048251,10.68232741553264,
776,2023-12-31,South Carolina,9.999223012450393,9.097014563192644,
777,2024-12-31,South Carolina,9.405269223165277,0.0,
778,2025-12-31,South Carolina,8.598898175581086,0.0,
779,2010-01-01,South Dakota,12.210728025455575,12.238461538461953,
780,2011-01-01,South Dakota,12.31391542035308,12.096923076926375,
781,2012-01-01,South Dakota,12.423997991833852,12.52059867828566,
782,2013-01-01,South Dakota,12.298173270780879,12.342893896232372,
783,2014-01-01,South Dakota,12.393521433293781,12.442047777361974,
784,2015-01-01,South Dakota,12.494926374674764,12.563076923076855,
785,2016-01-01,South Dakota,12.323301621304282,12.347692307692938,
786,2017-01-01,South Dakota,11.915242869929308,11.755384615389724,
787,2017-12-31,South Dakota,0.0,12.059081122505464,
788,2018-01-01,South Dakota,11.729801335619198,0.0,
789,2018-12-31,South Dakota,0.0,11.986126255481395,
790,2019-01-01,South Dakota,11.551150667725747,0.0,
791,2019-12-31,South Dakota,11.706731528454062,11.960786268577113,
792,2020-12-31,South Dakota,11.21462257895211,10.800289538211457,
793,2021-12-31,South Dakota,11.056903726946878,10.679735533036725,
794,2022-12-31,South Dakota,10.906292396632146,10.606780666009678,
795,2023-12-31,South Dakota,10.762825086520618,10.581440679118147,
796,2024-12-31,South Dakota,10.27071613701968,0.0,
797,2025-12-31,South Dakota,10.112997285014766,0.0,
798,2010-01-01,Tennessee,18.448430329793844,18.61318431625078,
799,2011-01-01,Tennessee,17.893730434565445,17.922653197196443,
800,2012-01-01,Tennessee,17.29179031267442,17.23571050287866,
801,2013-01-01,Tennessee,16.772539952404685,16.938665172974197,
802,2014-01-01,Tennessee,16.2651182355557,16.24474269608109,
803,2015-01-01,Tennessee,15.710418343632687,15.55395669336621,
804,2016-01-01,Tennessee,15.108478221372835,14.866759111387768,
805,2017-01-01,Tennessee,14.589227866269717,14.569458194308787,
806,2017-12-31,Tennessee,0.0,13.503849016254733,
807,2018-01-01,Tennessee,14.081872892944673,0.0,
808,2018-12-31,Tennessee,0.0,12.828461264333933,
809,2019-01-01,Tennessee,13.52723974705195,0.0,
810,2019-12-31,Tennessee,12.231919330267225,12.15731090058342,
811,2020-12-31,Tennessee,12.276366413226025,11.813871530663427,
812,2021-12-31,Tennessee,11.580429060068145,11.134387160169815,
813,2022-12-31,Tennessee,10.83781868175432,10.458999408249461,
814,2023-12-31,Tennessee,10.048874402535459,9.787849044498735,
815,2024-12-31,Tennessee,10.093321485496807,0.0,
816,2025-12-31,Tennessee,9.39738413233926,0.0,
817,2010-01-01,Texas,18.56332794613223,18.80470848125476,
818,2011-01-01,Texas,18.053850985041386,18.124249693696235,
819,2012-01-01,Texas,17.652461185889447,17.647705302972224,
820,2013-01-01,Texas,17.36185900824436,17.528933544751617,
821,2014-01-01,Texas,16.744362977089445,16.643540863495144,
822,2015-01-01,Texas,16.2348860094697,15.961869442245458,
823,2016-01-01,Texas,15.833496204390348,15.484112403663765,
824,2017-01-01,Texas,15.54289402020336,15.364124670623521,
825,2017-12-31,Texas,0.0,15.139299089036824,
826,2018-01-01,Texas,14.92539798928173,0.0,
827,2018-12-31,Texas,0.0,15.270815784742169,
828,2019-01-01,Texas,14.415921021954476,0.0,
829,2019-12-31,Texas,15.303332023634898,15.603395287478282,
830,2020-12-31,Texas,13.721101077293913,13.045290921615328,
831,2021-12-31,Texas,13.53530774960374,12.974490182112163,
832,2022-12-31,Texas,13.456633584254702,13.106006877815538,
833,2023-12-31,Texas,13.484367035571829,13.438586380556112,
834,2024-12-31,Texas,11.902136089225127,0.0,
835,2025-12-31,Texas,11.716342761533967,0.0,
836,2010-01-01,Utah,16.388802903385482,16.267094788444567,
837,2011-01-01,Utah,16.10796748457745,16.09419473767388,
838,2012-01-01,Utah,16.274886118982987,16.395486851335196,
839,2013-01-01,Utah,15.473833831130968,15.513911011322275,
840,2014-01-01,Utah,14.743409610090575,14.744090965382053,
841,2015-01-01,Utah,14.460922201070293,14.448773892638433,
842,2016-01-01,Utah,14.626190113107253,14.627668685680753,
843,2017-01-01,Utah,13.824513217102599,13.746092844728723,
844,2017-12-31,Utah,0.0,16.402760058465656,
845,2018-01-01,Utah,13.094088865654692,0.0,
846,2018-12-31,Utah,0.0,17.994212202787995,
847,2019-01-01,Utah,12.811601414207708,0.0,
848,2019-12-31,Utah,19.73364391839309,20.05039537773053,
849,2020-12-31,Utah,13.588922957219005,13.511831809955542,
850,2021-12-31,Utah,14.64600616384543,14.634941891734101,
851,2022-12-31,Utah,16.145579241394188,16.226394036049687,
852,2023-12-31,Utah,18.084323181394424,18.282577211004103,
853,2024-12-31,Utah,11.939602220194864,0.0,
854,2025-12-31,Utah,12.996685426817736,0.0,
855,2010-01-01,Vermont,13.55913427784137,13.759089310286779,
856,2011-01-01,Vermont,13.375435801757291,13.463341501044603,
857,2012-01-01,Vermont,13.093895119143475,13.041082033013453,
858,2013-01-01,Vermont,13.319029361965903,13.092781037247047,
859,2014-01-01,Vermont,13.233418171072458,12.923677630176552,
860,2015-01-01,Vermont,12.697873745489476,12.627532520404273,
861,2016-01-01,Vermont,12.063061859690748,12.204873362392512,
862,2017-01-01,Vermont,11.933389106218044,12.25617157752542,
863,2017-12-31,Vermont,0.0,10.981700578819634,
864,2018-01-01,Vermont,11.493940337354724,0.0,
865,2018-12-31,Vermont,0.0,10.182564495717397,
866,2019-01-01,Vermont,10.956404282636804,0.0,
867,2019-12-31,Vermont,8.553817921939888,9.259669541867709,
868,2020-12-31,Vermont,9.588216538564378,10.819074927148755,
869,2021-12-31,Vermont,8.758552003344466,10.144706658681681,
870,2022-12-31,Vermont,7.832772765499115,9.345570575581535,
871,2023-12-31,Vermont,6.811782083680608,8.422675621728645,
872,2024-12-31,Vermont,7.846180700312232,0.0,
873,2025-12-31,Vermont,7.016516165093208,0.0,
874,2010-01-01,Virginia,13.51167694970325,13.410180729556329,
875,2011-01-01,Virginia,13.371519458301629,13.342523346267,
876,2012-01-01,Virginia,13.132244914564907,13.117474544588367,
877,2013-01-01,Virginia,12.599626494878969,12.528873286746162,
878,2014-01-01,Virginia,12.558497576112412,12.619128175599844,
879,2015-01-01,Virginia,12.419112896453631,12.552445577063583,
880,2016-01-01,Virginia,12.18061116427489,12.328371555229438,
881,2017-01-01,Virginia,11.648767671359433,11.740643155613501,
882,2017-12-31,Virginia,0.0,11.408692087358741,
883,2018-01-01,Virginia,11.608373741705542,0.0,
884,2018-12-31,Virginia,0.0,10.714081776448847,
885,2019-01-01,Virginia,11.468989061675888,0.0,
886,2019-12-31,Virginia,10.238787631848894,9.864068594460687,
887,2020-12-31,Virginia,10.892910352710768,11.159046557955431,
888,2021-12-31,Virginia,10.456467957942639,10.62073925852965,
889,2022-12-31,Virginia,9.921537616995899,9.926128947621287,
890,2023-12-31,Virginia,9.288663796499822,9.07611576562987,
891,2024-12-31,Virginia,9.942786517365915,0.0,
892,2025-12-31,Virginia,9.506344122598616,0.0,
893,2010-01-01,Washington,16.209753402051057,16.177747617564275,
894,2011-01-01,Washington,15.895570451613596,15.896084196353556,
895,2012-01-01,Washington,15.625861942485681,15.718424874726672,
896,2013-01-01,Washington,14.82225170128231,15.022526303004625,
897,2014-01-01,Washington,14.463397480185327,14.470574338448987,
898,2015-01-01,Washington,14.14921452850009,14.022010953674064,
899,2016-01-01,Washington,13.879506019369478,13.677451779278087,
900,2017-01-01,Washington,13.0760072882481,12.980574777822467,
901,2017-12-31,Washington,0.0,13.299174807337375,
902,2018-01-01,Washington,12.717363134551013,0.0,
903,2018-12-31,Washington,0.0,13.264403975595167,
904,2019-01-01,Washington,12.403390249856319,0.0,
905,2019-12-31,Washington,13.239303128750047,13.331533029293208,
906,2020-12-31,Washington,11.908587303430378,11.394025249349088,
907,2021-12-31,Washington,11.727113026039582,11.256549242494588,
908,2022-12-31,Washington,11.589022661937433,11.221778410750773,
909,2023-12-31,Washington,11.493788049450567,11.288907464451473,
910,2024-12-31,Washington,10.163072224126761,0.0,
911,2025-12-31,Washington,9.98159794673554,0.0,
912,2010-01-01,West Virginia,15.126362417627139,15.10919582973298,
913,2011-01-01,West Virginia,15.394681754474576,15.384286714533397,
914,2012-01-01,West Virginia,15.386862183539417,15.33131951961486,
915,2013-01-01,West Virginia,14.976013274928603,15.016529532378268,
916,2014-01-01,West Virginia,15.520084433142333,15.619109083905737,
917,2015-01-01,West Virginia,15.332354764854873,15.391476572972284,
918,2016-01-01,West Virginia,14.868500025847085,14.836016911105308,
919,2017-01-01,West Virginia,14.000366537884302,14.017357769687974,
920,2017-12-31,West Virginia,0.0,12.744069908596773,
921,2018-01-01,West Virginia,14.088438363654305,0.0,
922,2018-12-31,West Virginia,0.0,11.21022277624004,
923,2019-01-01,West Virginia,13.900708693957236,0.0,
924,2019-12-31,West Virginia,10.262031750994945,9.353824302716976,
925,2020-12-31,West Virginia,12.697027244257434,12.451550354399032,
926,2021-12-31,West Virginia,11.68185808881161,11.242418236498683,
927,2022-12-31,West Virginia,10.392451408838511,9.708571104145598,
928,2023-12-31,West Virginia,8.830385681612858,7.852172630615129,
929,2024-12-31,West Virginia,11.265381174887168,0.0,
930,2025-12-31,West Virginia,10.250212019443369,0.0,
931,2010-01-01,Wisconsin,13.291722612045763,13.520776963233427,
932,2011-01-01,Wisconsin,12.95950814312732,13.072719173872661,
933,2012-01-01,Wisconsin,12.76986729518763,12.678719616425361,
934,2013-01-01,Wisconsin,12.576004932342975,12.339207659511356,
935,2014-01-01,Wisconsin,12.100350442318266,11.835318372506128,
936,2015-01-01,Wisconsin,11.442188103760866,11.384011030870418,
937,2016-01-01,Wisconsin,10.926599360438722,10.986761916673075,
938,2017-01-01,Wisconsin,10.406184201938736,10.644943669463329,
939,2017-12-31,Wisconsin,0.0,10.354240156920476,
940,2018-01-01,Wisconsin,9.605608371818006,0.0,
941,2018-12-31,Wisconsin,0.0,10.11862021956988,
942,2019-01-01,Wisconsin,8.94744600785657,0.0,
943,2019-12-31,Wisconsin,10.284301665176297,9.936364498300229,
944,2020-12-31,Wisconsin,8.05874837411103,8.947880697913966,
945,2021-12-31,Wisconsin,7.827771754922532,8.65857453955228,
946,2022-12-31,Wisconsin,7.738326545176753,8.422954602201095,
947,2023-12-31,Wisconsin,7.7895595688175465,8.240698880932646,
948,2024-12-31,Wisconsin,5.5640062777460395,0.0,
949,2025-12-31,Wisconsin,5.333029658556567,0.0,
950,2010-01-01,Wyoming,12.135538980956921,11.933034136812289,
951,2011-01-01,Wyoming,12.090951821453856,12.088705407376914,
952,2012-01-01,Wyoming,12.076632301728086,12.05041181729727,
953,2013-01-01,Wyoming,12.742540322176552,12.96911618810804,
954,2014-01-01,Wyoming,12.582304006016471,12.783923438508193,
955,2015-01-01,Wyoming,12.318452475415368,12.45490295997653,
956,2016-01-01,Wyoming,12.08472580536405,11.982242485044091,
957,2017-01-01,Wyoming,12.530691346842234,12.46513120172341,
958,2017-12-31,Wyoming,0.0,10.607608527912845,
959,2018-01-01,Wyoming,12.236538460438823,0.0,
960,2018-12-31,Wyoming,0.0,9.707053123059467,
961,2019-01-01,Wyoming,11.972544137545995,0.0,
962,2019-12-31,Wyoming,11.452674644722034,8.66569178849176,
963,2020-12-31,Wyoming,11.53541022336513,10.862203099637263,
964,2021-12-31,Wyoming,11.36231708026162,10.103529410818265,
965,2022-12-31,Wyoming,11.219475545922522,9.202974005967635,
966,2023-12-31,Wyoming,11.106766279227468,8.161612671396524,
967,2024-12-31,Wyoming,11.189501857868759,0.0,
968,2025-12-31,Wyoming,11.016408714764566,0.0,
