,year,state,pov,fi
0,2010-01-01,Alabama,18.9,20.37910448
1,2011-01-01,Alabama,18.9,19.29253731
2,2012-01-01,Alabama,21.3,19.49741189
3,2013-01-01,Alabama,23.8,18.56959206
4,2014-01-01,Alabama,20.6,18.800626100000002
5,2015-01-01,Alabama,19.1,18.95223881
6,2016-01-01,Alabama,23.0,18.49253731
7,2017-01-01,Alabama,21.6,18.09253731
8,2018-01-01,Alabama,24.1,17.15522388
9,2019-01-01,Alabama,21.2,17.71940299
10,2010-01-01,Alaska,10.5,15.02173913
11,2011-01-01,Alaska,10.5,14.57391304
12,2012-01-01,Alaska,12.0,14.69452816
13,2013-01-01,Alaska,11.4,13.96953171
14,2014-01-01,Alaska,8.7,14.24914165
15,2015-01-01,Alaska,9.6,15.93043478
16,2016-01-01,Alaska,12.6,15.34782609
17,2017-01-01,Alaska,10.6,14.86521739
18,2018-01-01,Alaska,9.0,14.77826087
19,2019-01-01,Alaska,9.6,14.26521739
20,2010-01-01,Arizona,14.1,20.74666667
21,2011-01-01,Arizona,14.1,19.55333333
22,2012-01-01,Arizona,12.8,19.09045963
23,2013-01-01,Arizona,14.3,17.84716145
24,2014-01-01,Arizona,10.7,17.52611888
25,2015-01-01,Arizona,18.2,17.64
26,2016-01-01,Arizona,16.3,16.96
27,2017-01-01,Arizona,14.8,16.16
28,2018-01-01,Arizona,11.7,15.53333333
29,2019-01-01,Arizona,12.8,15.75333333
30,2010-01-01,Arkansas,18.3,19.25733333
31,2011-01-01,Arkansas,18.3,18.98133333
32,2012-01-01,Arkansas,21.8,19.71423213
33,2013-01-01,Arkansas,21.3,19.43046952
34,2014-01-01,Arkansas,22.9,19.74303341
35,2015-01-01,Arkansas,23.9,19.75466667
36,2016-01-01,Arkansas,21.5,19.144000000000002
37,2017-01-01,Arkansas,23.8,18.13866667
38,2018-01-01,Arkansas,24.1,17.75866667
39,2019-01-01,Arkansas,21.5,18.23866667
40,2010-01-01,California,12.9,17.98965517
41,2011-01-01,California,12.9,17.8
42,2012-01-01,California,12.3,17.42668294
43,2013-01-01,California,12.7,16.24436831
44,2014-01-01,California,13.6,14.95268208
45,2015-01-01,California,13.2,14.66206897
46,2016-01-01,California,14.9,13.76724138
47,2017-01-01,California,14.1,13.06551724
48,2018-01-01,California,13.3,12.38965517
49,2019-01-01,California,11.0,11.91034483
50,2010-01-01,Colorado,12.1,14.1265625
51,2011-01-01,Colorado,12.1,14.2578125
52,2012-01-01,Colorado,12.5,15.5429296
53,2013-01-01,Colorado,13.5,14.56805888
54,2014-01-01,Colorado,10.2,13.91474816
55,2015-01-01,Colorado,8.9,12.8109375
56,2016-01-01,Colorado,12.6,11.8625
57,2017-01-01,Colorado,12.6,11.0625
58,2018-01-01,Colorado,9.6,10.5609375
59,2019-01-01,Colorado,8.6,11.0390625
60,2010-01-01,Connecticut,2.9,11.7125
61,2011-01-01,Connecticut,2.9,12.05
62,2012-01-01,Connecticut,6.6,14.53203821
63,2013-01-01,Connecticut,6.0,13.88333774
64,2014-01-01,Connecticut,7.6,13.58006496
65,2015-01-01,Connecticut,6.9,11.975
66,2016-01-01,Connecticut,8.8,11.25
67,2017-01-01,Connecticut,8.1,10.725
68,2018-01-01,Connecticut,8.2,10.475
69,2019-01-01,Connecticut,8.3,10.7625
70,2010-01-01,Delaware,10.0,12.36666667
71,2011-01-01,Delaware,10.0,12.0
72,2012-01-01,Delaware,6.6,13.23066578
73,2013-01-01,Delaware,12.4,13.03031757
74,2014-01-01,Delaware,11.4,13.21200455
75,2015-01-01,Delaware,10.3,11.9
76,2016-01-01,Delaware,8.6,11.63333333
77,2017-01-01,Delaware,11.5,11.46666667
78,2018-01-01,Delaware,12.3,11.46666667
79,2019-01-01,Delaware,11.8,11.36666667
80,2010-01-01,District of Columbia,18.0,15.8
81,2011-01-01,District of Columbia,18.0,16.45950967
82,2012-01-01,District of Columbia,14.9,15.71531207
83,2013-01-01,District of Columbia,12.8,14.47677848
84,2014-01-01,District of Columbia,20.4,14.99576919
85,2015-01-01,District of Columbia,21.1,13.5
86,2016-01-01,District of Columbia,21.5,12.7
87,2017-01-01,District of Columbia,19.3,11.9
88,2018-01-01,District of Columbia,18.1,11.4
89,2019-01-01,District of Columbia,20.9,10.7
90,2010-01-01,Florida,12.5,17.60597015
91,2011-01-01,Florida,12.5,17.788059699999998
92,2012-01-01,Florida,12.4,18.674548899999998
93,2013-01-01,Florida,11.4,17.85017659
94,2014-01-01,Florida,13.4,16.95685439
95,2015-01-01,Florida,15.1,16.49104478
96,2016-01-01,Florida,14.7,16.22686567
97,2017-01-01,Florida,15.2,15.50746269
98,2018-01-01,Florida,16.6,14.64179104
99,2019-01-01,Florida,16.7,13.94477612
100,2010-01-01,Georgia,15.0,19.80125786
101,2011-01-01,Georgia,15.0,19.51698113
102,2012-01-01,Georgia,14.6,20.02341264
103,2013-01-01,Georgia,14.6,18.89718139
104,2014-01-01,Georgia,17.7,18.73257322
105,2015-01-01,Georgia,16.9,17.93962264
106,2016-01-01,Georgia,18.8,16.99308176
107,2017-01-01,Georgia,19.6,16.44779874
108,2018-01-01,Georgia,16.3,15.71069182
109,2019-01-01,Georgia,13.9,14.84779874
110,2010-01-01,Hawaii,11.3,14.025
111,2011-01-01,Hawaii,11.3,13.675
112,2012-01-01,Hawaii,8.8,14.55473847
113,2013-01-01,Hawaii,10.7,14.16922775
114,2014-01-01,Hawaii,10.7,13.81285905
115,2015-01-01,Hawaii,9.3,13.275
116,2016-01-01,Hawaii,12.9,12.35
117,2017-01-01,Hawaii,13.2,11.425
118,2018-01-01,Hawaii,11.3,10.575
119,2019-01-01,Hawaii,8.5,10.85
120,2010-01-01,Idaho,12.4,16.18409091
121,2011-01-01,Idaho,12.4,16.52272727
122,2012-01-01,Idaho,15.1,17.30174103
123,2013-01-01,Idaho,18.5,15.79592512
124,2014-01-01,Idaho,16.0,15.55886104
125,2015-01-01,Idaho,17.3,14.54772727
126,2016-01-01,Idaho,17.7,13.64090909
127,2017-01-01,Idaho,15.6,13.21136364
128,2018-01-01,Idaho,17.7,12.54318182
129,2019-01-01,Idaho,14.7,11.57727273
130,2010-01-01,Illinois,12.7,14.56176471
131,2011-01-01,Illinois,12.7,13.55686275
132,2012-01-01,Illinois,14.4,15.21027745
133,2013-01-01,Illinois,13.3,14.24290237
134,2014-01-01,Illinois,15.6,13.62491544
135,2015-01-01,Illinois,15.0,12.31666667
136,2016-01-01,Illinois,14.3,11.93627451
137,2017-01-01,Illinois,13.4,11.57941176
138,2018-01-01,Illinois,12.1,11.03823529
139,2019-01-01,Illinois,12.3,10.91862745
140,2010-01-01,Indiana,13.7,16.0423913
141,2011-01-01,Indiana,13.7,14.6076087
142,2012-01-01,Indiana,11.1,16.32657258
143,2013-01-01,Indiana,12.7,15.658523800000001
144,2014-01-01,Indiana,12.0,15.41599616
145,2015-01-01,Indiana,12.9,13.50652174
146,2016-01-01,Indiana,16.1,12.85
147,2017-01-01,Indiana,12.6,12.47065217
148,2018-01-01,Indiana,12.6,11.87065217
149,2019-01-01,Indiana,11.8,12.58695652
150,2010-01-01,Iowa,10.3,12.96060606
151,2011-01-01,Iowa,10.3,12.56363636
152,2012-01-01,Iowa,14.5,12.91900981
153,2013-01-01,Iowa,12.9,12.67750227
154,2014-01-01,Iowa,17.9,12.59539169
155,2015-01-01,Iowa,14.6,11.92020202
156,2016-01-01,Iowa,16.7,11.32929293
157,2017-01-01,Iowa,13.4,11.02323232
158,2018-01-01,Iowa,13.1,10.61414141
159,2019-01-01,Iowa,10.8,9.0
160,2010-01-01,Kansas,10.8,13.35142857
161,2011-01-01,Kansas,10.8,12.9952381
162,2012-01-01,Kansas,9.2,15.08965819
163,2013-01-01,Kansas,11.1,14.79085417
164,2014-01-01,Kansas,13.8,14.48984902
165,2015-01-01,Kansas,10.7,12.84666667
166,2016-01-01,Kansas,13.6,12.2352381
167,2017-01-01,Kansas,10.4,12.10952381
168,2018-01-01,Kansas,11.7,11.83619048
169,2019-01-01,Kansas,9.4,12.29333333
170,2010-01-01,Kentucky,16.1,18.34166667
171,2011-01-01,Kentucky,16.1,17.40916667
172,2012-01-01,Kentucky,17.3,17.15332877
173,2013-01-01,Kentucky,17.7,16.67604553
174,2014-01-01,Kentucky,19.4,16.43416426
175,2015-01-01,Kentucky,19.1,16.2475
176,2016-01-01,Kentucky,17.9,15.71083333
177,2017-01-01,Kentucky,16.2,15.70916667
178,2018-01-01,Kentucky,19.3,15.42916667
179,2019-01-01,Kentucky,19.3,16.3625
180,2010-01-01,Louisiana,23.3,16.0453125
181,2011-01-01,Louisiana,23.3,16.1828125
182,2012-01-01,Louisiana,25.1,17.14706276
183,2013-01-01,Louisiana,22.0,16.91043229
184,2014-01-01,Louisiana,18.1,16.81234556
185,2015-01-01,Louisiana,20.6,17.103125
186,2016-01-01,Louisiana,21.5,17.2578125
187,2017-01-01,Louisiana,22.7,17.009375
188,2018-01-01,Louisiana,22.0,16.5578125
189,2019-01-01,Louisiana,20.3,16.5359375
190,2010-01-01,Maine,10.4,16.10625
191,2011-01-01,Maine,10.4,15.35
192,2012-01-01,Maine,11.7,15.70711375
193,2013-01-01,Maine,10.2,15.49813721
194,2014-01-01,Maine,11.9,15.51529697
195,2015-01-01,Maine,13.0,15.3875
196,2016-01-01,Maine,12.4,14.74375
197,2017-01-01,Maine,13.7,14.11875
198,2018-01-01,Maine,16.0,13.3875
199,2019-01-01,Maine,14.6,13.51875
200,2010-01-01,Maryland,9.0,11.73913043
201,2011-01-01,Maryland,9.0,11.22608696
202,2012-01-01,Maryland,9.2,13.40359066
203,2013-01-01,Maryland,9.2,13.13946337
204,2014-01-01,Maryland,8.7,12.775405000000001
205,2015-01-01,Maryland,8.7,11.4826087
206,2016-01-01,Maryland,8.7,11.03478261
207,2017-01-01,Maryland,12.3,10.34347826
208,2018-01-01,Maryland,10.7,10.13913043
209,2019-01-01,Maryland,9.5,11.09130435
210,2010-01-01,Massachusetts,8.8,11.07142857
211,2011-01-01,Massachusetts,8.8,10.91428571
212,2012-01-01,Massachusetts,8.2,12.29473357
213,2013-01-01,Massachusetts,9.2,11.88358242
214,2014-01-01,Massachusetts,9.2,11.46825316
215,2015-01-01,Massachusetts,8.9,10.70714286
216,2016-01-01,Massachusetts,7.7,10.22857143
217,2017-01-01,Massachusetts,10.3,9.257142857
218,2018-01-01,Massachusetts,8.9,9.021428571
219,2019-01-01,Massachusetts,9.5,8.478571429
220,2010-01-01,Michigan,13.2,18.11927711
221,2011-01-01,Michigan,13.2,16.1
222,2012-01-01,Michigan,12.2,17.91977005
223,2013-01-01,Michigan,13.9,16.79641337
224,2014-01-01,Michigan,14.5,16.40533561
225,2015-01-01,Michigan,16.7,14.08313253
226,2016-01-01,Michigan,16.8,13.17228916
227,2017-01-01,Michigan,16.2,12.86024096
228,2018-01-01,Michigan,13.0,12.88795181
229,2019-01-01,Michigan,12.9,13.66024096
230,2010-01-01,Minnesota,11.2,11.77816092
231,2011-01-01,Minnesota,11.2,10.49195402
232,2012-01-01,Minnesota,11.3,11.37391599
233,2013-01-01,Minnesota,12.5,10.74651538
234,2014-01-01,Minnesota,12.6,10.56678683
235,2015-01-01,Minnesota,9.1,9.834482759
236,2016-01-01,Minnesota,12.1,9.564367816
237,2017-01-01,Minnesota,13.3,9.281609195
238,2018-01-01,Minnesota,10.9,9.163218391000001
239,2019-01-01,Minnesota,8.7,8.6
240,2010-01-01,Mississippi,22.0,22.31097561
241,2011-01-01,Mississippi,22.0,22.56463415
242,2012-01-01,Mississippi,25.0,21.4355356
243,2013-01-01,Mississippi,26.6,22.30507557
244,2014-01-01,Mississippi,25.1,22.72494013
245,2015-01-01,Mississippi,25.1,22.86829268
246,2016-01-01,Mississippi,27.0,21.930487799999998
247,2017-01-01,Mississippi,22.9,21.20365854
248,2018-01-01,Mississippi,25.7,20.34512195
249,2019-01-01,Mississippi,24.3,19.31219512
250,2010-01-01,Missouri,12.6,17.21043478
251,2011-01-01,Missouri,12.6,16.2373913
252,2012-01-01,Missouri,14.0,17.12000357
253,2013-01-01,Missouri,14.4,17.12109024
254,2014-01-01,Missouri,13.7,17.04170845
255,2015-01-01,Missouri,14.5,15.95913043
256,2016-01-01,Missouri,16.7,15.26
257,2017-01-01,Missouri,14.6,14.71826087
258,2018-01-01,Missouri,13.2,14.06434783
259,2019-01-01,Missouri,13.0,14.19043478
260,2010-01-01,Montana,15.6,13.68928571
261,2011-01-01,Montana,15.6,14.19464286
262,2012-01-01,Montana,18.0,14.92888693
263,2013-01-01,Montana,16.5,14.58302865
264,2014-01-01,Montana,16.0,14.22822891
265,2015-01-01,Montana,13.8,13.19107143
266,2016-01-01,Montana,15.4,12.95892857
267,2017-01-01,Montana,17.0,12.65357143
268,2018-01-01,Montana,13.1,12.05
269,2019-01-01,Montana,13.2,10.86071429
270,2010-01-01,Nebraska,12.8,11.52043011
271,2011-01-01,Nebraska,12.8,11.4
272,2012-01-01,Nebraska,11.9,13.67927882
273,2013-01-01,Nebraska,13.6,13.37087886
274,2014-01-01,Nebraska,14.8,13.21690582
275,2015-01-01,Nebraska,13.3,12.03655914
276,2016-01-01,Nebraska,15.2,11.79892473
277,2017-01-01,Nebraska,13.6,11.40537634
278,2018-01-01,Nebraska,14.0,11.27849462
279,2019-01-01,Nebraska,13.0,12.017204300000001
280,2010-01-01,Nevada,10.8,14.85294118
281,2011-01-01,Nevada,10.8,15.79411765
282,2012-01-01,Nevada,10.4,17.35600858
283,2013-01-01,Nevada,8.1,16.82137031
284,2014-01-01,Nevada,14.4,15.81249086
285,2015-01-01,Nevada,10.5,13.45294118
286,2016-01-01,Nevada,9.7,12.85294118
287,2017-01-01,Nevada,7.8,12.13529412
288,2018-01-01,Nevada,10.5,11.34117647
289,2019-01-01,Nevada,8.3,12.37058824
290,2010-01-01,New Hampshire,7.7,10.45
291,2011-01-01,New Hampshire,7.7,9.96
292,2012-01-01,New Hampshire,4.8,10.61376398
293,2013-01-01,New Hampshire,3.7,10.925118
294,2014-01-01,New Hampshire,6.0,10.82013119
295,2015-01-01,New Hampshire,7.1,10.36
296,2016-01-01,New Hampshire,8.1,9.99
297,2017-01-01,New Hampshire,10.3,9.39
298,2018-01-01,New Hampshire,7.6,9.11
299,2019-01-01,New Hampshire,7.0,9.38
300,2010-01-01,New Jersey,8.2,12.76666667
301,2011-01-01,New Jersey,8.2,12.42380952
302,2012-01-01,New Jersey,8.3,13.95157437
303,2013-01-01,New Jersey,8.9,12.994284
304,2014-01-01,New Jersey,8.3,12.38013295
305,2015-01-01,New Jersey,10.1,11.2
306,2016-01-01,New Jersey,11.1,10.44761905
307,2017-01-01,New Jersey,12.2,10.01428571
308,2018-01-01,New Jersey,10.0,9.638095238
309,2019-01-01,New Jersey,9.0,8.757142857
310,2010-01-01,New Mexico,19.5,17.59393939
311,2011-01-01,New Mexico,19.5,17.56363636
312,2012-01-01,New Mexico,19.4,20.06412374
313,2013-01-01,New Mexico,21.3,18.56115784
314,2014-01-01,New Mexico,18.5,17.30792932
315,2015-01-01,New Mexico,19.5,16.05757576
316,2016-01-01,New Mexico,24.5,15.74242424
317,2017-01-01,New Mexico,22.4,15.9
318,2018-01-01,New Mexico,18.6,15.96363636
319,2019-01-01,New Mexico,20.6,15.48787879
320,2010-01-01,New York,12.6,12.8483871
321,2011-01-01,New York,12.6,12.32741935
322,2012-01-01,New York,14.3,14.65790457
323,2013-01-01,New York,13.2,14.09659278
324,2014-01-01,New York,15.8,13.94281356
325,2015-01-01,New York,16.0,11.91451613
326,2016-01-01,New York,16.0,11.71129032
327,2017-01-01,New York,14.8,11.02903226
328,2018-01-01,New York,14.4,10.90483871
329,2019-01-01,New York,13.8,10.88870968
330,2010-01-01,North Carolina,12.2,19.279
331,2011-01-01,North Carolina,12.2,18.585
332,2012-01-01,North Carolina,13.8,19.29631961
333,2013-01-01,North Carolina,14.3,18.59984026
334,2014-01-01,North Carolina,14.2,18.29741086
335,2015-01-01,North Carolina,14.6,17.096
336,2016-01-01,North Carolina,15.8,16.743
337,2017-01-01,North Carolina,20.3,15.947000000000001
338,2018-01-01,North Carolina,17.5,15.419
339,2019-01-01,North Carolina,15.0,15.147
340,2010-01-01,North Dakota,12.2,8.235849057000001
341,2011-01-01,North Dakota,12.2,7.683018868
342,2012-01-01,North Dakota,11.4,7.369153659
343,2013-01-01,North Dakota,13.5,7.73839812
344,2014-01-01,North Dakota,15.9,7.800739017000001
345,2015-01-01,North Dakota,15.4,7.279245283
346,2016-01-01,North Dakota,15.0,7.0018867920000005
347,2017-01-01,North Dakota,12.9,6.986792453
348,2018-01-01,North Dakota,14.2,6.473584906
349,2019-01-01,North Dakota,15.5,6.4660377360000005
350,2010-01-01,Ohio,10.6,17.58636364
351,2011-01-01,Ohio,10.6,16.41477273
352,2012-01-01,Ohio,12.7,17.79383906
353,2013-01-01,Ohio,12.8,17.17023014
354,2014-01-01,Ohio,12.8,16.86900344
355,2015-01-01,Ohio,13.5,14.575
356,2016-01-01,Ohio,13.4,14.09886364
357,2017-01-01,Ohio,12.8,13.69204545
358,2018-01-01,Ohio,12.7,13.45681818
359,2019-01-01,Ohio,9.8,13.62159091
360,2010-01-01,Oklahoma,14.7,17.34935065
361,2011-01-01,Oklahoma,14.7,16.53636364
362,2012-01-01,Oklahoma,17.0,17.244326
363,2013-01-01,Oklahoma,14.7,17.203957199999998
364,2014-01-01,Oklahoma,16.0,17.00112815
365,2015-01-01,Oklahoma,13.3,15.71948052
366,2016-01-01,Oklahoma,17.0,15.35454545
367,2017-01-01,Oklahoma,15.4,15.37012987
368,2018-01-01,Oklahoma,13.8,15.03116883
369,2019-01-01,Oklahoma,13.9,15.0012987
370,2010-01-01,Oregon,11.2,17.43611111
371,2011-01-01,Oregon,11.2,16.39166667
372,2012-01-01,Oregon,14.2,17.9254978
373,2013-01-01,Oregon,12.3,16.74636792
374,2014-01-01,Oregon,11.9,15.75139342
375,2015-01-01,Oregon,12.8,15.28888889
376,2016-01-01,Oregon,16.1,14.44722222
377,2017-01-01,Oregon,13.9,13.57777778
378,2018-01-01,Oregon,12.3,12.95555556
379,2019-01-01,Oregon,11.5,13.13333333
380,2010-01-01,Pennsylvania,10.4,13.84925373
381,2011-01-01,Pennsylvania,10.4,13.22537313
382,2012-01-01,Pennsylvania,10.6,14.86751117
383,2013-01-01,Pennsylvania,10.1,14.32776936
384,2014-01-01,Pennsylvania,10.5,14.15913713
385,2015-01-01,Pennsylvania,15.6,12.36865672
386,2016-01-01,Pennsylvania,15.4,12.05373134
387,2017-01-01,Pennsylvania,13.5,11.98358209
388,2018-01-01,Pennsylvania,11.6,11.48358209
389,2019-01-01,Pennsylvania,9.8,10.85223881
390,2010-01-01,Rhode Island,6.7,13.88
391,2011-01-01,Rhode Island,6.7,13.92
392,2012-01-01,Rhode Island,8.1,15.31909955
393,2013-01-01,Rhode Island,9.1,14.65687637
394,2014-01-01,Rhode Island,9.0,14.44017229
395,2015-01-01,Rhode Island,12.8,12.46
396,2016-01-01,Rhode Island,14.5,11.64
397,2017-01-01,Rhode Island,13.3,11.16
398,2018-01-01,Rhode Island,11.7,10.42
399,2019-01-01,Rhode Island,10.7,9.22
400,2010-01-01,South Carolina,17.0,21.36086957
401,2011-01-01,South Carolina,17.0,20.40434783
402,2012-01-01,South Carolina,15.6,18.59729058
403,2013-01-01,South Carolina,17.3,17.96443187
404,2014-01-01,South Carolina,15.2,17.05942336
405,2015-01-01,South Carolina,17.2,17.77391304
406,2016-01-01,South Carolina,20.8,17.16521739
407,2017-01-01,South Carolina,21.2,16.08695652
408,2018-01-01,South Carolina,18.4,15.37826087
409,2019-01-01,South Carolina,16.8,12.83695652
410,2010-01-01,South Dakota,13.2,12.23846154
411,2011-01-01,South Dakota,13.2,12.09692308
412,2012-01-01,South Dakota,15.2,12.52059868
413,2013-01-01,South Dakota,17.0,12.3428939
414,2014-01-01,South Dakota,17.3,12.44204778
415,2015-01-01,South Dakota,14.5,12.56307692
416,2016-01-01,South Dakota,18.4,12.34769231
417,2017-01-01,South Dakota,16.8,11.75538462
418,2018-01-01,South Dakota,19.5,12.00461538
419,2019-01-01,South Dakota,18.8,11.34307692
420,2010-01-01,Tennessee,18.4,18.92526316
421,2011-01-01,Tennessee,18.4,16.75473684
422,2012-01-01,Tennessee,16.9,17.60312136
423,2013-01-01,Tennessee,18.3,17.06565258
424,2014-01-01,Tennessee,18.1,17.05393707
425,2015-01-01,Tennessee,17.4,15.54947368
426,2016-01-01,Tennessee,20.0,14.89894737
427,2017-01-01,Tennessee,23.6,14.09368421
428,2018-01-01,Tennessee,20.9,13.32736842
429,2019-01-01,Tennessee,19.6,14.42421053
430,2010-01-01,Texas,17.1,17.92165354
431,2011-01-01,Texas,17.1,17.42125984
432,2012-01-01,Texas,17.6,18.74515987
433,2013-01-01,Texas,17.3,18.31924791
434,2014-01-01,Texas,15.9,17.59398081
435,2015-01-01,Texas,15.7,15.66299213
436,2016-01-01,Texas,16.0,15.03385827
437,2017-01-01,Texas,16.2,14.86141732
438,2018-01-01,Texas,15.4,14.47007874
439,2019-01-01,Texas,15.7,15.30433071
440,2010-01-01,Utah,8.2,15.94482759
441,2011-01-01,Utah,8.2,16.27586207
442,2012-01-01,Utah,10.2,16.74876882
443,2013-01-01,Utah,12.6,15.5441467
444,2014-01-01,Utah,10.9,14.596300699999999
445,2015-01-01,Utah,11.1,14.47931034
446,2016-01-01,Utah,13.5,14.28965517
447,2017-01-01,Utah,14.5,13.95862069
448,2018-01-01,Utah,12.2,13.413793099999998
449,2019-01-01,Utah,10.0,12.55517241
450,2010-01-01,Vermont,8.0,13.77857143
451,2011-01-01,Vermont,8.0,12.86428571
452,2012-01-01,Vermont,9.3,13.05012044
453,2013-01-01,Vermont,11.0,13.35919017
454,2014-01-01,Vermont,9.2,13.5662193
455,2015-01-01,Vermont,12.6,12.81428571
456,2016-01-01,Vermont,15.6,12.25
457,2017-01-01,Vermont,12.9,11.68571429
458,2018-01-01,Vermont,12.3,11.5
459,2019-01-01,Vermont,12.0,10.85714286
460,2010-01-01,Virginia,10.9,14.051879699999999
461,2011-01-01,Virginia,10.9,13.42556391
462,2012-01-01,Virginia,9.9,12.68099564
463,2013-01-01,Virginia,9.7,12.13713831
464,2014-01-01,Virginia,10.0,11.89590583
465,2015-01-01,Virginia,10.0,12.93458647
466,2016-01-01,Virginia,11.3,12.48796992
467,2017-01-01,Virginia,12.5,12.03458647
468,2018-01-01,Virginia,12.6,11.74285714
469,2019-01-01,Virginia,12.4,11.1112782
470,2010-01-01,Washington,9.6,16.06666667
471,2011-01-01,Washington,9.6,15.67948718
472,2012-01-01,Washington,10.0,16.12714307
473,2013-01-01,Washington,12.9,14.95517189
474,2014-01-01,Washington,12.0,14.60107186
475,2015-01-01,Washington,11.3,14.15897436
476,2016-01-01,Washington,10.8,13.31538462
477,2017-01-01,Washington,12.9,13.06153846
478,2018-01-01,Washington,11.3,12.42307692
479,2019-01-01,Washington,12.7,12.85384615
480,2010-01-01,West Virginia,15.7,15.02545455
481,2011-01-01,West Virginia,15.7,15.51272727
482,2012-01-01,West Virginia,21.6,15.26924097
483,2013-01-01,West Virginia,22.4,14.99827801
484,2014-01-01,West Virginia,22.3,15.77411255
485,2015-01-01,West Virginia,20.4,15.22727273
486,2016-01-01,West Virginia,22.1,14.89818182
487,2017-01-01,West Virginia,24.8,14.0
488,2018-01-01,West Virginia,19.9,13.80363636
489,2019-01-01,West Virginia,15.2,14.08545455
490,2010-01-01,Wisconsin,8.4,13.35
491,2011-01-01,Wisconsin,8.4,12.48472222
492,2012-01-01,Wisconsin,9.0,13.03291959
493,2013-01-01,Wisconsin,10.7,12.64966214
494,2014-01-01,Wisconsin,11.6,12.43314789
495,2015-01-01,Wisconsin,15.5,11.41388889
496,2016-01-01,Wisconsin,10.7,10.86527778
497,2017-01-01,Wisconsin,9.5,10.23333333
498,2018-01-01,Wisconsin,8.1,9.6125
499,2019-01-01,Wisconsin,8.5,8.95
500,2010-01-01,Wyoming,10.9,11.9173913
501,2011-01-01,Wyoming,10.9,12.13478261
502,2012-01-01,Wyoming,10.8,11.989622599999999
503,2013-01-01,Wyoming,14.6,13.004586999999999
504,2014-01-01,Wyoming,12.0,12.78108256
505,2015-01-01,Wyoming,10.9,12.43043478
506,2016-01-01,Wyoming,12.6,12.03478261
507,2017-01-01,Wyoming,12.0,12.43478261
508,2018-01-01,Wyoming,8.9,11.78695652
509,2019-01-01,Wyoming,10.4,12.25652174
3,2020-01-01,Alabama,18.55780620273232,21.571657685949653
4,2021-01-01,Alabama,18.60213190027615,21.542152914086472
5,2022-01-01,Alabama,18.61564225331765,21.512905612604925
6,2023-01-01,Alabama,18.621563513692948,21.505473741645922
7,2024-01-01,Alabama,18.623679071223762,21.501822237053467
8,2025-01-01,Alabama,18.62452362058489,21.500590546399096
12,2020-01-01,Alaska,14.782286773578933,10.830766941537004
13,2021-01-01,Alaska,14.766336008793129,10.698717189678607
14,2022-01-01,Alaska,14.812586188626785,10.687966403020596
15,2023-01-01,Alaska,14.827270152732341,10.757255126306571
16,2024-01-01,Alaska,14.804451851141936,10.7722137995171
17,2025-01-01,Alaska,14.793557973511792,10.737094183906972
21,2020-01-01,Arizona,15.762743778362756,15.701638517846591
22,2021-01-01,Arizona,15.5986800397004,15.873466258100645
23,2022-01-01,Arizona,15.455807183484554,15.938481130415987
24,2023-01-01,Arizona,15.339283653252503,16.014216310239917
25,2024-01-01,Arizona,15.242130923063339,16.070853065397838
26,2025-01-01,Arizona,15.16173606493566,16.11954495448428
30,2020-01-01,Arkansas,11.628160141585253,52.515679340178224
31,2021-01-01,Arkansas,-1.0710978665471202,103.8552758641739
32,2022-01-01,Arkansas,-34.237336425875796,237.51150550832472
33,2023-01-01,Arkansas,-120.76491817236949,586.0751574906775
34,2024-01-01,Arkansas,-346.47862210176976,1495.2881746632247
35,2025-01-01,Arkansas,-935.2608670628181,3866.989792856418
39,2020-01-01,California,11.238457124322098,15.09932678855154
40,2021-01-01,California,10.332234319916575,15.491035105525164
41,2022-01-01,California,9.41136006308651,15.861926171994597
42,2023-01-01,California,8.460662457489237,16.251751850646222
43,2024-01-01,California,7.48298388830464,16.650903311752813
44,2025-01-01,California,6.476602832280337,17.06221076845671
48,2020-01-01,Colorado,10.03578304346442,12.263239729962333
49,2021-01-01,Colorado,9.45669345136562,12.333349517006171
50,2022-01-01,Colorado,8.854283321489449,12.416052208969667
51,2023-01-01,Colorado,8.228894913855223,12.503511120925213
52,2024-01-01,Colorado,7.579861820488247,12.594539786830925
53,2025-01-01,Colorado,6.906324593124738,12.6890484607691
57,2020-01-01,Connecticut,9.665607966641135,8.470795865192471
58,2021-01-01,Connecticut,9.2094926861391,8.662120072908515
59,2022-01-01,Connecticut,8.785250160344638,8.846209700503739
60,2023-01-01,Connecticut,8.3880325724646,9.02107229298465
61,2024-01-01,Connecticut,8.015050586805385,9.186277776011721
62,2025-01-01,Connecticut,7.664393282520594,9.342003358299365
66,2020-01-01,District of Columbia,10.611610344125808,23.768840722738613
67,2021-01-01,District of Columbia,9.699934163391276,25.146048443387347
68,2022-01-01,District of Columbia,8.69204242691264,26.656749408373127
69,2023-01-01,District of Columbia,7.579344894050026,28.3252665998636
70,2024-01-01,District of Columbia,6.350847553913148,30.167383941181683
71,2025-01-01,District of Columbia,4.994504848885306,32.20120663446023
75,2020-01-01,Delaware,12.007742666951906,9.777971011543821
76,2021-01-01,Delaware,12.10071767881559,9.410391042357034
77,2022-01-01,Delaware,12.155447083363168,9.697508968218202
78,2023-01-01,Delaware,12.180975559509537,9.674796557460002
79,2024-01-01,Delaware,12.194963886433051,9.723848173412275
80,2025-01-01,Delaware,12.201811938649051,9.727308800205947
84,2020-01-01,Florida,14.75821713247955,16.93605603335768
85,2021-01-01,Florida,14.35782796196834,17.650024151393296
86,2022-01-01,Florida,13.939094788779295,18.240135528148784
87,2023-01-01,Florida,13.504630856202391,18.906398716196968
88,2024-01-01,Florida,13.05265440635125,19.58075721253048
89,2025-01-01,Florida,12.582873375142617,20.288183237942
93,2020-01-01,Georgia,14.76665861483399,22.25575883835411
94,2021-01-01,Georgia,13.759666372614603,23.913235115219535
95,2022-01-01,Georgia,12.594458850897594,25.634120464351895
96,2023-01-01,Georgia,11.287243155034222,27.69956725679529
97,2024-01-01,Georgia,9.792607417969519,29.96596841329621
98,2025-01-01,Georgia,8.103519524443332,32.593148988946965
102,2020-01-01,Hawaii,8.718699956072728,16.04044274127501
103,2021-01-01,Hawaii,6.631241190505817,18.29789421619587
104,2022-01-01,Hawaii,3.829320123353673,21.352404463060655
105,2023-01-01,Hawaii,0.07417262721695828,25.4384952226041
106,2024-01-01,Hawaii,-4.96028448942568,30.918997615335414
107,2025-01-01,Hawaii,-11.70933164172035,38.265268060857224
111,2020-01-01,Idaho,14.084585357069109,13.04089824642592
112,2021-01-01,Idaho,14.757636767264467,12.941476438530989
113,2022-01-01,Idaho,15.268441596364818,13.456337240558677
114,2023-01-01,Idaho,15.505274025334657,14.254707700201267
115,2024-01-01,Idaho,15.472076982391783,15.011321198483502
116,2025-01-01,Idaho,15.254806024812087,15.504994280862066
120,2020-01-01,Illinois,12.428825371766644,14.14786068955057
121,2021-01-01,Illinois,12.414946010659786,14.163305847620201
122,2022-01-01,Illinois,12.397731454450751,14.166553261605872
123,2023-01-01,Illinois,12.385727378100963,14.167664914080419
124,2024-01-01,Illinois,12.378034006452381,14.168228780957701
125,2025-01-01,Illinois,12.373190650205952,14.1685629256635
129,2020-01-01,Indiana,12.394711083068467,13.884064197383555
130,2021-01-01,Indiana,12.33676394207962,14.748587503025192
131,2022-01-01,Indiana,12.378662729011634,14.267420485936217
132,2023-01-01,Indiana,12.363546927576557,14.526910074893522
133,2024-01-01,Indiana,12.378059497198295,14.380523847026552
134,2025-01-01,Indiana,12.374962249560863,14.457947315168887
138,2020-01-01,Iowa,10.711312763211353,15.528994307728567
139,2021-01-01,Iowa,10.481248686668689,15.72386125502142
140,2022-01-01,Iowa,10.259708539225816,15.908313424248657
141,2023-01-01,Iowa,10.046653754561277,16.08556016932034
142,2024-01-01,Iowa,9.841771529325682,16.256001719079016
143,2025-01-01,Iowa,9.644748910243532,16.419904588475628
147,2020-01-01,Kansas,13.419909875849665,11.259519158417422
148,2021-01-01,Kansas,13.44730564900015,11.307974283076597
149,2022-01-01,Kansas,13.44255486933172,11.309666789595006
150,2023-01-01,Kansas,13.439790818951142,11.307794527671891
151,2024-01-01,Kansas,13.439198050342402,11.307152019864883
152,2025-01-01,Kansas,13.439156575839984,11.307051917286646
156,2020-01-01,Kentucky,16.169316197090364,15.84024322820164
157,2021-01-01,Kentucky,16.29222129785456,15.868050998216884
158,2022-01-01,Kentucky,16.36128366648657,15.952225806873134
159,2023-01-01,Kentucky,16.391869153644315,16.054580649287225
160,2024-01-01,Kentucky,16.39760920465878,16.15217688811105
161,2025-01-01,Kentucky,16.389284721140562,16.233450015983276
165,2020-01-01,Louisiana,16.99757667377795,21.43154134215326
166,2021-01-01,Louisiana,17.01929282536051,21.303081097264915
167,2022-01-01,Louisiana,17.032892902610158,21.222663195913263
168,2023-01-01,Louisiana,17.041408636769944,21.172309458558825
169,2024-01-01,Louisiana,17.04674078283632,21.14078035411098
170,2025-01-01,Louisiana,17.05007951800942,21.12103833492328
174,2020-01-01,Maine,13.137745652453452,16.57559094905368
175,2021-01-01,Maine,12.46917115610862,18.316153104505226
176,2022-01-01,Maine,11.622524444758906,20.197085170727057
177,2023-01-01,Maine,10.632695405407848,22.526063872230885
178,2024-01-01,Maine,9.44237382322741,25.270193449854503
179,2025-01-01,Maine,8.02536183933407,28.56088643716376
183,2020-01-01,Maryland,11.812583715064523,1.646579559806895
184,2021-01-01,Maryland,-16.890850793980288,13.322846337601865
185,2022-01-01,Maryland,27.809779574979384,24.610673394553867
186,2023-01-01,Maryland,74.71694163707609,-8.108924703755136
187,2024-01-01,Maryland,-52.25380549088655,-19.548974285334722
188,2025-01-01,Maryland,-103.95710359167806,62.795314667530576
192,2020-01-01,Massachusetts,9.006318409499375,10.676658546919066
193,2021-01-01,Massachusetts,9.778935213152662,6.209945076644042
194,2022-01-01,Massachusetts,8.763083396169545,11.149911884969324
195,2023-01-01,Massachusetts,9.745402451798505,5.644496879369115
196,2024-01-01,Massachusetts,8.519595655893305,11.741043930407626
197,2025-01-01,Massachusetts,9.756293383237931,4.953928133443467
201,2020-01-01,Michigan,15.135734731224908,14.797706693784725
202,2021-01-01,Michigan,15.282172073126219,14.726272230608274
203,2022-01-01,Michigan,15.296071235766028,14.729961830605433
204,2023-01-01,Michigan,15.279588853104926,14.74677631676498
205,2024-01-01,Michigan,15.26310597963245,14.760158728766385
206,2025-01-01,Michigan,15.252458947432025,14.768143659691717
210,2020-01-01,Minnesota,9.58806548591915,12.115825664442182
211,2021-01-01,Minnesota,9.65688840442628,12.038762328283056
212,2022-01-01,Minnesota,9.697688045652496,12.02356000465027
213,2023-01-01,Minnesota,9.721593330078143,12.009255988818222
214,2024-01-01,Minnesota,9.73564974208244,12.001811862556073
215,2025-01-01,Minnesota,9.74390604405269,11.997266864330152
219,2020-01-01,Mississippi,22.08613938431154,24.376547287429396
220,2021-01-01,Mississippi,22.110864181960633,24.607397625513904
221,2022-01-01,Mississippi,22.11659849226744,24.677001746966106
222,2023-01-01,Mississippi,22.1180600970606,24.696939317230942
223,2024-01-01,Mississippi,22.118450644792347,24.702539970348738
224,2025-01-01,Mississippi,22.118557240662867,24.70410103531247
228,2020-01-01,Missouri,14.840673004362651,15.725081826472625
229,2021-01-01,Missouri,14.770844145419204,15.82053087866369
230,2022-01-01,Missouri,14.705506428110962,15.883248656121006
231,2023-01-01,Missouri,14.651010193114923,15.938726746949238
232,2024-01-01,Missouri,14.604765805428775,15.985381176337594
233,2025-01-01,Missouri,14.56562941000021,16.024920155758046
237,2020-01-01,Montana,11.714549646798998,17.796473848228658
238,2021-01-01,Montana,11.095556140150212,18.304571037637928
239,2022-01-01,Montana,10.350932633872826,18.91386410725849
240,2023-01-01,Montana,9.455435609808458,19.646006883720926
241,2024-01-01,Montana,8.378575113309598,20.526240172116093
242,2025-01-01,Montana,7.083644857027575,21.584665948246172
246,2020-01-01,Nebraska,12.43663686602849,13.312532190253773
247,2021-01-01,Nebraska,12.49187727977542,13.57221744140751
248,2022-01-01,Nebraska,12.399076084612197,13.645983227803132
249,2023-01-01,Nebraska,12.334733859967011,13.61112644422688
250,2024-01-01,Nebraska,12.327261050139578,13.571940577767737
251,2025-01-01,Nebraska,12.341566584152531,13.56125335842584
255,2020-01-01,Nevada,12.526331657706518,9.149008235387129
256,2021-01-01,Nevada,12.594321814538272,9.241256804146028
257,2022-01-01,Nevada,12.63856380997003,9.249145191710717
258,2023-01-01,Nevada,12.679258374366185,9.270374591644194
259,2024-01-01,Nevada,12.713499129682582,9.285587852644959
260,2025-01-01,Nevada,12.742914564592684,9.299206326033651
264,2020-01-01,New Hampshire,10.048982622542827,6.5991442178933255
265,2021-01-01,New Hampshire,10.455631741725883,5.702901859962601
266,2022-01-01,New Hampshire,10.551910716315296,5.830594702169627
267,2023-01-01,New Hampshire,10.453775370779903,6.328123731743332
268,2024-01-01,New Hampshire,10.330476449632538,6.683973284841464
269,2025-01-01,New Hampshire,10.271360791454956,6.760884204558458
273,2020-01-01,New Jersey,7.765087183840599,14.563075554893505
274,2021-01-01,New Jersey,6.428723064021536,16.166056232217386
275,2022-01-01,New Jersey,4.834993901023209,18.078197058857512
276,2023-01-01,New Jersey,2.9340238394862688,20.35894796733604
277,2024-01-01,New Jersey,0.6665927390112305,23.079372947834337
278,2025-01-01,New Jersey,-2.037944551503191,26.324230429665565
282,2020-01-01,New Mexico,16.361975847342304,21.73540706336751
283,2021-01-01,New Mexico,16.493010474572785,21.5954389819067
284,2022-01-01,New Mexico,16.582143353311256,21.500539392503327
285,2023-01-01,New Mexico,16.642755090051573,21.435991192258896
286,2024-01-01,New Mexico,16.683972908168244,21.392097186652812
287,2025-01-01,New Mexico,16.71200223024146,21.362247943590383
291,2020-01-01,New York,11.953382446468325,14.87010129083283
292,2021-01-01,New York,12.041485210605533,14.89505277018996
293,2022-01-01,New York,12.063909206395824,14.909905875830496
294,2023-01-01,New York,12.06464199428375,14.917909949230872
295,2024-01-01,New York,12.060266917604373,14.92190647953824
296,2025-01-01,New York,12.056090139115993,14.923769711397732
300,2020-01-01,North Carolina,10.204188613223636,30.69176796405145
301,2021-01-01,North Carolina,5.1817818198367505,41.05614424884449
302,2022-01-01,North Carolina,-2.6206806159332565,57.16051251685417
303,2023-01-01,North Carolina,-14.743444853134246,82.18192565418353
304,2024-01-01,North Carolina,-33.578655992864306,121.05784828704964
305,2025-01-01,North Carolina,-62.843037684276034,181.4596047431666
309,2020-01-01,North Dakota,7.379268864788633,13.237026265214396
310,2021-01-01,North Dakota,7.3853393777148995,13.408752820419341
311,2022-01-01,North Dakota,7.367685475178253,13.513040267852965
312,2023-01-01,North Dakota,7.349623829691787,13.56604914289695
313,2024-01-01,North Dakota,7.3373170159735315,13.588596820476265
314,2025-01-01,North Dakota,7.330491617325421,13.595950642663013
318,2020-01-01,Ohio,13.94439076798732,13.091764913107664
319,2021-01-01,Ohio,13.911646975725274,13.141684917633462
320,2022-01-01,Ohio,13.86457359142944,13.169383348347033
321,2023-01-01,Ohio,13.820652788296583,13.185789422756079
322,2024-01-01,Ohio,13.784760285888797,13.196082552812996
323,2025-01-01,Ohio,13.757107113125052,13.20283964509736
327,2020-01-01,Oklahoma,15.438410671829722,15.76981399825252
328,2021-01-01,Oklahoma,15.45855094129018,16.077808124509204
329,2022-01-01,Oklahoma,15.476894044004858,15.88365508871535
330,2023-01-01,Oklahoma,15.488596762129745,15.983031635271594
331,2024-01-01,Oklahoma,15.498416268666876,15.916528089170072
332,2025-01-01,Oklahoma,15.505075591533416,15.947945676032973
336,2020-01-01,Oregon,12.766479979917868,15.722440263788108
337,2021-01-01,Oregon,12.291062585608298,16.388342509618045
338,2022-01-01,Oregon,11.741838463453867,16.793742053539738
339,2023-01-01,Oregon,11.219446659808305,17.29614445326991
340,2024-01-01,Oregon,10.686592238060317,17.763066528767528
341,2025-01-01,Oregon,10.157095491056129,18.243603898679375
345,2020-01-01,Pennsylvania,12.911638602698236,12.968585273916494
346,2021-01-01,Pennsylvania,12.947846152303303,12.911546477296003
347,2022-01-01,Pennsylvania,12.964313355151706,12.881039064080465
348,2023-01-01,Pennsylvania,12.973768378619775,12.863982437448358
349,2024-01-01,Pennsylvania,12.97899920746688,12.854509460987112
350,2025-01-01,Pennsylvania,12.981908869204277,12.849243132019327
354,2020-01-01,Rhode Island,11.422252059494518,12.737762780816865
355,2021-01-01,Rhode Island,11.558106117138783,12.550984804924791
356,2022-01-01,Rhode Island,11.664214674317737,12.429801388297381
357,2023-01-01,Rhode Island,11.737492330934618,12.360730369713316
358,2024-01-01,Rhode Island,11.782416923787146,12.328168452421838
359,2025-01-01,Rhode Island,11.806157005071313,12.318337836609839
363,2020-01-01,South Carolina,14.234876346577602,22.74223720751803
364,2021-01-01,South Carolina,13.408205873799185,23.825226615194477
365,2022-01-01,South Carolina,12.560160086859689,24.98919761367605
366,2023-01-01,South Carolina,11.676659714114745,26.218147192338208
367,2024-01-01,South Carolina,10.752056673244496,27.50921855996215
368,2025-01-01,South Carolina,9.783175446876527,28.863611608425867
372,2020-01-01,South Dakota,12.359423796502355,13.949287730713515
373,2021-01-01,South Dakota,12.368073059484031,15.854584965094041
374,2022-01-01,South Dakota,12.282009216053936,16.11230963618535
375,2023-01-01,South Dakota,12.2468837162259,15.614801977387181
376,2024-01-01,South Dakota,12.260508547279107,15.34692494065731
377,2025-01-01,South Dakota,12.27660402795977,15.401260655940398
381,2020-01-01,Tennessee,11.77928346227983,29.743975427315107
382,2021-01-01,Tennessee,10.12247852445496,34.017643291839306
383,2022-01-01,Tennessee,8.031004191332546,39.400272814181534
384,2023-01-01,Tennessee,5.393737607559582,46.18398831498585
385,2024-01-01,Tennessee,2.0690972199729867,54.7347626599307
386,2025-01-01,Tennessee,-2.1218257922623227,65.513260312056
390,2020-01-01,Texas,16.589203767461655,17.03647642428957
391,2021-01-01,Texas,17.30307956383961,17.114677737386735
392,2022-01-01,Texas,17.554511288316107,16.998133320091778
393,2023-01-01,Texas,17.402893199281237,16.80358391688337
394,2024-01-01,Texas,17.052889999593255,16.63876988983389
395,2025-01-01,Texas,16.71880338778741,16.56117354749767
399,2020-01-01,Utah,12.765888120686231,14.771476305156419
400,2021-01-01,Utah,12.533264640166227,14.966370618232745
401,2022-01-01,Utah,12.363324694451912,15.144200072524606
402,2023-01-01,Utah,12.226723787927806,15.299945047271091
403,2024-01-01,Utah,12.11242422878394,15.434464889745886
404,2025-01-01,Utah,12.015309161804323,15.550084905953172
408,2020-01-01,Vermont,12.206673885736345,13.159695184092843
409,2021-01-01,Vermont,12.229159063807074,13.094465659875212
410,2022-01-01,Vermont,12.243365553602054,13.048001097015874
411,2023-01-01,Vermont,12.25307501092399,13.015837426491409
412,2024-01-01,Vermont,12.259767864624884,12.993637383472013
413,2025-01-01,Vermont,12.264385415190485,12.978318996662605
417,2020-01-01,Virginia,12.020412922212532,14.877339128255713
418,2021-01-01,Virginia,11.939338164226045,16.531127122961955
419,2022-01-01,Virginia,11.822823100501562,18.62502460237495
420,2023-01-01,Virginia,11.668928317719311,21.281832036346557
421,2024-01-01,Virginia,11.470877701104147,24.655358727032205
422,2025-01-01,Virginia,11.21818609271784,28.940033088502023
426,2020-01-01,Washington,12.204445132149505,12.550278920987854
427,2021-01-01,Washington,11.83695969023243,12.704040320454773
428,2022-01-01,Washington,11.483731530907674,12.867449491229603
429,2023-01-01,Washington,11.142769486457427,13.0279467499942
430,2024-01-01,Washington,10.81339316270154,13.18347714188893
431,2025-01-01,Washington,10.4951640513251,13.333829553368616
435,2020-01-01,West Virginia,14.478972931029329,24.9811011471918
436,2021-01-01,West Virginia,14.53134468049627,24.82397382617841
437,2022-01-01,West Virginia,14.560066272063818,24.691292319023137
438,2023-01-01,West Virginia,14.578379549550256,24.59126584227606
439,2024-01-01,West Virginia,14.590906084587571,24.518445198620157
440,2025-01-01,West Virginia,14.599716830032099,24.466055165954717
444,2020-01-01,Wisconsin,10.273387468624918,7.012447024160835
445,2021-01-01,Wisconsin,10.448305511084724,6.545312605330322
446,2022-01-01,Wisconsin,10.644008108930285,6.449297976979063
447,2023-01-01,Wisconsin,10.822335109600912,6.5936418363362534
448,2024-01-01,Wisconsin,10.962750496137383,6.861983216348987
449,2025-01-01,Wisconsin,11.05858273101582,7.164560977921097
453,2020-01-01,Wyoming,12.400893018076792,11.91858832805633
454,2021-01-01,Wyoming,12.404751215992562,11.926094185371731
455,2022-01-01,Wyoming,12.40524491035455,11.923778613529183
456,2023-01-01,Wyoming,12.404790088104804,11.923371325233006
457,2024-01-01,Wyoming,12.4048073959559,11.923660474021162
458,2025-01-01,Wyoming,12.404850006075701,11.92365874169132
